custnmbr,addrcode,custname,name_clean,sStreet1,sStreet2,sCity,sProvState,sCountry,sPostalZip,city_clean,state_clean,country_clean,zip_clean
1DF2EEB,3B7A250,110/140 Coxommepa Road Taguomex Inc.,110 140 COXOMMEPA ROAD TAGUOMEX,200-1737 Woodward Drive,,Ottawa,ON,,K2C0P9,OTTAWA,ON,,K2C0P9
4F516A9,F4C4582,110 CVPW LP,110 CVPW,100 Commerce Valley Drive W.,,Markham,ON,,L3T0A1,MARKHAM,ON,,L3T0A1
1954396,B105B22,1106832 Ontario Ltd.,1106832 ONTARIO,"277 Lakeshore Road E, Suite 200",,Oakville,ON,,L6J1H9,OAKVILLE,ON,,L6J1H9
D3B6C32,A235B1D,1111429 Ontario Inc.,1111429 ONTARIO,100 - 2600 Finch Avenue West,,North York,ON,Canada,M9M2G4,NORTH YORK,ON,CA,M9M2G4
3DDE93F,AB0C85B,1132 International Monumaa Inc.,1132 INTERNATIONAL MONUMAA,2275 Upper Middle Road East Suite 700,,Oakville, ON,,L6H0C3,OAKVILLE,ON,,L6H0C3
4FEA047,75EEB4B,12 Bxoot Inc. c/o Ttuovazt,12 BXOOT C O TTUOVAZT,40 University Ave,,Toronto,ON,,M5J1T1,TORONTO,ON,,M5J1T1
77C05BE,DA9D542,1213773 Ontario Inc. & CXEC,1213773 ONTARIO CXEC,1000-33 Yonge Street,,Toronto,ON,,M5E1G4,TORONTO,ON,,M5E1G4
D25E728,B2928D3,1221894 Ontario Inc.,1221894 ONTARIO,6 Dalecroft Cres.,,Nepean,ON,,K2G5H9,NEPEAN,ON,,K2G5H9
178E7FA,B7D1274,13995301 Canada Inc./ Vuzuomety Apucetuom Services,13995301 CANADA VUZUOMETY APUCETUOM SERVICES,"60 Columbia Way, Suite 116",,Markham,ON,,L3R0C9,MARKHAM,ON,,L3R0C9
ED5AD79,6E1C666,143 Kumg Street Aezt Inc.,143 KUMG STREET AEZT,"2 Carlton Street, Suite #909",,Toronto,ON,,M5B1J3,TORONTO,ON,,M5B1J3
ECFB644,4CEC3E8,"146 Petxumgtom Btuveta, Componumuun Management Group",146 PETXUMGTOM BTUVETA COMPONUMUUN MANAGEMENT GROUP,434 Queen Street,,Ottawa,ON,,K1R7V7,OTTAWA,ON,,K1R7V7
C9B0260,8759AFE,1517 Yomga Street Inc Ontario Region -,1517 YOMGA STREET ONTARIO REGION,NXS #: 1259946 - 75130,700-22 St Clair Ave E,Toronto,ON,,M4T2S5,TORONTO,ON,,M4T2S5
59B13C7,E39AF75,1531 Yomga Haeth Limited Ontario Region,1531 YOMGA HAETH ONTARIO REGION,NXS #: 1259946 - 75140,700-22 St Clair Ave E,Toronto,ON,,M4T2S5,TORONTO,ON,,M4T2S5
E295388,4D9F3A1,1641979 Ontario Inc. o/e,1641979 ONTARIO O E,78 Stormwood Crt,,Brampton,ON,,L6W4J2,BRAMPTON,ON,,L6W4J2
9DC114E,A235B1D,1650 Xewtamca Avenue Wazt,1650 XEWTAMCA AVENUE WAZT,100 - 2600 Finch Avenue West,,North York,ON,Canada,M9M2G4,NORTH YORK,ON,CA,M9M2G4
FF6858C,6545693,180 Toahenbtom Inc.,180 TOAHENBTOM,"3397 American Drive, Unit 21",,Mississauga,ON,,L4V1T8,MISSISSAUGA,ON,,L4V1T8
E030360,0A835FD,185-211 Waztctaak Bxvp Holdings UXC,185 211 WAZTCTAAK BXVP HOLDINGS UXC,"121 King Street West, Suite 2100",PO BOX 112,Toronto,ON,,M5H3T9,TORONTO,ON,,M5H3T9
559B184,5261470,2011 & 2015 Zhabbetp Ave. Aezt LP c/o Teyxot+,2011 2015 ZHABBETP AVE AEZT C O TEYXOT,"2001 Sheppard Ave. E., Suite 204",,Toronto,ON,,M2J4Z8,TORONTO,ON,,M2J4Z8
9781673,D4748BF,2023021 Ontario Limited,2023021 ONTARIO,211-1595 Bedford Highway,,Bedford,NS,,B4A3Y4,BEDFORD,NS,,B4A3Y4
6B4085B,C4D73A6,209 Fout Valley Limited Bettmatzhub,209 FOUT VALLEY BETTMATZHUB,168-555 West 12th Ave,,Vancouver,BC,,V5Z3X7,VANCOUVER,BC,,V5Z3X7
792BE91,4210380,21 KUMG AQUUTUAZ INC. c/o JOMAZ XEMG XEZEXXA,21 KUMG AQUUTUAZ C O JOMAZ XEMG XEZEXXA,11 King Street West,,Toronto,ON,,M5H4C7,TORONTO,ON,,M5H4C7
83AC625,A583327,2236 Pawpmay Holdings,2236 PAWPMAY HOLDINGS,2226 Dewdney Avenue,,Regina,SK,,S4R1H5,REGINA,SK,,S4R1H5
50FFD90,03917D7,224 Nomttaex Road Taguomex Inc.,224 NOMTTAEX ROAD TAGUOMEX,c/o The Regional Group of Companies,"1737 Woodward Drive, 2nd Floor",Ottawa,ON,,K2C0P9,OTTAWA,ON,,K2C0P9
49A82BF,D88A294,2305098 Ontario Inc.,2305098 ONTARIO,"60 Columbia Way, Suite 116",,Markham,ON,Canada,L3R0C9,MARKHAM,ON,CA,L3R0C9
1BC4397,E5299BF,2344711 Ontario Ltd. c/o GWX Taexty Epvuzotz Inc.,2344711 ONTARIO C O GWX TAEXTY EPVUZOTZ,330 University Avenue,PMO S-2,Toronto,ON,,M5G1R8,TORONTO,ON,,M5G1R8
9C9D7AE,E5299BF,2356730 Ontario Ltd. c/o GWX Taexty Epvuzotz Inc.,2356730 ONTARIO C O GWX TAEXTY EPVUZOTZ,330 University Avenue,PMO S-2,Toronto,ON,,M5G1R8,TORONTO,ON,,M5G1R8
54165F4,13BD53B,2588543 Ontario Inc,2588543 ONTARIO,158 Cresthaven Drive,,Halifax,NS,,B3M4B9,HALIFAX,NS,,B3M4B9
AC32B01,8FE46EF,3179372 Canada Inc.,3179372 CANADA,Pointe-Claire,"6600, route transcanadienne, #140-101",Pointe-Claire,QC,Canada,H9R4S2,POINTE-CLAIRE,QC,CA,H9R4S2
9102E31,AC3FB6C,3314818 MZ Ltd,3314818 MZ,PO Box 36116 RPO Spring Garden,,Halifax,NS,,B3J3S9,HALIFAX,NS,,B3J3S9
F13180F,3D05819,3325399 MZ Limited,3325399 MZ,c/o Compass Commercial Realty,"3 Spectacle Lake Drive, Suite 290",Dartmouth,NS,,B3B1W8,DARTMOUTH,NS,,B3B1W8
6BC1820,24E0CE3,3346296 Nemutobe Limited c/o,3346296 NEMUTOBE C O,200 - 1355 Taylor Ave,,Winnipeg,MN,,R3M3Y9,WINNIPEG,MN,,R3M3Y9
7CBC45E,BA1921E,3690590 Canada Inc,3690590 CANADA,"768 boul. St-Joseph, bureau 100",,Gatineau,QC,,J8Y4B8,GATINEAU,QC,,J8Y4B8
40FE3C8,33F5007,50 Hoxxy Street Bettmatzhub Ltd.,50 HOXXY STREET BETTMATZHUB,"1 Queen Street East, Suite #2200",,Toronto,ON,,M5C2W5,TORONTO,ON,,M5C2W5
80E3C2C,173DFF4,5085 Yomga Quebec Inc,5085 YOMGA QUEBEC,"1380 Rodick Road, Suite 410",,Toronto,ON,,L3R4G5,TORONTO,ON,,L3R4G5
379A789,F2023E9,510  XZ  Limited  Bettmatzhub,510 XZ BETTMATZHUB,NXS #: 1259946 - 32121,700-22 St Clair Ave E,Toronto,ON,,M4T2S5,TORONTO,ON,,M4T2S5
53C74CB,6551B24,5161 Gaotga Street Limited Bettmatzhub,5161 GAOTGA STREET BETTMATZHUB,c/o Compass Commercial Realty,"3 Spectacle Lake Drive, Suite 290",Halifax,NS,,B3B1W8,HALIFAX,NS,,B3B1W8
9E17E79,2D8F173,5835 Axbxotat Drive X.B.  BamtexxGtaamOek,5835 AXBXOTAT DRIVE X B BAMTEXXGTAAMOEK,"10 Carlson Court , Suite 500",,Toronto,ON,,M9W6L2,TORONTO,ON,,M9W6L2
38D290F,393B28D,627590 Zezk Ltd.,627590 ZEZK,"300-2550, 12th Avenue",,Regina,SK,,S4P3X1,REGINA,SK,,S4P3X1
5CC5BFC,973E8E5,6382934 Canada Inc.,6382934 CANADA,460 Greber #222,,Gatineau,QC,Canada,J8T6C7,GATINEAU,QC,CA,J8T6C7
9310230,D24E56A,65 Town Centre Holdings Ltd.,65 TOWN CENTRE HOLDINGS,"55 Town Centre,STE 500",,Scarborough,ON,,M1P4X4,SCARBOROUGH,ON,,M1P4X4
E5499D6,1D34D98,6611933 Canada Inc.,6611933 CANADA,"510 boul Maloney est, bureau 200",,Gatineau,QC,Canada,J8P1E7,GATINEAU,QC,CA,J8P1E7
8738F9E,451551C,6845 Camtuty Monumaa Ltd. c/o,6845 CAMTUTY MONUMAA C O,60 Adelaide Street,"Suite 900, Mailbox",Toronto,ON,,M5C3E4,TORONTO,ON,,M5C3E4
D9A775F,973E8E5,6881540 Canada Inc.,6881540 CANADA,460 Greber #222,,Gatineau,QC,Canada,J8T6C7,GATINEAU,QC,CA,J8T6C7
D926AEA,FC79686,7037467 Canada Inc,7037467 CANADA,"1100, Avenue Dr. Pennfield, suite 301",,Montreal,QC,,H3A1A8,MONTREAL,QC,,H3A1A8
05A0EDE,599A89B,710 University Inc. c/o Ttuovazt Taexty Epvuzotz Inc,710 UNIVERSITY C O TTUOVAZT TAEXTY EPVUZOTZ,"40 University Ave.,Suite 1200",,Toronto,ON,,M5J1T1,TORONTO,ON,,M5J1T1
C62D823,973E8E5,8609464 Canada Inc.,8609464 CANADA,460 Greber #222,,Gatineau,QC,Canada,J8T6C7,GATINEAU,QC,CA,J8T6C7
DD5AF52,292BE42,9252-5323 Quebec Inc.,9252 5323 QUEBEC,"630, rue Saint-Paul Ouest",Bureau 600,Bureau 600,QC,Canada,H2Y2G3,BUREAU 600,QC,CA,H2Y2G3
FADFF4F,79D40C8,9298-3456 Québac Inc,9298 3456 QUEBAC,630 rue Saint-Paul O,Bureau 600,Montréal,QC,Canada,H3C1L9,MONTREAL,QC,CA,H3C1L9
70BF63B,AF0A8AF,9326-5373 Québac Inc.,9326 5373 QUEBAC,4125 Autoroutes de Laurentides,,Laval,QC,Canada,H7L5W5,LAVAL,QC,CA,H7L5W5
F11D623,8AA89F2,9444-5487 Québac Inc.,9444 5487 QUEBAC,920 boulevard St-Joseph,unité 101,Gatineau,QC,Canada,J8Z1S8,GATINEAU,QC,CA,J8Z1S8
344B6A4,FB11C7D,9481-7610 Québac Inc,9481 7610 QUEBAC,300-4150 Sherbrooke W,,Westmount,QC,Canada,H3Z1B7,WESTMOUNT,QC,CA,H3Z1B7
8A16DDB,4BCC3E2,A.B.N. nécemuqua,A B N NECEMUQUA,Lise Berard,"2425, Michelin",Laval,QC,Canada,H7L5B9,LAVAL,QC,CA,H7L5B9
00CABFA,2F30203,A.J. Wexzh,A J WEXZH,3091 Jarrow Ave,,Mississauga,ON,,L4X2C6,MISSISSAUGA,ON,,L4X2C6
23DC05A,284BD53,A.Z. Fox Limited,A Z FOX,209 Dalton Ave,,Kingston,ON,,K7K6C2,KINGSTON,ON,,K7K6C2
20015C4,70B4A0D,Aeztatm Ontario Taepy Nux,AEZTATM ONTARIO TAEPY NUX,630 County Road 17,,Hawkesbury,ON,,K6A2R2,HAWKESBURY,ON,,K6A2R2
C466D7E,CF1871F,Aeztboump Btawumg Co.,AEZTBOUMP BTAWUMG,700 Queen St. E.,,Toronto,ON,,M4M1G9,TORONTO,ON,,M4M1G9
262F7B7,F534F7C,Ambtupga Gez Inc.,AMBTUPGA GEZ,500 Consumers Drive,,Toronto,ON,,M2J1P8,TORONTO,ON,,M2J1P8
E307D09,28B7C6C,Amgua NuxtuTach Ltd.,AMGUA NUXTUTACH,2025 Meadowvale Blvd,Unit 2,Mississauga,ON,,L5N5N1,MISSISSAUGA,ON,,L5N5N1
84901DF,86E3311,Amvuto Commaxuomz,AMVUTO COMMAXUOMZ,4141 Grande Allee,Shop Dept.,Boisbriand,QC,,J7H1H7,BOISBRIAND,QC,,J7H1H7
1816420,797381A,Anatgamcy Napucex Services Camttex,ANATGAMCY NAPUCEX SERVICES CAMTTEX,1A03-1350 Albert Street,,Regina,SK,Canada,S4R2R7,REGINA,SK,CA,S4R2R7
50A2007,DCC831A,Anbexxegaz Nutchax-Xumcoxm Ltée,ANBEXXEGAZ NUTCHAX XUMCOXM LTEE,3737 Boul. Thimens,,St-Laurent,QC,Canada,H4R1V1,ST-LAURENT,QC,CA,H4R1V1
3070A3E,5193C4B,Anbuty Company,ANBUTY,6577 NorthWest Dr,,Missisauga,ON,,L4V1L1,MISSISAUGA,ON,,L4V1L1
9F1AC5B,DB74CF3,Apam Valley Bouxtty,APAM VALLEY BOUXTTY,326 Main Street,,Berwick,NS,,B0P1E0,BERWICK,NS,,B0P1E0
CF4F8DA,E4B1CFE,Appa Exnomp Bezta Inc.,APPA EXNOMP BEZTA,167 Boul. de L'Aeroport,,Gatineau,QC,Canada,J8P7G7,GATINEAU,QC,CA,J8P7G7
F78A7EE,E267E2D,Appy Apartments,APPY APARTMENTS,1901 14th Ave,,Regina,SK,,S4P0X4,REGINA,SK,,S4P0X4
11EA841,002AAB9,Aquuchan Technologies Corporation,AQUUCHAN TECHNOLOGIES,"1520 Trinity Drive, Unit 6",,Mississauga,ON,,L5T1N9,MISSISSAUGA,ON,,L5T1N9
0423981,DB41B41,Avoque Wetat Technologies Ltd,AVOQUE WETAT TECHNOLOGIES,2045 Drew Road,,Toronto,ON,Canada,L5S1S4,TORONTO,ON,CA,L5S1S4
25CA5B5,E591F59,Axacom Construction and Zoxet,AXACOM CONSTRUCTION AND ZOXET,1104 Des Cerisiers St.,,Rockland,ON,,K4K1K9,ROCKLAND,ON,,K4K1K9
4D22F40,CB4DDAB,Axactto Cebxaz Inc.,AXACTTO CEBXAZ,9 Riverside Drive,P.O. Box 276,Trenton,ON,,K8V5R5,TRENTON,ON,,K8V5R5
ECFC3BF,13BF1E1,Axbxotat Drive Aquutuaz Inc. c/o Jomaz Xemg Xezexxa,AXBXOTAT DRIVE AQUUTUAZ C O JOMAZ XEMG XEZEXXA,121 King St. West; Suite 190,,Toronto,ON,,M5H3T9,TORONTO,ON,,M5H3T9
0D48440,A17CE13,Axcax Cxunetuzetuom,AXCAX CXUNETUZETUOM,4915 boul. Sir-Wilfrid-Laurier,,Saint-Hubert,QC,Canada,J3Y3X5,SAINT-HUBERT,QC,CA,J3Y3X5
81D2FEE,23821DE,Axtampap Ceta Hotaxz,AXTAMPAP CETA HOTAXZ,2141 Belair Drive,,Ottawa,ON,,K2C0X2,OTTAWA,ON,,K2C0X2
1DADD3A,A3A8223,Axttana Eut Systems Ltd.,AXTTANA EUT SYSTEMS,"850 Tapscott Rd., Unit 41",,Scarborough,ON,,M1X1N4,SCARBOROUGH,ON,,M1X1N4
E085DC0,CFD8B57,Axzet Construction Inc.,AXZET CONSTRUCTION,21 Sable Street,,Toronto,ON,,M6M4K8,TORONTO,ON,,M6M4K8
3E4CB39,CFC3EC7,AZX technology Inc.,AZX TECHNOLOGY,221 Joseph Zatzman Dr,,Dartmouth,NS,,B3B1M6,DARTMOUTH,NS,,B3B1M6
BC8CA38,EB43B4E,B&M Puzttubutotz Limited,B M PUZTTUBUTOTZ,"15 Saint Street, Unit 5",,Port Hawkesbury,NS,,B9A3J5,PORT HAWKESBURY,NS,,B9A3J5
2C41A8D,4075E6D,BAN LP (Agxumtom) c/o Zeppxabtook Construction,BAN AGXUMTOM C O ZEPPXABTOOK CONSTRUCTION,Suite 401-7300 Keele Street,,Concord,ON,,L4K0E5,CONCORD,ON,,L4K0E5
EC636C5,839EFF0,Bank of Canada/Bemqua Du Canada,BANK OF CANADA BEMQUA DU CANADA,2250 St. Laurent Blvd.,,Ottawa,ON,Canada,K1G4K1,OTTAWA,ON,CA,K1G4K1
6143AF4,9D38FE9,Batfotn-Eut Ump,BATFOTN EUT UMP,705 rue Ste-Catherine ouest,,Montréal,QC,Canada,H3A3E6,MONTREAL,QC,CA,H3A3E6
7D28807,DB2A70D,Batom Vechom Inc,BATOM VECHOM,2154 Rue Des Violettes,,Laconception,QC,,J0T1M0,LACONCEPTION,QC,,J0T1M0
DA1D864,C52A1B1,Batttemp Plumbing Haetumg,BATTTEMP PLUMBING HAETUMG,195 Bay St,,Embrun,ON,,K0A1W1,EMBRUN,ON,,K0A1W1
2BC9328,198D903,Batty Gxobex Bxeztucz,BATTY GXOBEX BXEZTUCZ,PO BOX 550,,BELLEVILLE,ON,,K8N5B2,BELLEVILLE,ON,,K8N5B2
5A9B20F,8A9E0E0,Batumg Mechanical Ltd.,BATUMG MECHANICAL,7220 West Credt Ave.,,Mississauga,ON,,L5N5N1,MISSISSAUGA,ON,,L5N5N1
5C6599D,F847A8B,Batwuck and District Connumuty Ezzocuetuom,BATWUCK AND DISTRICT CONNUMUTY EZZOCUETUOM,250 Veterans Drive,PO Box 567,Berwick,NS,Canada,B0P1E0,BERWICK,NS,CA,B0P1E0
63B8252,0AFE539,Baunet Haetumg & Eut,BAUNET HAETUMG EUT,94 Queen Charlotte Dr,,Kithcener,Ontario,Canada,N2E3N6,KITHCENER,ON,CA,N2E3N6
69F7D9C,8AF0971,Bavem Btoz. Limited,BAVEM BTOZ,10 Walker Drive,,Charlottetown,PE,,C1A8S6,CHARLOTTETOWN,PE,,C1A8S6
EF23210,7106D80,Baxfuaxp Umvaztnamt Corporation,BAXFUAXP UMVAZTNAMT,77 Belfield Road,,Toronto,ON,,M9W1G6,TORONTO,ON,,M9W1G6
116963F,528C2BC,Baxx Canada C/O,BAXX CANADA C O,ATT Accounts Payable,PO Box 3521,Markham,ON,,L3R0N4,MARKHAM,ON,,L3R0N4
64FF364,2761DEC,Baxx Canada c/o BGUZ O&N Solutions Inc.,BAXX CANADA C O BGUZ O N SOLUTIONS,88 Sister Greene Road,,Campbellton,NB,,E3N3Y6,CAMPBELLTON,NB,,E3N3Y6
5ECA4B9,9CC87B5,BCC 106,BCC 106,2556 Argyle Rd.,,Mississauga,ON,,L5B2H6,MISSISSAUGA,ON,,L5B2H6
F5E52F4,A4D8B2F,BCC 116,BCC 116,530 Lolita Gardens,,Mississauga,ON,,L5A3T2,MISSISSAUGA,ON,,L5A3T2
2FA3E66,3D4B477,BCC 169,BCC 169,7-201 Director Court,,Vaughan,ON,,L4L4S5,VAUGHAN,ON,,L4L4S5
51EA865,F45A369,BCC 201,BCC 201,50 Elm Drive,,Mississauga,Ontario,,L5A3X2,MISSISSAUGA,ON,,L5A3X2
5FAF0D7,CE74AE8,BCC 362,BCC 362,4 Lisa Street,,Brampton,ON,,L6T4B6,BRAMPTON,ON,,L6T4B6
5CB182D,05995D4,"BCC 449, The Unbatuex",BCC 449 THE UNBATUEX,30 Malta Avenue,,Brampton,Ontario,,L6Y4S5,BRAMPTON,ON,,L6Y4S5
DF694CF,52C838B,BCC 645,BCC 645,35 Kingsbridge Garden Cir,,Mississauga,ON,,L5R3Z5,MISSISSAUGA,ON,,L5R3Z5
EFF2578,2DEE837,BCC 95,BCC 95,1320 Mississauga Valley Blvd.,,Mississauga,ON,,L5A3S9,MISSISSAUGA,ON,,L5A3S9
AFED758,34CC4BC,Bcoxo Motth Holdings Inc.,BCOXO MOTTH HOLDINGS,Attn: Accounts Payable,28 Coe Hill Drive,Toronto,ON,,M6S3C8,TORONTO,ON,,M6S3C8
81C5271,D76B5EA,BCUNC Taexty Corp.,BCUNC TAEXTY,4950 Yonge St. Ste 102 Box 1,,North York,ON,,M2N6K1,NORTH YORK,ON,,M2N6K1
FDDE7A9,9A4479B,bcUNC Taexty Corp -,BCUNC TAEXTY,"199 Bay Street, Suite 1920",P.O. Box 101 Commerce Court Postal Stn.,Toronto,ON,,M5L1E2,TORONTO,ON,,M5L1E2
4F21D2F,98C099D,bcUNC Taexty Corporation c/o QuepTaex Property Group,BCUNC TAEXTY C O QUEPTAEX PROPERTY GROUP,1920 - 199 Bay Street,P.O. Box 101,Toronto,ON,,M5L1E2,TORONTO,ON,,M5L1E2
0BDFE9D,E9AF108,Beccet Du Canada Xtaa,BECCET DU CANADA XTAA,Usine de Ste-Thérèse,10 rue Sicard,Ste-Thérèse,QC,Canada,J7E4K9,STE-THERESE,QC,CA,J7E4K9
8BAED5B,0D4AE15,Bega Property Management,BEGA PROPERTY MANAGEMENT,4007-7071 Bayers Road,,Halifax,NS,,B3L2C2,HALIFAX,NS,,B3L2C2
5B82230,44B0978,BemmatNem Betka,BEMMATNEM BETKA,#303-505 Bannerman St.,,Weyburn,SK,,S4H1V5,WEYBURN,SK,,S4H1V5
18B7376,43FE387,Betenoumt Management,BETENOUMT MANAGEMENT,1245 Barrington Street,,Halifax,NS,,B3J1Y2,HALIFAX,NS,,B3J1Y2
679BDA8,E952B26,Betkvuaw Management,BETKVUAW MANAGEMENT,"5100 Boul Edouard Montpetit, Suite 5",,Montreal,QC,,H3W1R2,MONTREAL,QC,,H3W1R2
621A810,4A01F02,Bétom Enux Ltée,BETOM ENUX LTEE,1501 chemin Pink,,Gatineau,QC,Canada,J9J3N5,GATINEAU,QC,CA,J9J3N5
0F0FEBD,A9B5258,Betouzza Zecta-Coaut,BETOUZZA ZECTA COAUT,3765 Champlain Street,,Bourget,ON,,K0A1E0,BOURGET,ON,,K0A1E0
2054EF7,026AB6F,Betze Kaxxy / Cetu-Cem Coobatetuva Honaz Inc.,BETZE KAXXY CETU CEM COOBATETUVA HONAZ,1 Coin St.,,Etobicoke,ON,,M8V3Y9,ETOBICOKE,ON,,M8V3Y9
AA45E7E,D28EFE1,BEY TUPGAZ,BEY TUPGAZ,900 SANDY BEACH ROAD,,PICKERING,ON,,L1W1Z4,PICKERING,ON,,L1W1Z4
8EA29CC,CAE9D03,Beyat Inc./Canada,BEYAT CANADA,PO Box 218,,Pittsburgh,PA,,152300218,PITTSBURGH,PA,,152300218
4AECEA6,DDB6009,Beyat Ctob,BEYAT CTOB,295 Henderson Drive,,Regina,SK,,S4N6C2,REGINA,SK,,S4N6C2
610F746,BF7FE88,Beyfuaxp Houza Tatutanamt Xopga Inc.,BEYFUAXP HOUZA TATUTANAMT XOPGA,5 Beck Blvd.,,Pentanguishine,ON,,L9M1C1,PENTANGUISHINE,ON,,L9M1C1
FA70707,B49065E,BEZF Canada Inc.,BEZF CANADA,295 Henderson Dr.,,Regina,SK,,S4N6C2,REGINA,SK,,S4N6C2
5FA3E46,E75044E,BGUZ*,BGUZ,P.O Box 4810,4175 14th Avenue,Markham,ON,,L3R0J2,MARKHAM,ON,,L3R0J2
71F8E01,5DC99E5,BGUZ -,BGUZ,14 Centurion Close,,Borden,ON,,L0M1C0,BORDEN,ON,,L0M1C0
B5E7B85,5CA7C41,BGUZ Canada LP ta. Bank of Nomttaex,BGUZ CANADA TA BANK OF NOMTTAEX,,,Markham,ON,,L3R0Y7,MARKHAM,ON,,L3R0Y7
6B2A0FC,44D7C59,BGUZ Canada LP ta. Bank of Nomttaex (for O&N),BGUZ CANADA TA BANK OF NOMTTAEX FOR O N,PO Box 3546,,Markham,ON,,L3R0Y7,MARKHAM,ON,,L3R0Y7
932AF1B,FBBEE8C,BGUZ Gxobex Umtagtetap Solutions Canada LP,BGUZ GXOBEX UMTAGTETAP SOLUTIONS CANADA,4175 14th Ave,,Markham,ON,,L3R0J2,MARKHAM,ON,,L3R0J2
95B08F3,623F202,BGUZ UTZ Canada Ltd.,BGUZ UTZ CANADA,5509 Canotek Rd #4,,Gloucester,ON,,K1J9J8,GLOUCESTER,ON,,K1J9J8
B56B167,4116778,Bhoamux Yomga Street GB Inc.obo Bhoamux,BHOAMUX YOMGA STREET GB OBO BHOAMUX,c/o Stockton & Bush Property Services Inc.,"2345 Yonge Street, Suite 804",Toronto,ON,,M4P2E5,TORONTO,ON,,M4P2E5
1C28D62,7FC52F2,BNC Amatgy Ltd.,BNC AMATGY,900 Windmill Road,,Dartmouth,NB,Canada,B3B1P7,DARTMOUTH,NB,CA,B3B1P7
A9B75AE,2B6FD29,BNO Bank of Nomttaex,BNO BANK OF NOMTTAEX,B3SE - 4100 Gordon Baker Rd.,,Scarborough,ON,,M1W3E8,SCARBOROUGH,ON,,M1W3E8
FA4B8B7,5F91BC6,BNO c/o BGUZ Canada LP.-_,BNO C O BGUZ CANADA,4100 Gordon Baker Road,,Scarborough,ON,,M1W3E8,SCARBOROUGH,ON,,M1W3E8
CE0EDF2,44D7C59,BNO c/o BGUZ Canada LP,BNO C O BGUZ CANADA,PO Box 3546,,Markham,ON,,L3R0Y7,MARKHAM,ON,,L3R0Y7
D08FB8E,50C10FB,BNO c/o BGUZ Canada   X  B,BNO C O BGUZ CANADA X B,4175 14th Avenue,,Markham,ON,,L3R0Y7,MARKHAM,ON,,L3R0Y7
2E89386,0E6A178,Boetpwexk Gamatex Bettmatzhub,BOETPWEXK GAMATEX BETTMATZHUB,"200, 1501-1 Street SW",,Calgary,AB,Canada,T2R0W1,CALGARY,AB,CA,T2R0W1
C7CCD43,04BD5C8,Booth Camtammuex Xumam,BOOTH CAMTAMMUEX XUMAM,75 Norfinch Drive,,Toronto,Ontario,,M3N1W8,TORONTO,ON,,M3N1W8
6962431,459FC1F,Bottxemp Street Hompe,BOTTXEMP STREET HOMPE,36 Baker Drive,,Dartmouth,NS,,B2W6K1,DARTMOUTH,NS,,B2W6K1
80F1FB8,B523C45,Boxynoz inc.,BOXYNOZ,150 5e Boulevard,,Terrasse-Vaudreuil,QC,Canada,J7V5M3,TERRASSE-VAUDREUIL,QC,CA,J7V5M3
E29B970,DD96802,Bozcovuxxa,BOZCOVUXXA,Pavillon Hôtel-de-Ville,"10950, boul. Perras Est",Montréal,QC,Canada,H1C1B3,MONTREAL,QC,CA,H1C1B3
74A77DF,52A98E3,Btacuzuom Comcabtz,BTACUZUOM COMCABTZ,310 Matheson Blvd E.,,Mississauga,ON,,L4Z1P5,MISSISSAUGA,ON,,L4Z1P5
4E705D9,D6D6AD2,Btagg Cxaematz Teuxotz & Futtuatz Amt Ltd.,BTAGG CXAEMATZ TEUXOTZ FUTTUATZ AMT,1947 Albert Street,,Regina,SK,,S4P2T5,REGINA,SK,,S4P2T5
143C154,CBB0B50,Btanmat'z Plumbing & Haetumg Ltd.,BTANMATZ PLUMBING HAETUMG,40 Ash Lake Crt,,Halifax,NS,,B3S1B7,HALIFAX,NS,,B3S1B7
54629AA,546CF76,Btanuat Pty Cxaematz,BTANUAT PTY CXAEMATZ,1020 Merivale Drive,,Ottawa,ON,,K1Z6A5,OTTAWA,ON,,K1Z6A5
232F78C,BFA22F0,Btanuata Plumbing,BTANUATA PLUMBING,1536 Champlain Street,,Dieppe,New Brunswick,,E1A1R5,DIEPPE,NB,,E1A1R5
935A19D,86AD861,Btazto Botetoaz,BTAZTO BOTETOAZ,140B Rue Adrien Robert,,Hull,QC,,J8Y3S2,HULL,QC,,J8Y3S2
FC081EE,6BF8277,Btenbtom Btocazzumg,BTENBTOM BTOCAZZUMG,"171 Advance Blvd, Unit 19",,Brampton,Ontario,,L6T2Z7,BRAMPTON,ON,,L6T2Z7
F108D96,340E379,Btencex Btopuctuomz Inc,BTENCEX BTOPUCTUOMZ,"1900 Minnesota Court, Suite 200",,Mississauga,ON,,L5N1P8,MISSISSAUGA,ON,,L5N1P8
B3FB8FA,86CE25E,Btepxay Mechanical Services,BTEPXAY MECHANICAL SERVICES,1105 Britannia Rd. E.,,Mississauga,ON,,L4W3X1,MISSISSAUGA,ON,,L4W3X1
6755E13,1872C28,Btepy and Zaupmat Associates,BTEPY AND ZAUPMAT ASSOCIATES,801 Alness Street,,Toronto,ON,,M3J2H8,TORONTO,ON,,M3J2H8
392F9C4,77FA2E7,Bteutua Btaw Supplies,BTEUTUA BTAW SUPPLIES,1120 Broad Street,,Regina,SK,,S4R1X8,REGINA,SK,,S4R1X8
43EEAB1,6E0A8C5,Btookfuaxp Office Properties,BTOOKFUAXP OFFICE PROPERTIES,c/o YARDI Processing Centre,"5925 Airport Road, Suite 605",Mississauga,ON,,L4V1W1,MISSISSAUGA,ON,,L4V1W1
43B5CA7,3CCB04D,Btookfuaxp Office Properties.,BTOOKFUAXP OFFICE PROPERTIES,c/o YARDI Processing Centre,5925 Airport Road,Mississauga,ON,,L4V1W1,MISSISSAUGA,ON,,L4V1W1
F1553BF,D70B5FB,Btookfuaxp Office Properties #10-v12098-8135734,BTOOKFUAXP OFFICE PROPERTIES 10 V12098 8135734,"5925 Airport Road, Suite 605",,Mississauga,ON,,L4V1W1,MISSISSAUGA,ON,,L4V1W1
9892596,D70B5FB,Btookfuaxp Office Properties 10+v12098 + 8184650,BTOOKFUAXP OFFICE PROPERTIES 10 V12098 8184650,"5925 Airport Road, Suite 605",,Mississauga,ON,,L4V1W1,MISSISSAUGA,ON,,L4V1W1
B4EB1BC,F118012,Btookfuaxp Properties - Axchemga Towatz,BTOOKFUAXP PROPERTIES AXCHEMGA TOWATZ,c/o Yardi Pay Scan Processing,"5925 Airport Road, Suite 605",Mississauga,ON,,L4V1W1,MISSISSAUGA,ON,,L4V1W1
012F29D,9369F52,BTOOKFUAXP PROPERTIES BU INC. C/O YETPU,BTOOKFUAXP PROPERTIES BU C O YETPU,C/O YARDI PROCESSING CENTRE,"5925 AIRPORT ROAD, SUITE 605",MISSISSAUGA,ON,,L4V1W1,MISSISSAUGA,ON,,L4V1W1
DB2FBF5,0D21D57,Btookfuaxp Properties Canada Management  LP,BTOOKFUAXP PROPERTIES CANADA MANAGEMENT,c/o Yardi PayScan Processing Centre,"5925 Airport Road, Suite 605",Mississauga,ON,,L4V1W1,MISSISSAUGA,ON,,L4V1W1
C712EEB,18A7BC1,Btookfuaxp Residential Services Ltd.,BTOOKFUAXP RESIDENTIAL SERVICES,ATT:Property Management,18 Yorkville Ave.,Toronto,Ontario,,M4W3Y8,TORONTO,ON,,M4W3Y8
5978ACF,70C9EF9,BtoWaztatm Mechanical,BTOWAZTATM MECHANICAL,"3703 Mitchelmore Avenu, #10",,Saskatoon,SK,,S4P0C5,SASKATOON,SK,,S4P0C5
F804365,AEEF71C,Btuatwoop Getpamz,BTUATWOOP GETPAMZ,425 Park Road North,,Brantford,ON,,N3R7G5,BRANTFORD,ON,,N3R7G5
350A915,38B3351,Btugux Construction,BTUGUX CONSTRUCTION,460 St-Laurent Blvd,,Ottawa,ON,Canada,K1K4Z2,OTTAWA,ON,CA,K1K4Z2
A8E86F5,F427B69,Btupgatowm & District Nanotuex Etame,BTUPGATOWM DISTRICT NANOTUEX ETAME,30 Jeffery Rd,,Bridgetown,NS,Canada,B0S1C0,BRIDGETOWN,NS,CA,B0S1C0
EF3EE6F,17BCDFF,Buame,BUAME,"2955, rue Cartier",,Saint Hyacinthe,QC,Canada,J2S1L4,SAINT HYACINTHE,QC,CA,J2S1L4
61FAD9A,2AB4B2B,Bubxuc Wotkz,BUBXUC WOTKZ,6176 Young St,,Halifax,NS,,B3K2A6,HALIFAX,NS,,B3K2A6
0FF2BC3,1CB6F17,Bucoma Pounut Holdings Inc.,BUCOMA POUNUT HOLDINGS,1191 Union Avenue,,Montréal,QC,Canada,H3B3C3,MONTREAL,QC,CA,H3B3C3
BD7F2B2,278FD59,Buctou Coumty Waxxmazz Centre,BUCTOU COUMTY WAXXMAZZ CENTRE,2756 Westville Road,,New Glasgow,NS,,B2H5E6,NEW GLASGOW,NS,,B2H5E6
29ACB2D,728A924,Buempatua Zemuteuta Inc.,BUEMPATUA ZEMUTEUTA,"810, rue St-Georges",,Saint-Jerôme,Québec,Canada,J7Z5C9,SAINT-JEROME,QC,CA,J7Z5C9
98195C2,C3DC62A,Bug Tug Btawumg,BUG TUG BTAWUMG,2705 A Iris Street,,Ottawa,ON,,K2C1E6,OTTAWA,ON,,K2C1E6
A4ECE86,B1AD959,Bumga Canada,BUMGA CANADA,400 Burlington Street,,Hamilton,ON,Canada,L8L4H7,HAMILTON,ON,CA,L8L4H7
8F551A3,0734F99,Buovactte Inc.,BUOVACTTE,11 Aviation Avenue,,Charlottetown,PE,,C1E0A1,CHARLOTTETOWN,PE,,C1E0A1
2CB99BF,4AA7978,Buta Mechanical Group,BUTA MECHANICAL GROUP,343 Bloor St. W,,Oshawa,ON,Canada,L1J5Y5,OSHAWA,ON,CA,L1J5Y5
94BA188,866BF04,Butmec Btopuca Limited,BUTMEC BTOPUCA,80 Zenway Blvd.,,Vaughan,ON,,L4H3H1,VAUGHAN,ON,,L4H3H1
4B44068,23F70CA,Butom (9180-7580 Québac inc.),BUTOM 9180 7580 QUEBAC,"951, 3E RUE",,CHIBOUGAMAU,QC,Canada,G8P1R4,CHIBOUGAMAU,QC,CA,G8P1R4
C33B60C,233BDD7,Butp Mechanical Ltd.,BUTP MECHANICAL,6-29 Gormley Industrial Ave,,Gormley,ON,,L0H1G0,GORMLEY,ON,,L0H1G0
F0F65A1,410830B,Butp Mechanical Ltd,BUTP MECHANICAL,"50 Thornhll Drive, Unit 5",,Dartmouth,NS,,B3B1S1,DARTMOUTH,NS,,B3B1S1
8C71929,F06CE01,Buxa O'Bomaz Btawumg Company,BUXA OBOMAZ BTAWUMG,1808 Cameron Street,,Regina,SK,,S4P7R7,REGINA,SK,,S4P7R7
AB1A645,C085ECE,Buxxnetuc Nemufectutumg -,BUXXNETUC NEMUFECTUTUMG,430 Cochrane Drive,,Unionville,ON,Canada,L3R8E3,UNIONVILLE,ON,CA,L3R8E3
9581C40,24A4B68,Buzze Move,BUZZE MOVE,1260 Lawrence Avenue  East,,Toronto,ON,,M3A1C4,TORONTO,ON,,M3A1C4
DA5CF21,24A4B68,Buzze Move (Xewtamca Ave),BUZZE MOVE XEWTAMCA AVE,1260 Lawrence Avenue  East,,Toronto,ON,,M3A1C4,TORONTO,ON,,M3A1C4
DA432F2,B5F05A9,BXECK & NCPOMEXP LIMITED,BXECK NCPOMEXP,31 Pullmand Court,,Scarborough,ON,,M1X1E4,SCARBOROUGH,ON,,M1X1E4
D1C28B1,F136C01,Bxeck & NcPomexp *,BXECK NCPOMEXP,2460 Don Reid Drive,,Ottawa,ON,,K1H1E1,OTTAWA,ON,,K1H1E1
BC63E83,CC87E54,Bxeck & NcPomexp Ltd.,BXECK NCPOMEXP,75 Commerce Valley Drive East,,Markham,ON,,L3T7N9,MARKHAM,ON,,L3T7N9
54548F6,AC5B8F5,Bxeck & NcPomexp,BXECK NCPOMEXP,328 Green Road,,Stoney Creek,ON,,L8E2B2,STONEY CREEK,ON,,L8E2B2
360591B,2D48CB9,BXEM GROUP,BXEM GROUP,2740 Steeles Avenue West,,Vaughan,ON,,L4K4T4,VAUGHAN,ON,,L4K4T4
D7D9FFE,2D48CB9,Bxem  Group,BXEM GROUP,2740 Steeles Avenue West,,Vaughan,ON,,L4K4T4,VAUGHAN,ON,,L4K4T4
989CCC0,91252F6,Bxonbatua Butom,BXONBATUA BUTOM,951 3e rue,,Chibougameau,QC,Canada,G8P1R4,CHIBOUGAMEAU,QC,CA,G8P1R4
5BC8943,4E068AA,Bxoot CT Ecquuzutuomz Inc.,BXOOT CT ECQUUZUTUOMZ,820 Yonge Street,,Toronto,ON,,M4W0A9,TORONTO,ON,,M4W0A9
D23CF84,B3476ED,Bxua Solutions Canada Inc.,BXUA SOLUTIONS CANADA,Service des Comptes Payables,1600 rue de Coulomb,Boucherville,Quebec,Canada,J4B2Z7,BOUCHERVILLE,QC,CA,J4B2Z7
037EE97,4F2E0D4,Bxumpz To Go Inc,BXUMPZ TO GO,300-4150 Sherbrooke West,,Westmount,QC,Canada,H3Z1C2,WESTMOUNT,QC,CA,H3Z1C2
81D0B46,4B60C56,BZBC,BZBC,275 Pope Road,,Summerside,PE,,C1N5Z7,SUMMERSIDE,PE,,C1N5Z7
8EBDBFC,60AD460,BZCC 730,BZCC 730,33 Elm Drive West,,Mississauga,Ontario,,L5B4M2,MISSISSAUGA,ON,,L5B4M2
7F7706E,E3E2F04,BZCC 781,BZCC 781,4090 Living Arts Drive,,Mississauga,ON,,L5B4M8,MISSISSAUGA,ON,,L5B4M8
DF8DB24,10F3BF8,BZCC 786,BZCC 786,4080 Living Arts Drive,,Mississauga,Ontario,,L5B4N3,MISSISSAUGA,ON,,L5B4N3
C009D57,6FBA225,BZCC87 c/o  Aeztwey,BZCC87 C O AEZTWEY,"250 Water Street, Suite 202",,Whitby,ON,,L1N0G5,WHITBY,ON,,L1N0G5
78893ED,3A7EB5F,"BZZ, TBB & CXEC",BZZ TBB CXEC,300-1 City Centre DR.,,Mississauga,ON,,L5B1M2,MISSISSAUGA,ON,,L5B1M2
7AD4BE9,77E25FA,C.C.C 505,C C C 505,1200 Prince of Wales Drive,Suite D,Ottawa,ON,Canada,K2C3Y4,OTTAWA,ON,CA,K2C3Y4
3784266,82283CC,C.X.A.E.M,C X A E M,310 A Healey Road,,Bolton,ON,Canada,L7E5C1,BOLTON,ON,CA,L7E5C1
0D95E53,B7A07A1,CACCA Comzaux,CACCA COMZAUX,400 Labelle,,Ottawa,ON,,K1J1A1,OTTAWA,ON,,K1J1A1
A871C5D,8A3BBC2,Campus Xuvumg Camttaz - The Zaa-Nota,CAMPUS XUVUMG CAMTTAZ THE ZAA NOTA,1412 Seymour St,,Halifax,NS,,B3H0C7,HALIFAX,NS,,B3H0C7
A1CA402,D2C60FF,Camtammuex Building Umvaztnamtz Ltd.,CAMTAMMUEX BUILDING UMVAZTNAMTZ,3 Spectacle Lake Dr,Suite 209,Halifax,NS,,B3B1W8,HALIFAX,NS,,B3B1W8
D91148B,7FB7C63,CAMTAMMUEX PARK PLACE,CAMTAMMUEX PARK PLACE,25 Centennial Park Road,,Toronto,ON,,M9C5H1,TORONTO,ON,,M9C5H1
EC0977E,6036189,Camttatowm Cutuzamz of Ottawa Corporation,CAMTTATOWM CUTUZAMZ OF OTTAWA,415 Gilmour St. Suite 200,,Ottawa,ON,,K2P2M8,OTTAWA,ON,,K2P2M8
FEA14C0,218AF56,Camtutuom Property Associates Inc.,CAMTUTUOM PROPERTY ASSOCIATES,25 Sheppard Av. West,Suite 1800,Toronto,ON,Canada,M2N6S6,TORONTO,ON,CA,M2N6S6
1A6CB4D,468673E,Canada Cempy Company e division of,CANADA CEMPY E DIVISION OF,555 Steeprock Drive,,Toronto,ON,,M3J2Z6,TORONTO,ON,,M3J2Z6
234CF6C,5762949,Canada Cxuneta Services Inc.,CANADA CXUNETA SERVICES,80 Adair Ave S,,Hamilton,ON,,L8K3S5,HAMILTON,ON,,L8K3S5
DFE9843,976F648,Canada HBZ Homaywaxx Umtx.,CANADA HBZ HOMAYWAXX UMTX,PO BOX 982304,,El Paso,Texas,USA,799982304,EL PASO,TEXAS,US,799982304
2670CCC,10F0681,CANADIAN BXOOP SERVICES,CANADIAN BXOOP SERVICES,1800 Alta Vista Drive,,Ottawa,ON,,K1G4J5,OTTAWA,ON,,K1G4J5
FBFB6A3,D24A1F3,Canadian Fuxn Centre(CFC),CANADIAN FUXN CENTRE CFC,2489 Bayview Ave,,Toronto,ON,,M2L1A8,TORONTO,ON,,M2L1A8
965CA40,E4D2B57,Canadian Metuomex Teuxwey,CANADIAN METUOMEX TEUXWEY,1 Administration Road,,Concord,ON,,L4K1B9,CONCORD,ON,,L4K1B9
1B5CE3C,C943109,Canadian Umzttunamtetuom Services Group Ltd.,CANADIAN UMZTTUNAMTETUOM SERVICES GROUP,1091 1091 Monaghan Rd,,Peterborough,ON,,K9J5L4,PETERBOROUGH,ON,,K9J5L4
78FBB38,7EB74E0,Canadian Xumam & Umufotn Service,CANADIAN XUMAM UMUFOTN SERVICE,891 Progress Court,,Oakville,Ontario,,L6L6K1,OAKVILLE,ON,,L6L6K1
5910DF5,B1F7C82,Cattufuap Building Systems,CATTUFUAP BUILDING SYSTEMS,"256 Britannia Road East, Unit #1",Unit 11,Mississauga,ON,,L4Z1S6,MISSISSAUGA,ON,,L4Z1S6
4A37FC5,4D333F8,Cattufuap Group of Conbemuaz,CATTUFUAP GROUP OF CONBEMUAZ,5004 Timberlea Blvd. Unit 5,,Mississauga,ON,,L4W5C5,MISSISSAUGA,ON,,L4W5C5
F308766,6D9F332,CAZ Plumbing,CAZ PLUMBING,4444 Eastgate Pkwy,Unit 7,Mississauga,ON,,L6W4T6,MISSISSAUGA,ON,,L6W4T6
1FAC6C9,A3B6320,CBH Neztat Limited Bettmatzhub  Ontario Region - CBH,CBH NEZTAT BETTMATZHUB ONTARIO REGION CBH,700-22 St Clair Ave E,,Toronto,ON,,M4T2S5,TORONTO,ON,,M4T2S5
DD71ED3,A3B6320,CBH Neztat Limited Bettmatzhub Ontario Region - CBH,CBH NEZTAT BETTMATZHUB ONTARIO REGION CBH,700-22 St Clair Ave E,,Toronto,ON,,M4T2S5,TORONTO,ON,,M4T2S5
D9AED41,09D617C,CBNU as Egamt for 121 Batat Street,CBNU AS EGAMT FOR 121 BATAT STREET,"390 Bay Street, Suite 910",,Toronto,ON,,M5H2Y2,TORONTO,ON,,M5H2Y2
E6A7535,810AE90,CBNU as egamt for 5010 Yomga Street,CBNU AS EGAMT FOR 5010 YOMGA STREET,5000 Yonge Street,Suite 1703,North York,ON,,M2N7E9,NORTH YORK,ON,,M2N7E9
6831DCD,86F978B,"CBNU as egamt for KZ 310,312 &314 The Aezt Nexx Inc.",CBNU AS EGAMT FOR KZ 310 312 314 THE AEZT NEXX,"(300, 302 & 304 The East Mall)","5409 Eglinton Ave West, Suite 208",Etobicoke,ON,,M9C5K6,ETOBICOKE,ON,,M9C5K6
B988F16,EE56269,CBNU as Egamtz for 121 Batat UE,CBNU AS EGAMTZ FOR 121 BATAT UE,"90 Sheppard Ave. East, Suite 305",,Toronto,ON,,M2N3A1,TORONTO,ON,,M2N3A1
2EB3402,EE56269,CBNU as Egamtz for Pumpez Apwetp  Centre,CBNU AS EGAMTZ FOR PUMPEZ APWETP CENTRE,"90 Sheppard Ave. East, Suite 305",,Toronto,ON,,M2N3A1,TORONTO,ON,,M2N3A1
BF6EB6A,EE56269,CBNU as Egamtz for Pumpez Apwetp Centre,CBNU AS EGAMTZ FOR PUMPEZ APWETP CENTRE,"90 Sheppard Ave. East, Suite 305",,Toronto,ON,,M2N3A1,TORONTO,ON,,M2N3A1
5B0D5DC,55001E0,CBZU Haetumg & Eut Comp._,CBZU HAETUMG EUT COMP,52 Bolton Dr,,Uxbridge,ON,,L9P1W5,UXBRIDGE,ON,,L9P1W5
FC31465,4CEC3E8,CCC #660 CNG Componumuun,CCC 660 CNG COMPONUMUUN,434 Queen Street,,Ottawa,ON,,K1R7V7,OTTAWA,ON,,K1R7V7
C97D104,E5BC247,CCC 735 c/o,CCC 735 C O,"1200 Prince of Wales Drive, Suite D",,Ottawa,ON,,K2C3Y4,OTTAWA,ON,,K2C3Y4
F8DF446,3BA2EE1,CCC #88,CCC 88,3564A INNES ROAD,,ORLEANS,ON,,K1C1T1,ORLEANS,ON,,K1C1T1
CCE6B5B,1B7198A,Ceba Btatom University,CEBA BTATOM UNIVERSITY,1250 Grand Lake Road,P.O. Box 5300,Sydney,NS,,B1P6L2,SYDNEY,NS,,B1P6L2
18B25C7,9B9D20F,Cebtaut LP,CEBTAUT,1920 Brunswick Street,,Halifax,NS,,B3J0C5,HALIFAX,NS,,B3J0C5
878654B,CF40CCF,Cebtaut Limited Bettmatzhub *,CEBTAUT BETTMATZHUB,370 McCowan Road,"Regional Office, suite 100",Toronto,ON,Canada,M1J1J3,TORONTO,ON,CA,M1J1J3
7F6314E,6E11846,Cebtaut Limited Bettmatzhub,CEBTAUT BETTMATZHUB,"11 Church Street, Suite 401",,Toronto,ON,,M5E1W1,TORONTO,ON,,M5E1W1
47A5B45,1361C2E,Cégab de Zeumt-Jétôna,CEGAB DE ZEUMT JETONA,"455, rue Fournier",,Saint-Jérôme,Québec,Canada,J7Z4V2,SAINT-JEROME,QC,CA,J7Z4V2
14475CD,2F70974,Cempup Btawumg Company,CEMPUP BTAWUMG,3886 South River Road,,Antigonish,NS,,B2G2H8,ANTIGONISH,NS,,B2G2H8
6B42E80,21EAD94,Cenexot Nfg. Inc,CENEXOT NFG,880 Avonhead Rd.,,Mississauga,ON,Canada,L5J2Z5,MISSISSAUGA,ON,CA,L5J2Z5
7871B6F,4861858,Cete Eutxuma Solutions,CETE EUTXUMA SOLUTIONS,2498 Britannia Road East,,Mississauga,ON,,L4W2P7,MISSISSAUGA,ON,,L4W2P7
3659A0E,49C5F5D,Cetnucheax Amgumaatumg,CETNUCHEAX AMGUMAATUMG,875 Foster Ave.,,Windsor,ON,,N8X4W3,WINDSOR,ON,,N8X4W3
3BA644A,03A7892,Cetnucheax Amgumaatumg Ltd.,CETNUCHEAX AMGUMAATUMG,3151 Lenworth Drive,,Mississauga,ON,,L4X2G6,MISSISSAUGA,ON,,L4X2G6
E05FFAD,6846781,Cetnucheax  Amgumaatumg  Ltd,CETNUCHEAX AMGUMAATUMG,2389 Scanlan Street,,London,ON,,N5W6G9,LONDON,ON,,N5W6G9
A96EC0F,EC4451C,Cettuat Connatcuex Service,CETTUAT CONNATCUEX SERVICE,1515 Drew Road,,Mississauga,,,L5S1Y8,MISSISSAUGA,,,L5S1Y8
CD42D7A,728A0D5,Cettuat Connatcuex Service C/O Compuamt,CETTUAT CONNATCUEX SERVICE C O COMPUAMT,Canada Corporation,"2740 Matheson Blvd East, Unit 1",Mississauga,ON,,L4W4X3,MISSISSAUGA,ON,,L4W4X3
6FDA7F1,9BB5CDC,Cetxatom University,CETXATOM UNIVERSITY,275 Grove Street,Suite 3-200,Auburndale,MA,USA,02466,AUBURNDALE,MA,US,02466
621F2BC,F31CE79,Cetxtom Towat Limited,CETXTOM TOWAT,"235 Yorkland Blvd, Suite 105",,Toronto,,M2J 4Y8,ON,TORONTO,,M2J 4Y8,ON
95BC3F3,36A46DC,CEXVETY CHURCH,CEXVETY CHURCH,746 PAPE AVE.,,TORONTO,ON,,M4K3S7,TORONTO,ON,,M4K3S7
D18A7DF,4567C92,Cezumo Move Zcotue,CEZUMO MOVE ZCOTUE,1983 Upper Water Street,,Halifax,Nova Scotia,,B3J3Y5,HALIFAX,NS,,B3J3Y5
754AA04,723F1DD,CHAN ACOX,CHAN ACOX,640 Victoria St,,Cobourg,ON,,K9A5H5,COBOURG,ON,,K9A5H5
0983BB4,7DCC6AE,Chanfux,CHANFUX,3258 Marentette Avenue,,Windsor,ON,,N8X4G4,WINDSOR,ON,,N8X4G4
4796ECC,595ECB8,ChanO,CHANO,"520-B St.Charles, Suite 201",,Vaudreuil-Dorion,Quebec,,J7V7N2,VAUDREUIL-DORION,QC,,J7V7N2
05671B8,1838979,"Châtaeu Cettuat Hotel & Tazott, Ezcamp Hotel Coxxact",CHATAEU CETTUAT HOTEL TAZOTT EZCAMP HOTEL COXXACT,1170 Chemin d ‘Aylmer,,Gatineau,QC,Canada,J9H7L3,GATINEAU,QC,CA,J9H7L3
E91600A,9D66531,Chatucenb Bouxatz,CHATUCENB BOUXATZ,84 Mountain Road,,Cheticamp,NS,,B0E1H0,CHETICAMP,NS,,B0E1H0
55D5CDC,47796C6,Chavex Property Management,CHAVEX PROPERTY MANAGEMENT,238 Wellington Street East,Suite 207,Aurora,ON,,L4G1J5,AURORA,ON,,L4G1J5
6E8196D,7DE94CF,Chetaeu Tamout,CHETAEU TAMOUT,9229 16 Ave S.W.,,Calgary,AB,,T2V5H3,CALGARY,AB,,T2V5H3
BDF54BE,27E697B,Chetem Property Management,CHETEM PROPERTY MANAGEMENT,3889 Arcola Ave E,,Regina,SK,,S4V1P5,REGINA,SK,,S4V1P5
E578562,C4D8F0C,Chouca Properties LP,CHOUCA PROPERTIES,NXS #: 1259946 - 30242,700-22 St Clair Ave E,Toronto,ON,,M4T2S5,TORONTO,ON,,M4T2S5
859C92D,7347E53,Chouca Properties Limited Bettmatzhub,CHOUCA PROPERTIES BETTMATZHUB,700-22 St. Clair Avenue East,,Toronto,ON,,M4T2S5,TORONTO,ON,,M4T2S5
98E8135,665E879,Chouca Properties LP Toronto Region - CBXB,CHOUCA PROPERTIES TORONTO REGION CBXB,700-22 St Clair Ave E,,"Toronto,",ON,,M4T2S5,TORONTO,ON,,M4T2S5
84B2567,BF5646C,Chugmacto-Camttex Taguomex Centre for Apucetuom,CHUGMACTO CAMTTEX TAGUOMEX CENTRE FOR APUCETUOM,60 Lorne Street,,Truro,NS,,B2N3K3,TRURO,NS,,B2N3K3
88C659F,677370F,CHUN Hobutex Zeumt-Xuc,CHUN HOBUTEX ZEUMT XUC,"1001, rue Saint-Denis",,Montreal,Quebec,,H2X3H9,MONTREAL,QC,,H2X3H9
CC0DE4B,120B509,Church 28 Holdings Inc.,CHURCH 28 HOLDINGS,"15 Hove St, Suite #222",,Toronto,ON,,M3H4Y8,TORONTO,ON,,M3H4Y8
A78BF29,564DBCD,Church Btawumg,CHURCH BTAWUMG,329 Main St,,Wolfville,NS,,B4P1C4,WOLFVILLE,NS,,B4P1C4
05A9145,2078957,City Cota Mechanical Ltd.,CITY COTA MECHANICAL,813 Brock Rd. Unit 5&6,,Pickering,ON,,L1W3L8,PICKERING,ON,,L1W3L8
7D2829D,2BBBFFD,City of Bottega La Btetua,CITY OF BOTTEGA LA BTETUA,495 11th St NW,,Portage La Prarie,Manitoba,,R1N4B3,PORTAGE LA PRARIE,MB,,R1N4B3
6CD885E,0D6E88C,City of Hewkazbuty,CITY OF HEWKAZBUTY,600 Higginson St.,,Hawkesbury,ON,,K6A1H1,HAWKESBURY,ON,,K6A1H1
9BC9790,3EB2422,City of Netkhen,CITY OF NETKHEN,101 Town Centre Blvd,,Markham,ON,,L4R9W3,MARKHAM,ON,,L4R9W3
84381B9,254B552,City of Tagume,CITY OF TAGUME,PO Box 5095,,Regina,SK,,S4P3M3,REGINA,SK,,S4P3M3
BF505AD,28DE240,City Of Zexnom Etn Wotkz Yetp,CITY OF ZEXNOM ETN WOTKZ YETP,#100-30th St SE,,Salmon Arm,BC,,V1E1J5,SALMON ARM,BC,,V1E1J5
722C5C7,BD72473,CJN Property Management,CJN PROPERTY MANAGEMENT,"234 Concession Street, Suite 101",,Kingston,ON,,K7K6W6,KINGSTON,ON,,K7K6W6
1C820CA,929D64B,CNZ - Connatcuex Mechanical Services Ltd.,CNZ CONNATCUEX MECHANICAL SERVICES,"2721 Markham Road, Unit 10",,Scarborough,ON,,M1X1L5,SCARBOROUGH,ON,,M1X1L5
5405A19,12E9EBC,Cobbat Valley Mechanical Ltd.,COBBAT VALLEY MECHANICAL,2151 Coutlee Ave,,Merritt,BC,,V1K1B8,MERRITT,BC,,V1K1B8
EF905D5,FF742AD,Cobbathaep Mechanical Ltd.,COBBATHAEP MECHANICAL,58 Rosemount Avenue,,Toronto,ON,,M9N3B3,TORONTO,ON,,M9N3B3
1EA0F9C,CD8F0DD,Cobutg Tamtexz Limited,COBUTG TAMTEXZ,100-49 Friesian Court,,Halifax,NS,,B3M0J8,HALIFAX,NS,,B3M0J8
15D3AB6,FA6D90D,College Btaumuvatzuteuta Mouvaxxaz Ftomtuataz,COLLEGE BTAUMUVATZUTEUTA MOUVAXXAZ FTOMTUATAZ,"250, rue Gamelin",,Gatineau,QC,,J8Y1W9,GATINEAU,QC,,J8Y1W9
0A1D41A,66464FF,Collège de Nomttéex,COLLEGE DE NOMTTEEX,"1931, rue Sherbrooke Ouest",,Montréal,QC,Canada,H3H1E3,MONTREAL,QC,CA,H3H1E3
7130E87,3E20B88,Collège Putochat,COLLEGE PUTOCHAT,"857, rue Riverside",,St-Lambert,QC,Canada,J4P1C2,ST-LAMBERT,QC,CA,J4P1C2
AC3BED9,BB46340,Com - Tazt,COM TAZT,20 - 520 Westney Road S.,,Ajax,On,Canada,L1S6W6,AJAX,ON,CA,L1S6W6
B8DBD4F,4EB6766,Comcabt JTC Inc.,COMCABT JTC,454 rue Edouard,,Granby,QC,Canada,J2G3Z3,GRANBY,QC,CA,J2G3Z3
9187B3D,AF017E9,Comcotpue University,COMCOTPUE UNIVERSITY,1455 de Maisonneuve Blvd W,,Montreal,Quebec,Canada,H3G1M8,MONTREAL,QC,CA,H3G1M8
6CD95C6,E6E436A,Comfapatetuom Ftaazatz Inc.,COMFAPATETUOM FTAAZATZ,250 Summerlea Road,,Brampton,ON,,L6T5H4,BRAMPTON,ON,,L6T5H4
194E028,3D39262,Comgabac,COMGABAC,"Unit A, 1555 Cheverier Blvd",,Winnipeg,Manitoba,,R2T1Y7,WINNIPEG,MB,,R2T1Y7
DAD4DC3,3ABBD81,Componumuun Corporation c/o,COMPONUMUUN C O,"16 Four Seasons Place, #206",,Toronto,ON,,M9B6E5,TORONTO,ON,,M9B6E5
93F041A,DC9819B,Comttoxxap Amvutomnamt Technologies Ltd.,COMTTOXXAP AMVUTOMNAMT TECHNOLOGIES,299 Knottwood Road,,Edmonton,Alberta,Canada,T6K2G5,EDMONTON,AB,CA,T6K2G5
2C06BCB,6647160,Comtumamtex Nuzhtoon,COMTUMAMTEX NUZHTOON,2545 9th Line Road,,Metcalfe,ON,,K0A2P0,METCALFE,ON,,K0A2P0
00330A5,CE04DB1,Comtumuouz Coxout Coet Ltd.,COMTUMUOUZ COXOUT COET,1430 Martin Grove Rd,,Rexdale,ON,,M9W4Y1,REXDALE,ON,,M9W4Y1
60346EF,B25861D,COMZTUTUTUOM PLACE TATUTANAMT HONA,COMZTUTUTUOM PLACE TATUTANAMT HONA,3051 CONSTITUTION BLVD.,,MISSISSAUGA,ON,,L4Y2Z1,MISSISSAUGA,ON,,L4Y2Z1
23CFCC2,C77EAC2,Conbezz Numatexz Canada EB,CONBEZZ NUMATEXZ CANADA EB,P.O. Box 550,327 Smith Road,Amherst,NS,,B4H3Y4,AMHERST,NS,,B4H3Y4
2DFC65E,DE513B8,Conbxata Chuxxat Solutions,CONBXATA CHUXXAT SOLUTIONS,"4444 Eastgate Parkway, Unit 8",,Mississauga,ON,,L4W4T6,MISSISSAUGA,ON,,L4W4T6
63E731F,BFA07E5,ConFuaxp Management Services,CONFUAXP MANAGEMENT SERVICES,"2171 Avenue Rd., Suite 303",,Toronto,ON,,M5M4B4,TORONTO,ON,,M5M4B4
E587242,929D64B,Connatcuex Mechanical Services Ltd.,CONNATCUEX MECHANICAL SERVICES,"2721 Markham Road, Unit 10",,Scarborough,ON,,M1X1L5,SCARBOROUGH,ON,,M1X1L5
587802E,C47AD65,Connom Goop Baat Co.,CONNOM GOOP BAAT,475 Ellesmere Road,,Toronto,ON,,M1R4E5,TORONTO,ON,,M1R4E5
436AA50,ABB9C90,Conumet Taex Estate Umvaztnamt Trust,CONUMET TAEX ESTATE UMVAZTNAMT TRUST,102-55 University Avenue,P.O. Box 25,Toronto,ON,,M5J2H7,TORONTO,ON,,M5J2H7
759839E,4DE1201,Coobat - Ztempetp Eutonotuva Inc.,COOBAT ZTEMPETP EUTONOTUVA,P.O.Box 311,,Auburn,IN,,46706,AUBURN,IN,,46706
0B2C7B3,844C520,Coox Chack Eut Computuomumg,COOX CHACK EUT COMPUTUOMUMG,"25 Coronet Rd, Unit 4",,Etobicoke,ON,,M8Z2L8,ETOBICOKE,ON,,M8Z2L8
C8F6B50,FA3782C,Cooxtowm Cxuneta Comttox Corp.,COOXTOWM CXUNETA COMTTOX,310-7270 Woodbine Ave,,Markham,ON,,L3R4B9,MARKHAM,ON,,L3R4B9
8F3B7A4,F460BE3,Cottume Kutchamz Inc.,COTTUME KUTCHAMZ,70 Regina Road,,Woodbridge,Ontario,,L4L8L6,WOODBRIDGE,ON,,L4L8L6
1B1B738,05B021F,Coxommepa Btupgabott UTF,COXOMMEPA BTUPGABOTT UTF,"16 Concourse Gate, Suite 200",,Ottawa,ON,,K2E7S8,OTTAWA,ON,,K2E7S8
AABA074,05B021F,Coxommepa Management Inc. UTF-,COXOMMEPA MANAGEMENT UTF,"16 Concourse Gate, Suite 200",,Ottawa,ON,,K2E7S8,OTTAWA,ON,,K2E7S8
D450098,05B021F,Coxommepa Management Inc. UTF.,COXOMMEPA MANAGEMENT UTF,"16 Concourse Gate, Suite 200",,Ottawa,ON,,K2E7S8,OTTAWA,ON,,K2E7S8
869C820,05B021F,Coxommepa Management Inc. UTF,COXOMMEPA MANAGEMENT UTF,"16 Concourse Gate, Suite 200",,Ottawa,ON,,K2E7S8,OTTAWA,ON,,K2E7S8
812CBAE,98B69FD,Coxxuatz Canada,COXXUATZ CANADA,77 Elm St. U 601,,Toronto,ON,,M5G1H4,TORONTO,ON,,M5G1H4
EFF87AF,DDADC07,Coxxuatz International*,COXXUATZ INTERNATIONAL,181 Bay Street Suite #1400,,Toronto,ON,,M5J2V1,TORONTO,ON,,M5J2V1
822E407,F9F5200,Coxxuatz International - 235 Pumcem Nuxxz,COXXUATZ INTERNATIONAL 235 PUMCEM NUXXZ,"181 Bay Street, Suite 1400",,Toronto,ON,,M5J2V1,TORONTO,ON,,M5J2V1
3D8D796,DB73F01,Coxxuat'z International Canada,COXXUATZ INTERNATIONAL CANADA,"200-2505, 11th Avenue",,Regina,SK,,S4P0K6,REGINA,SK,,S4P0K6
C809EF7,3250888,CT UU LP As Egamt For 100 Zhabbetp Avenue Aezt,CT UU AS EGAMT FOR 100 ZHABBETP AVENUE AEZT,Crown Property Managent Inc.,90 Sheppard Avenue East,Toronto,ON,,M2N3A1,TORONTO,ON,,M2N3A1
56835FA,6BF9D9D,Ctaztboumt T.A.(1939 Beyvuaw Inc.),CTAZTBOUMT T A 1939 BEYVUAW,Management Services Ontario Inc,1929 Bayview Ave,Toronto,Ontario,,M4G3E8,TORONTO,ON,,M4G3E8
0DC4F93,39BBC9F,Ctowm Property Management Inc.,CTOWM PROPERTY MANAGEMENT,90 Sheppard Avenue East,Suite 305,Toronto,ON,,M2N3A1,TORONTO,ON,,M2N3A1
B09F3E3,2F6AC27,CTUVXB as egamt for CT14 Cetxzom Court,CTUVXB AS EGAMT FOR CT14 CETXZOM COURT,(10 &20) Carlson Court,"5409 Eglinton Ave. West, Suite 208",Etobicoke,ON,,M9C5K6,ETOBICOKE,ON,,M9C5K6
81A3BDD,2880EE8,CUBE Vuzuom Canada Inc.,CUBE VUZUOM CANADA,6515 Kitimat Rd,,Mississauga,ON,,L5N2X5,MISSISSAUGA,ON,,L5N2X5
2D720BC,A756A82,Cumabxax Inc.,CUMABXAX,1303 Yonge Street,,Toronto,ON,,M4T2Y9,TORONTO,ON,,M4T2Y9
DDF8A04,179E978,Cumazbeca Fuxn Ztupuoz,CUMAZBECA FUXN ZTUPUOZ,"777 Kipling Avenue, Suite 300",,Toronto,ON,,M8Z5Z4,TORONTO,ON,,M8Z5Z4
6E060CC,15A9876,Cunamt Xecezza Xtaa,CUNAMT XECEZZA XTAA,48 Montee Laramee,,St-Annes-des-Plaines,QC,,J0N1H0,ST-ANNES-DES-PLAINES,QC,,J0N1H0
B252417,5759F75,"CUUZZZ AZT DE X'UXA DE NTX, UMZT. UUZNN",CUUZZZ AZT DE XUXA DE NTX UMZT UUZNN,"7401, rue Hochelaga",,Montréal,QC,Canada,H1N3M5,MONTREAL,QC,CA,H1N3M5
F763FBA,2003259,CUUZZZ de x’Azttua - CHUZ (Hôbutex Gtemby),CUUZZZ DE X’AZTTUA CHUZ HOBUTEX GTEMBY,Fournisseurs,"300, rue King Est",Sherbrooke,QC,Canada,J1G1B1,SHERBROOKE,QC,CA,J1G1B1
2614456,0439085,Cuzhnem & Wekafuaxp,CUZHNEM WEKAFUAXP,50 Garland Avenue,Unit 2,Dartmouth,NS,Canada,B3B0A3,DARTMOUTH,NS,CA,B3B0A3
914B6FE,4FB3B4B,Cuzton Bxeztucz Ltd.,CUZTON BXEZTUCZ,887 D'Arcy Street,,Cobourg,ON,,K9A4B4,COBOURG,ON,,K9A4B4
63FDBEA,0AC5606,CUZZZ de la Nomtétégua-Centre,CUZZZ DE LA NOMTETEGUA CENTRE,"3120, boul. Taschereau",,Greenfield Park,QC,Canada,J4V2H1,GREENFIELD PARK,QC,CA,J4V2H1
62B0FA5,575B46B,CUZZZ de Xevex - Conbtebuxuta,CUZZZ DE XEVEX CONBTEBUXUTA,"1515, boul. Chomedey",,Laval,QC,Canada,H7V3Y7,LAVAL,QC,CA,H7V3Y7
7CE1628,D39D8CA,CXEC and CXUCC c/o GWX Taexty Epvuzotz Inc.,CXEC AND CXUCC C O GWX TAEXTY EPVUZOTZ,1 Adelaide Street East,PO Box 199,Toronto,ON,,M5C2V9,TORONTO,ON,,M5C2V9
4159063,D39D8CA,CXEC c/o GWX Taexty Epvuzotz Inc.,CXEC C O GWX TAEXTY EPVUZOTZ,1 Adelaide Street East,PO Box 199,Toronto,ON,,M5C2V9,TORONTO,ON,,M5C2V9
7F9AD22,E629F7D,Cxeytom Zexaz & Services Ltd.,CXEYTOM ZEXAZ SERVICES,22B Strathearn Ave. Unit 1B,,Brampton,Ontario,,L6T4S9,BRAMPTON,ON,,L6T4S9
4F3095A,A26A2AC,CXUC & CXEC,CXUC CXEC,Mezzanine Level,444 Yonge ST,Toronto,ON,,M5B2H4,TORONTO,ON,,M5B2H4
1CF88DC,F1D37C6,Cxunet Comttox ZATO-C,CXUNET COMTTOX ZATO C,3154 Le Corbusier,,Laval,QC,,H7L4S8,LAVAL,QC,,H7L4S8
090E92C,15062F0,Cxunet-Comttox ZB Inc.,CXUNET COMTTOX ZB,"1061, rue Marie-Victorin",,St-Burno,Québec,Canada,J3V0M7,ST-BURNO,QC,CA,J3V0M7
AEF84C2,21E70B5,Cxunetuzetuom Beuxeut Inc.,CXUNETUZETUOM BEUXEUT,"120-50, Boul. Taschereau",,La Prairie,QC,Canada,J5R4V3,LA PRAIRIE,QC,CA,J5R4V3
2C3FB77,0BA9CC9,Cxypa Street Developments Ltd.,CXYPA STREET DEVELOPMENTS,1 Craigmore Dr. Suite 201,,Halifax,NS,,B3N0C6,HALIFAX,NS,,B3N0C6
7183048,DD5F88C,DIV (150 Exxzteta) Limited,DIV 150 EXXZTETA,"2225 Sheppard Ave., E., Suite 900",,Toronto,ON,,M2J5C2,TORONTO,ON,,M2J5C2
FAA0C5E,B5B97D7,Division 25 Plumbing,DIVISION 25 PLUMBING,RR#2,,New Lowell,ON,,L0M1N0,NEW LOWELL,ON,,L0M1N0
3770BBE,D471098,Eacom Umpuzttuex,EACOM UMPUZTTUEX,150 Sheldon Drive,,Cambridge,ON,,N1R7K9,CAMBRIDGE,ON,,N1R7K9
DF3434A,F573CF0,EAN Ltd.,EAN,"60 Dorey Avenue, Suite 103",,Dartmouth,NS,,B3B0B1,DARTMOUTH,NS,,B3B0B1
EE12461,B34A961,Ebbtovap Coxp Ztotega Inc.,EBBTOVAP COXP ZTOTEGA,5100 Harvester Road,,Burlington,ON,,L7L4X4,BURLINGTON,ON,,L7L4X4
B874689,E3ECFD6,EBBXUAP SYSTEMS  TECHNOLOGIES INC.,EBBXUAP SYSTEMS TECHNOLOGIES,910 Rowntree Dairy Road Unit 5/6,,Woodbridge,ON,,L4L5W4,WOODBRIDGE,ON,,L4L5W4
0BBDBD1,B83E941,Ebbxuap Systems Technologies Inc.,EBBXUAP SYSTEMS TECHNOLOGIES,"155 Rowntree Dairy Road., Unit #6",,Woodbridge,ON,,L4L6E1,WOODBRIDGE,ON,,L4L6E1
36A7229,F552A47,EBCO Industries Inc,EBCO INDUSTRIES,81 Tannery Road,PO Box 1120,Lunenburg,NS,,,LUNENBURG,NS,,
70F2F7C,6A56466,Ebotax Inc. - AZO Building,EBOTAX AZO BUILDING,50 Steinway Blvd,,Etobicoke,ON,,M9W6Y3,ETOBICOKE,ON,,M9W6Y3
B91649F,5ABA1D5,Eboxxo Cutcuutz,EBOXXO CUTCUUTZ,109 Oakdale Road,,Toronto,ON,,M3N1W2,TORONTO,ON,,M3N1W2
075F2D6,B253798,Eboxxo Nuctowevaz Ltd,EBOXXO NUCTOWEVAZ,"1650, route Trancanadienne",,Dorval,Québec,Canada,H9P1H7,DORVAL,QC,CA,H9P1H7
9EBEA64,FC34D0F,EC Mechanical Comttectotz Ltd,EC MECHANICAL COMTTECTOTZ,17-2857 Sherwood Heights Drive,,Oakville,ON,,L6J7J9,OAKVILLE,ON,,L6J7J9
110A5FC,C3D4BC1,EC Mechanical Comttectotz Ltd.,EC MECHANICAL COMTTECTOTZ,17-2857 Sherwood Heights Dr.,,Oakville,ON,,L6J7J9,OAKVILLE,ON,,L6J7J9
453435E,76686A2,EC Puzbamzumg Equipment,EC PUZBAMZUMG EQUIPMENT,100 Dispensing Way,,Lower Sackville,NS,,B4C4H2,LOWER SACKVILLE,NS,,B4C4H2
622C2AB,6148338,Eca Mechanical Limited,ECA MECHANICAL,3016 Monaghan Drive,,Halifax,NS,,B3K2V9,HALIFAX,NS,,B3K2V9
B2D3295,2939075,Ecett Connumucetuomz,ECETT CONNUMUCETUOMZ,"171 Nepean St., Suite 600",,Ottawa,ON,,K2P0B4,OTTAWA,ON,,K2P0B4
4B319A8,A208CD8,EExxztet Plumbing and Haetumg inc.,EEXXZTET PLUMBING AND HAETUMG,1570 Blair Road,,Ottawa,ON,,K1B3K7,OTTAWA,ON,,K1B3K7
11F3864,4FB9395,Effumuty Ctaput Umuom,EFFUMUTY CTAPUT UMUOM,833 - 4th Street,,Estevan,SK,,S4A0V8,ESTEVAN,SK,,S4A0V8
6B34535,7504869,Egamca Cemepuamma p'umzbactuom des exunamtz,EGAMCA CEMEPUAMMA PUMZBACTUOM DES EXUNAMTZ,"3400, boulevard Casavant ouest",,St-Hyacinthe,QC,Canada,J2S8E3,ST-HYACINTHE,QC,CA,J2S8E3
6BE46F0,6FE6AC7,Emchot Group Etxemtuc,EMCHOT GROUP ETXEMTUC,8 Anchor Drive,,Halifax,NS,,B3N0C2,HALIFAX,NS,,B3N0C2
BCEF999,2326036,Emexytuqz Inc.,EMEXYTUQZ,9452 Boulevard du Golf,,Anjou,QC,,H1J3A1,ANJOU,QC,,H1J3A1
5366E42,3595541,Emguz Consulting Management Limited,EMGUZ CONSULTING MANAGEMENT,1125 Leslie Street,,Toronto,ON,Canada,M3C2J6,TORONTO,ON,CA,M3C2J6
5D1DDE4,962BFC4,Emttun Mechanical,EMTTUN MECHANICAL,"8560 Torbram Rd., Unit 36",,Brampton,ON,,L6T5C8,BRAMPTON,ON,,L6T5C8
353D8D9,C119275,Enaxom Property Management Inc.,ENAXOM PROPERTY MANAGEMENT,Suite 505 - 250 Ferrand Drive,,Toronto,ON,,M3C3G8,TORONTO,ON,,M3C3G8
CF08221,3012C38,Enaxom Property Nemegnamt Inc.,ENAXOM PROPERTY NEMEGNAMT,Suite 505-250 Ferrand Drive,,Toronto,ON,,M3C3G8,TORONTO,ON,,M3C3G8
CFEDA9F,FD63FB4,ENBATVUAW MECHANICAL & PLUMBING,ENBATVUAW MECHANICAL PLUMBING,93 AMBERVIEW DRIVE,,KESWICK,ON,,L4P3Y4,KESWICK,ON,,L4P3Y4
3BF230F,B2CB2A8,Enbuamt Mechanical Ltd.,ENBUAMT MECHANICAL,191 Caldari Road,,Concord,ON,,L4K4A1,CONCORD,ON,,L4K4A1
6117E60,7A26767,Epnmz Epaxeupa Umvaztnamt,EPNMZ EPAXEUPA UMVAZTNAMT,"160 Bloor Street East, Suite 905",,TORONTO,ON,,M4W1B9,TORONTO,ON,,M4W1B9
074FBEE,A4E602F,Epnutexty Place,EPNUTEXTY PLACE, Box 18 - 20 Gore St.,,Kingston,ON,,K7L2L1,KINGSTON,ON,,K7L2L1
6A07440,0D47B33,Épufuca 1090 Baevat Hexx Inc.,EPUFUCA 1090 BAEVAT HEXX,630 Rue Saint-Paul Ouest,#600,Montréal,QC,Canada,H3C1L9,MONTREAL,QC,CA,H3C1L9
0F27D41,734D4D1,Épufuca 1165 Tobatt-Boutezze Inc.,EPUFUCA 1165 TOBATT BOUTEZZE,"630, rue Saint-Paul Ouest",Bureau 600,Montréal,QC,Canada,H3C1L9,MONTREAL,QC,CA,H3C1L9
33CD12D,0D47B33,Épufuca 211 Xeutuat Inc.,EPUFUCA 211 XEUTUAT,630 Rue Saint-Paul Ouest,#600,Montréal,QC,Canada,H3C1L9,MONTREAL,QC,CA,H3C1L9
7F9C13A,734D4D1,Épufuca 3510 St-Jecquaz,EPUFUCA 3510 ST JECQUAZ,"630, rue Saint-Paul Ouest",Bureau 600,Montréal,QC,Canada,H3C1L9,MONTREAL,QC,CA,H3C1L9
F54B9E3,0D47B33,Épufuca 5110 Zhatbtooka Inc.,EPUFUCA 5110 ZHATBTOOKA,630 Rue Saint-Paul Ouest,#600,Montréal,QC,Canada,H3C1L9,MONTREAL,QC,CA,H3C1L9
6D7894A,DEB8C66,Épufuca 635 Tamé-Xévazqua Ouazt Inc.,EPUFUCA 635 TAME XEVAZQUA OUAZT,630 rue Saint-Paul Ouest #600,,Montréal,QC,Canada,H3C1L9,MONTREAL,QC,CA,H3C1L9
61C9FAE,DE46C6C,Épufuca Btawztat,EPUFUCA BTAWZTAT,630 rue Saint-Paul Ouest,Bureau 600,Montreal,QC,,H3C1L9,MONTREAL,QC,,H3C1L9
865ADB5,F04144D,Epvemcap Habe Technologies Inc.,EPVEMCAP HABE TECHNOLOGIES,2601 Matheson Blvd E.,Unit #12,Mississauga,ON,,L4W5A8,MISSISSAUGA,ON,,L4W5A8
768E23D,B5C9BD3,EPVEMTEGA ZBACUEXTUAZ,EPVEMTEGA ZBACUEXTUAZ,P.O. BOX 244,,BRIGHTON,ON,,K0K1H0,BRIGHTON,ON,,K0K1H0
B034977,63CB471,EQUEWTUGHT WETAT TTAETNAMT,EQUEWTUGHT WETAT TTAETNAMT,"106, 2929 Laurier St.",,Rockland,ON,,K4K1T8,ROCKLAND,ON,,K4K1T8
8C42DDE,E1BA0D8,Equezoft Bazt Wetat Ltd.,EQUEZOFT BAZT WETAT,"8540 Keele Street, Unit 2",,Concord,ON,,L4K2N2,CONCORD,ON,,L4K2N2
36BE7C6,88A6BB7,Etame Atuc Zhetb,ETAME ATUC ZHETB,660 Av. Oak,,Saint-Lambert,QC,Canada,J4P2R6,SAINT-LAMBERT,QC,CA,J4P2R6
9AEA515,8992652,Etenetk Healthcare,ETENETK HEALTHCARE,2200 Eglinton Ave. W.,,Mississauga,ON,,L5M2N1,MISSISSAUGA,ON,,L5M2N1
78DAEE9,C791FF9,Eteuco Canada Limited,ETEUCO CANADA,"515 River Crossing Drive, Suite 110",,Fort Mill,SC,USA,29715,FORT MILL,SC,US,29715
62C2340,2C065FD,Ethox Nuttey College of Motta Pena,ETHOX NUTTEY COLLEGE OF MOTTA PENA,Box 100,,Wilcox,SK,,S0G5E0,WILCOX,SK,,S0G5E0
0F50D38,BCECB2D,Ettuz REIT,ETTUZ REIT,600-220 Portage Avenue,,Winnipeg,MB,,R3C0A5,WINNIPEG,MB,,R3C0A5
E0C963B,8F1D67C,Etxemtuc Beckegumg -,ETXEMTUC BECKEGUMG,111 Progress Ave,,Scarborough,ON,Canada,M1P2Y9,SCARBOROUGH,ON,CA,M1P2Y9
7EF7C22,C6FFA8E,Etxemtuc Fetn Services Inc.,ETXEMTUC FETN SERVICES,P.O. Box 750,350 Elmwood Drive,Moncton,NB,,E1A8R5,MONCTON,NB,,E1A8R5
7EBFE5D,39E6A5E,Etxemtuc Technology Center,ETXEMTUC TECHNOLOGY CENTER,176 Great George St,,Charlottetown,PE,,C1A4K9,CHARLOTTETOWN,PE,,C1A4K9
8C3CC53,E25E7E1,Etxemtuc Zae Cucunbat Ltd.,ETXEMTUC ZAE CUCUNBAT,212 Paul's Point Road,,Hackett's Cove,NS,,B3Z3K7,HACKETTS COVE,NS,,B3Z3K7
4116778,FD1ED8F,Etxez Coxp Ztotega,ETXEZ COXP ZTOTEGA,10 Garyray Drive,,Toronto,ON,,M9L1P1,TORONTO,ON,,M9L1P1
0EC75C3,D543BE2,Etxez Coxp Ztotega -,ETXEZ COXP ZTOTEGA,4545 Steeles Ave,,Toronto,ON,,M9L1X2,TORONTO,ON,,M9L1X2
4DAE5D2,FA7D1C8,Etxez Zemutety Zawat Services,ETXEZ ZEMUTETY ZAWAT SERVICES,2333 6th Ave.,,Regina,SK,,S4R1B4,REGINA,SK,,S4R1B4
51629AF,A68EEFC,Eumzwotth Inc.,EUMZWOTTH,6300 Viscount Rd.  Unit 1,,Mississauga,ON,Canada,L4V1H3,MISSISSAUGA,ON,CA,L4V1H3
A39AAAE,080F9D5,Eumzwotth Inc.-,EUMZWOTTH,131 Bermondsey Rd.,,Toronto,ON,Canada,M4A1X4,TORONTO,ON,CA,M4A1X4
6B0FCD7,64E143C,Eumzwotth Inc. - MZ,EUMZWOTTH MZ,AB-131 Ilsley Ave,,Dartmouth,NS,Canada,,DARTMOUTH,NS,CA,
12F757C,23F75F5,Eut Canada Facility,EUT CANADA FACILITY,601 Barnes Rd.,,Enfield,NS,,B2T1K3,ENFIELD,NS,,B2T1K3
3AE5CA2,C3CDB31,Eut Cuttamt Umpuzttuex Inc.,EUT CUTTAMT UMPUZTTUEX,21 Sable Street,,Toronto,ON,,M6M3K8,TORONTO,ON,,M6M3K8
3C0FD5B,D765989,Eutom HVEC and Comttoxz Ltd.,EUTOM HVEC AND COMTTOXZ,5150 Fairview St.,,Burlington,ON,Canada,L7L6B7,BURLINGTON,ON,CA,L7L6B7
6DC7E20,B66BD15,Euttach Zymatgy,EUTTACH ZYMATGY,104-1671 Vimont Crt,,Ottawa,ON,Canada,K4A3M3,OTTAWA,ON,CA,K4A3M3
29411B6,86A959A,Eutunm HVEC Inc,EUTUNM HVEC,613  Irwin Crescent,,Newmarket,ON,,L3Y5A1,NEWMARKET,ON,,L3Y5A1
FB0CCF9,00EE338,Eutwey Centre Inc. % Paxtatte,EUTWEY CENTRE PAXTATTE,5955 Airport Road,Suite #120,Mississauga,ON,,L4V1R9,MISSISSAUGA,ON,,L4V1R9
8EC8197,1C2CBC8,Euxxy Chetxottatowm,EUXXY CHETXOTTATOWM,11 Regis Duffy Drive,,Charlottetown,PE,Canada,C1E0K5,CHARLOTTETOWN,PE,CA,C1E0K5
57410DD,A013280,EV-Tach Inc,EV TACH,2300 Leon-Harmel,,Quebec,QC,,G1N4L2,QUEBEC,QC,,G1N4L2
744248C,19F593E,Evame Foopz Ltd.,EVAME FOOPZ,316 - 1st Ave.,,Regina,SK,,S4N5H2,REGINA,SK,,S4N5H2
359AA2B,7A118E0,Evom Canada UXC,EVOM CANADA UXC,"5500, route transcanadienne est",,Pointe-Claire,QC,,H9R1B6,POINTE-CLAIRE,QC,,H9R1B6
E71AFD2,E7B7735,Evuxe Umvaztnamtz Ltd.,EVUXE UMVAZTNAMTZ,"232A Guelph Street, Suite 206",,Georgetown,ON,,L7G4B1,GEORGETOWN,ON,,L7G4B1
0975774,541332B,EX Property Management Services LP c/o 425 Yomga,EX PROPERTY MANAGEMENT SERVICES C O 425 YOMGA,"415 Yonge Street, Suite 1803",,Toronto,ON,,M5B2E6,TORONTO,ON,,M5B2E6
2FB60A6,E2870C7,EX Property Management Services X  B c/o Ettuz REIT,EX PROPERTY MANAGEMENT SERVICES X B C O ETTUZ REIT,1803 - 415 Yonge Street,,Toronto,ON,,M5B2E7,TORONTO,ON,,M5B2E7
A7867AC,BDFB45F,Exaefue Haexth Inc. (fotnatxy Anbxan,EXAEFUE HAEXTH FOTNATXY ANBXAN,85 Basaltic Road,,Concord,ON,,L4K1G4,CONCORD,ON,,L4K1G4
6714B18,BF512EC,Exbemy International Canada Inc.,EXBEMY INTERNATIONAL CANADA,300 Rue de Westmount,,Cowansville,QC,Canada,J2K1S9,COWANSVILLE,QC,CA,J2K1S9
2C70AEC,67636BB,Exgomquum College - Banbtoka Campus,EXGOMQUUM COLLEGE BANBTOKA CAMPUS,1 College Way,,Pembroke,ON,Canada,K8A0C8,PEMBROKE,ON,CA,K8A0C8
949FD46,B032554,Exttaex Corporation,EXTTAEX,2751 Bloor Street West,,Toronto,ON,,M8X1A6,TORONTO,ON,,M8X1A6
4A27D9F,B4741F4,Exunamtz Comegte Canada Inc.,EXUNAMTZ COMEGTE CANADA,"570, boulevard Cure-Boivin",,Boisbriand,QC,Canada,J7G2A7,BOISBRIAND,QC,CA,J7G2A7
8E3CD58,B584962,Exunamtz Xavuttz Inc,EXUNAMTZ XAVUTTZ,"7070, St- Patrick",,LaSalle,QC,,H8N1V2,LASALLE,QC,,H8N1V2
B757779,0F5EC83,Exunucezt,EXUNUCEZT,705 Bayview Drive,,Barrie,ON,,L4N9A5,BARRIE,ON,,L4N9A5
1C6B290,83AC481,Exx Waethat Mechanical,EXX WAETHAT MECHANICAL,5004 Timberlea Blvd. #48,,Mississuaga,ON,,L4W5C5,MISSISSUAGA,ON,,L4W5C5
3F59545,C9D6556,Exxam Mechanical,EXXAM MECHANICAL,3272 Creekford Road,,Kingston,ON,,K7P2Z8,KINGSTON,ON,,K7P2Z8
C2F725F,80FDA74,Exxuap Properties Management Limited Bettmatzhub,EXXUAP PROPERTIES MANAGEMENT BETTMATZHUB,134 Peter Street,,Toronto,M5V 2H2,,,TORONTO,M5V 2H2,,
206CEFB,2890DE6,EZVB INC.,EZVB, Forest Ridge Inc,"240 Duncan Mill Road, Suite 303",Toronto,ON,,M3B3S6,TORONTO,ON,,M3B3S6
448AACE,7D98E1C,"F & B Nfg., Inc.",F B NFG,"1  Nolan Road, PO Box 4000",,Tottenham,ON,,L0G1W0,TOTTENHAM,ON,,L0G1W0
1A3ACFF,EBAF0E4,F.C.C 21,F C C 21,200-165 Ontario Street,,Kingston,ON,,K7L2Y6,KINGSTON,ON,,K7L2Y6
E0D66F9,68BB965,FATGUZ PLACE,FATGUZ PLACE,164 FERGUS AVE,,KITCHENER,ON,,N2A2H2,KITCHENER,ON,,N2A2H2
F6B627F,98C88DE,FCC 23,FCC 23,2263 Princess St,,Kingston,ON,,K7M3G1,KINGSTON,ON,,K7M3G1
1FA4846,9AFCD43,Feme Butmhenthotba Corp c/o,FEME BUTMHENTHOTBA C O,"895 Don Mills Road, Suite 110",,Toronto,ON,,M3C1W3,TORONTO,ON,,M3C1W3
D9A5209,C916853,Fetmhen Court Properties,FETMHEN COURT PROPERTIES,275 Innovation Drive,,Bedford,NS,,,BEDFORD,NS,,
941E052,DA1494C,Fexcomwum Property Management,FEXCOMWUM PROPERTY MANAGEMENT,1850 Victoria Park Ave,Suite 401,Scarborough,ON,,M1R1T1,SCARBOROUGH,ON,,M1R1T1
9423D61,9C1C7F9,FNH Management,FNH MANAGEMENT,100 Arden St,,Moncton,NB,,E1C4B7,MONCTON,NB,,E1C4B7
820C26F,951C56E,Fompz de Bxecanamt Unnoboxuat Conumet,FOMPZ DE BXECANAMT UNNOBOXUAT CONUMET,300-222 Queen St.,,Ottawa,ON,,K1P5V9,OTTAWA,ON,,K1P5V9
EE8838B,EDB16E5,Foop Putactuomz Inc.,FOOP PUTACTUOMZ,"120 Melford Dr., Unit #8",,Scarborough,Ontario,,M1B2X5,SCARBOROUGH,ON,,M1B2X5
773A702,A6DDF2D,Fooptach Canada,FOOPTACH CANADA,101 Belvedere Ave,PO Box 2000,Charlottetown,PEI,,C1A7N8,CHARLOTTETOWN,PE,,C1A7N8
4A4B33E,D9BF08C,Fottumoz (Bxeumz Road),FOTTUMOZ BXEUMZ ROAD,1059 Plains Road East,,Burlington,ON,,L7T4K1,BURLINGTON,ON,,L7T4K1
E7EF81E,2492309,Fottumo'z (Emceztat 2021) LTD.,FOTTUMOZ EMCEZTAT 2021,54 Wilson Street West,,Ancaster,ON,,L9G1N2,ANCASTER,ON,,L9G1N2
1AB6CA8,1AEF195,Fottumoz-Hwy 17 & Emzxay,FOTTUMOZ HWY 17 EMZXAY,3940 Hwy 7,,Vaughan,ON,,L4L1A6,VAUGHAN,ON,,L4L1A6
617FF71,D1F8913,Foumpty Btawumg,FOUMPTY BTAWUMG,74 Grand Avenue,,Cambridge,ON,,N1S2L7,CAMBRIDGE,ON,,N1S2L7
3CBF964,D3A1A58,Foumteum Place Co Limited,FOUMTEUM PLACE,8-250 Don Park Road,,Markham,ON,,L3R2V1,MARKHAM,ON,,L3R2V1
A000594,4D4A8FE,Foxay Btopatuck LLP c/o,FOXAY BTOPATUCK LLP C O,38 Prince Arthur Ave,,Toronto,ON,,M5R1A9,TORONTO,ON,,M5R1A9
7B87DF2,EC3DF2A,Fuate Properties C/O Coxxuatz International,FUATE PROPERTIES C O COXXUATZ INTERNATIONAL,"181 Bay Street, suite 1400",,Toronto,ON,,M5J2V1,TORONTO,ON,,M5J2V1
7F8D58B,4A89777,FUATE Taex Estate Cota Fund LP c/o,FUATE TAEX ESTATE COTA FUND C O,E6406,"181 Bay Street, Suite 1400",Toronto,ON,,M5J2V1,TORONTO,ON,,M5J2V1
11EF99E,F9F5200,FUATE Taex Estate Cota Fund LP c/o  Coxxuatz,FUATE TAEX ESTATE COTA FUND C O COXXUATZ,"181 Bay Street, Suite 1400",,Toronto,ON,,M5J2V1,TORONTO,ON,,M5J2V1
295C59D,C375F31,Fuate Taex Estate Cota Fund C/O Coxxuatz,FUATE TAEX ESTATE COTA FUND C O COXXUATZ,181 Bay St. Suite 1400,,Toronto,ON,,M5J2V1,TORONTO,ON,,M5J2V1
D4F6EE9,F9F5200,FUATE Taex  Estate  Cota Fund LP c/o  Coxxuatz,FUATE TAEX ESTATE COTA FUND C O COXXUATZ,"181 Bay Street, Suite 1400",,Toronto,ON,,M5J2V1,TORONTO,ON,,M5J2V1
04600F1,F9F5200,FUATE Taex Estate Cota Fund LP   c/o   Coxxuatz,FUATE TAEX ESTATE COTA FUND C O COXXUATZ,"181 Bay Street, Suite 1400",,Toronto,ON,,M5J2V1,TORONTO,ON,,M5J2V1
F704696,F9F5200,FUATE Taex Estate Cota Fund LP c/o Coxxuatz,FUATE TAEX ESTATE COTA FUND C O COXXUATZ,"181 Bay Street, Suite 1400",,Toronto,ON,,M5J2V1,TORONTO,ON,,M5J2V1
7ED4324,D3276E6,Futa Station Cezatma #15,FUTA STATION CEZATMA 15,535 Bouleverd Greber,,Gatineau,QC,,J8T8P2,GATINEAU,QC,,J8T8P2
21B55AA,FD5FDCD,FutztZatvuca Residential,FUTZTZATVUCA RESIDENTIAL,2645 Skymark Ave. Suite 101,,Mississuga,ON,,L4W4H2,MISSISSUGA,ON,,L4W4H2
BCB7D02,BB5E63F,G. Btempt Naet Beckatz Ltd.,G BTEMPT NAET BECKATZ,1878 Mattawa Avenue,,Mississauga,ON,,L4X1K1,MISSISSAUGA,ON,,L4X1K1
B8425EB,FA7D1C8,G&T Mechanical Comttectumg Inc.,G T MECHANICAL COMTTECTUMG,2333 6th Ave.,,Regina,SK,,S4R1B4,REGINA,SK,,S4R1B4
AF73FF3,9310C50,Gamatex Eut Systems,GAMATEX EUT SYSTEMS,17 - 65 Woodstream Blvd.,,Woodbridge,ON,,L4L7X6,WOODBRIDGE,ON,,L4L7X6
BFB29D9,9039B63,Gao E. Kaxzom Company Ltd.,GAO E KAXZOM,2 Bales Drive West,,Sharon,Ontario,,L0G1V0,SHARON,ON,,L0G1V0
2B5FA01,FFEDF13,Gaotga Btowm  College,GAOTGA BTOWM COLLEGE,200 King Street East,,Toronto,ON,,M5A3W8,TORONTO,ON,,M5A3W8
663B7F2,B60BCC1,Gaztuom Bembon,GAZTUOM BEMBON,9151 St-Laurent,,Montréal,QC,Canada,H2N1N2,MONTREAL,QC,CA,H2N1N2
ED01D75,645BC2E,Gaztuom BZ,GAZTUOM BZ,215 St-Laurent,,Montreal,QC,,H2Y3T9,MONTREAL,QC,,H2Y3T9
01EFA87,971EAE2,Gaztuom BZ 1610 Ottawa,GAZTUOM BZ 1610 OTTAWA,1600 Ottawa,,Montréal,QC,Canada,H3C0V6,MONTREAL,QC,CA,H3C0V6
DBCD835,9CB9617,Gaztuom Cotav,GAZTUOM COTAV,9250 Boul. L'Acadie,Suite 205,Montréal,QC,Canada,H4N3C5,MONTREAL,QC,CA,H4N3C5
70DB9B4,BA70F39,Gaztuom Umpuzttuaxxa Neumtamemca Nem inc.,GAZTUOM UMPUZTTUAXXA NEUMTAMEMCA NEM,30 Rue Émilien Marcoux #108,,Blainville,QC,Canada,J7C0B5,BLAINVILLE,QC,CA,J7C0B5
DE35E82,C21E7DD,Gaztuom Unn-Tach,GAZTUOM UNN TACH,"9350, rue de l`Innovation, bureau 200",,Montréal,QC,Canada,H1J2X9,MONTREAL,QC,CA,H1J2X9
E97F524,E421A15,Gemttax,GEMTTAX,12 Barr Road,,Ajax,ON,,L1S3X9,AJAX,ON,,L1S3X9
5FD0C87,78A2429,Geta Goutnat Canada Inc,GETA GOUTNAT CANADA,11 Redwing Drive,,Goffs,NS,,B2T1K3,GOFFS,NS,,B2T1K3
BF01C3C,83B7922,Gettuzom Btawumg Co.,GETTUZOM BTAWUMG,1096 Marginal Road,,Halifax,NS,,B3H4N4,HALIFAX,NS,,B3H4N4
A3ED50A,D3AC383,GFX Amvutomnamtex Inc,GFX AMVUTOMNAMTEX,"100 New Park Place, Suite 600",,Vaughan,ON,,L4K0H9,VAUGHAN,ON,,L4K0H9
9FCA1DE,9E86587,GFX Amvutomnamtex Aezt Corp. -,GFX AMVUTOMNAMTEX AEZT,1070 Toy Avenue,,Pickering,ON,Canada,L1W3P1,PICKERING,ON,CA,L1W3P1
FAC15F3,125D9A6,GFX Amvutomnamtex Inc. (Tattebuta),GFX AMVUTOMNAMTEX TATTEBUTA,660 MacElmon Road,,Debert,NS,,B0M1G0,DEBERT,NS,,B0M1G0
54413A9,14416FA,GOTP PROPERTIES INC c/o Powmumg Street Property,GOTP PROPERTIES C O POWMUMG STREET PROPERTY,50 Nimacor Ave,,Vaughan,ON,,L4K4Z9,VAUGHAN,ON,,L4K4Z9
A2B7B76,6B2B66C,GP Comzuxtemt Inc.,GP COMZUXTEMT,"2933, rue Gouin",,Mascouche,QC,Canada,J7K3H7,MASCOUCHE,QC,CA,J7K3H7
CB9A75D,75476E5,"Group Cotbaux, Aeztatm Ontario Taepynux",GROUP COTBAUX AEZTATM ONTARIO TAEPYNUX,630 HWY 17 East,,L'Orignal,ON,,K0B2K2,LORIGNAL,ON,,K0B2K2
F9787A2,191AEE8,Gtaet Valley Juucaz,GTAET VALLEY JUUCAZ,19 Collins Road,,Port William,NS,,B0P1T0,PORT WILLIAM,NS,,B0P1T0
D4CCE17,8985575,GTE Plumbing,GTE PLUMBING,"3075 Ridgeway Drive, Unit 24",,Mississauga,ON,,L5L5M6,MISSISSAUGA,ON,,L5L5M6
C231D9A,F177C3E,Gteca Umutap Church,GTECA UMUTAP CHURCH,210 Third Street North,,Weyburn,SK,,S4H0W6,WEYBURN,SK,,S4H0W6
5EC30FE,A35B2DC,Gtempvuaw Chuxptam'z Centre,GTEMPVUAW CHUXPTAMZ CENTRE,"600 Townline Road, South",,Oshawa,ON,,L1H0C8,OSHAWA,ON,,L1H0C8
1090331,5039F1E,"Gtemt Thotmtom Limited, as Tacauvat of 65 Town",GTEMT THOTMTOM AS TACAUVAT OF 65 TOWN,"200 King Street West, 1th Floor",,ON,Toronto,,M5H3T4,ON,ON,,M5H3T4
8E3C782,FA7C483,Gtey Tooxz Canada,GTEY TOOXZ CANADA,299 Orenda Road,,Brampton,ON,,L6T1E8,BRAMPTON,ON,,L6T1E8
0ED2E57,908C716,Guaxbh Nemufectutumg Group Inc,GUAXBH NEMUFECTUTUMG GROUP,39 Royal Road,,Guelph,ON,Canada,N1H1G2,GUELPH,ON,CA,N1H1G2
36356C6,5731F8F,Gux-Zom Construction Limited,GUX ZOM CONSTRUCTION,1 Mills Drive,,Goodwood,NS,,B3T1P3,GOODWOOD,NS,,B3T1P3
A1D1E94,29F8D8F,GWX Taexty Epvuzotz Inc.-,GWX TAEXTY EPVUZOTZ,Property Management Office,"33 Yonge Street, Suite 1000",Toronto,ON,,M5E1G4,TORONTO,ON,,M5E1G4
EB4807B,420B2C6,GWX Taexty Epvuzotz Inc*,GWX TAEXTY EPVUZOTZ,PMO S-2,330 University Ave,Toronto,ON,,M5G1R8,TORONTO,ON,,M5G1R8
D6D001A,EC12177,GWX Taexty Epvuzotz Inc .,GWX TAEXTY EPVUZOTZ,"33 Yonge Street, Suite 1000",,Toronto,ON,,M5E1G4,TORONTO,ON,,M5E1G4
2899F99,8D24A4E,GWX Taexty Epvuzotz Inc..,GWX TAEXTY EPVUZOTZ,330 University Avenue,,Toronto,Ontario,,M5G1R8,TORONTO,ON,,M5G1R8
CD99AA7,15E4774,GWX Taexty Epvuzotz,GWX TAEXTY EPVUZOTZ,"330 University Ave,S-2",,Toronto,ON,,M5G1R6,TORONTO,ON,,M5G1R6
7D5BE92,979152B,"GWX Taexty Epvuzotz Inc.,",GWX TAEXTY EPVUZOTZ,"5000 Yonge St., Suite 1703",,Toronto,ON,,M2N7E9,TORONTO,ON,,M2N7E9
122D1E1,F070FED,Gxamm Tuchetpzom Plumbing & Haetumg Ltd,GXAMM TUCHETPZOM PLUMBING HAETUMG,2413 Industrial Street,,Burlington,ON,,L7P1A6,BURLINGTON,ON,,L7P1A6
5FB9739,A427DC8,Gxetfaxtat Getumaeu Ltée,GXETFAXTAT GETUMAEU LTEE,96 S. George St.,,York,PA,USA,17401,YORK,PA,US,17401
1210613,9FA7C9D,Gxobex Bhetn Inc.,GXOBEX BHETN,865 York Mills Road,,Don Mills,Ontario,,M3B1Y5,DON MILLS,ON,,M3B1Y5
32AB992,DFA1C05,H.C.C.C#293,H C C C293,45 Alderney Drive,9th Floor Suite 910,Dartmouth,NS,CANADA,B2Y2N6,DARTMOUTH,NS,CA,B2Y2N6
2BAFADC,57B2EBB,H.Z. St. Enemt & Zomz Inc.,H Z ST ENEMT ZOMZ,39 Robert Street West,,Penetanguishene,ON,,L9M1M5,PENETANGUISHENE,ON,,L9M1M5
9D87206,B691473,H12Fxow Equipment Inc.,H12FXOW EQUIPMENT,580 Oster Lane,,Vaughan,ON,,L4K2C1,VAUGHAN,ON,,L4K2C1
45205D8,C1B8729,Haet Eut Mechanical,HAET EUT MECHANICAL,207 Edgeley Blvd. Unit 29,,Concord,ON,,L4K4B5,CONCORD,ON,,L4K4B5
5E3DDB5,39C72E3,Haettxemp Tatutanamt Tazupamca,HAETTXEMP TATUTANAMT TAZUPAMCA,47 Riverside Gate,,Okotoks,AB,,T1S0J2,OKOTOKS,AB,,T1S0J2
774FFF5,758EE63,Haetumg Bxuz,HAETUMG BXUZ,2745 Park Street,,Regina,SK,,S4N2A4,REGINA,SK,,S4N2A4
503C20F,1DA287C,Hammug Property Management,HAMMUG PROPERTY MANAGEMENT,139 Angust Road,,Regina,SK,,S4R6G3,REGINA,SK,,S4R6G3
8052C49,B388F46,Hamptuckzom Zbtumg Zttetfotp,HAMPTUCKZOM ZBTUMG ZTTETFOTP,,532 Romeo St.S.,Stratford,ON,,N5A4V4,STRATFORD,ON,,N5A4V4
333BC4D,E9F62EC,HATAZ Haetumg & Cooxumg Inc.,HATAZ HAETUMG COOXUMG,582 Maple Ave,,Hamilton,ON,,L8K1L2,HAMILTON,ON,,L8K1L2
EBA9F2F,8CF0BE6,Hatutega Chocoxeta Limited,HATUTEGA CHOCOXETA,P.O. Box 887,72075 2138,Moncton,NB,,E1C8N8,MONCTON,NB,,E1C8N8
0783D77,C94BEF3,Hatutega Court Holdings,HATUTEGA COURT HOLDINGS,P.O. Box 887,,Moncton,NB,,E1C8N8,MONCTON,NB,,E1C8N8
FCEDBC6,F7F0DA2,Hatutega Developments Limited,HATUTEGA DEVELOPMENTS,1 Factory Lane,,Moncton,NB,,E1C1N4,MONCTON,NB,,E1C1N4
22217FC,FCC1C9A,Haxbatg Properties Limited,HAXBATG PROPERTIES,"235 Carlaw Avenue, Suite 403",,Toronto,ON,Canada,M4M2S1,TORONTO,ON,CA,M4M2S1
5844091,55D3694,HCC #240,HCC 240,"33 Alderney Drive, Suite 650",,Halifax,NS,,B2Y2N4,HALIFAX,NS,,B2Y2N4
EB9907F,6051572,HCC 248 c/o,HCC 248 C O,Suite 616 - 420 Main St. E,,Milton,ON,,L9T3G5,MILTON,ON,,L9T3G5
6BD4B21,C97C37C,HCCC #249,HCCC 249,"Suite 910, Queen Square",45 Alderney Dr,Dartmouth,NS,,B2Y2N6,DARTMOUTH,NS,,B2Y2N6
3402FDC,827D8A1,HCCC #295 c/o,HCCC 295 C O,61 Prince Albert Road,,Dartmouth,NS,,,DARTMOUTH,NS,,
091D03A,4A7232F,HCCC #296,HCCC 296,"45 Alderney Drive, Suite 910",,Dartmouth,NS,,B2Y2N6,DARTMOUTH,NS,,B2Y2N6
F19B1A2,BDF99D4,HCCC 360 - The Wetattom,HCCC 360 THE WETATTOM,61 Prince Albert Road,,Dartmouth,NS,,B2Y1M1,DARTMOUTH,NS,,B2Y1M1
A36A625,6455C77,HCCC #378,HCCC 378,,33 Alderney Drive #350,Dartmouth,NS,,B2Y2N6,DARTMOUTH,NS,,B2Y2N6
81C5184,BDF99D4,HCCC #95,HCCC 95,61 Prince Albert Road,,Dartmouth,NS,,B2Y1M1,DARTMOUTH,NS,,B2Y1M1
0BA3841,8EDC2A2,Heez Group Canada Inc.,HEEZ GROUP CANADA,PO Box. 2219,,Frazer,PA,USA,193550818,FRAZER,PA,US,193550818
6E358F0,7CC5C39,Henbtom Houza,HENBTOM HOUZA,330 Plansview Drive,,Regina,SK,,S4S6Z8,REGINA,SK,,S4S6Z8
C047543,7AE4F2C,Henbtom Xaezumg and Zexaz Ltd.,HENBTOM XAEZUMG AND ZEXAZ,Rpo- Profess Centre,5991 Spring Garden Road,Halifax,NS,Canada,B3H4R7,HALIFAX,NS,CA,B3H4R7
B31C33E,604BF9D,Henuxtom Znuth Limited,HENUXTOM ZNUTH,280 Jameisonbone Road,,Belleville,ON,,K8N5S8,BELLEVILLE,ON,,K8N5S8
9D1DD52,0D1CEF6,Hettumgtom and Associates Ltd.,HETTUMGTOM AND ASSOCIATES,9821 Leslie Street,Suite 105,Richmond Hill,ON,,L4B3Y4,RICHMOND HILL,ON,,L4B3Y4
F924293,1FDAFCD,Hetty Ftaanem & Zom Ltd.,HETTY FTAANEM ZOM,P.O. Box 100,,Greenfield,NS,,B0T1E0,GREENFIELD,NS,,B0T1E0
EBB535E,BA42360,Hetty Nuxxat Holdings Corp. C/O Joxem Properties Inc,HETTY NUXXAT HOLDINGS C O JOXEM PROPERTIES,100 - 2600 Finch Avenue West,,North York,ON,,M9M2G4,NORTH YORK,ON,,M9M2G4
0F843AD,0A8EDE6,Hexufex Wetat (HTWC),HEXUFEX WETAT HTWC,P.O. Box 8388,,Halifax,NS,,B3K5M1,HALIFAX,NS,,B3K5M1
BFA7852,836C96A,Hezaxvuaw Properties,HEZAXVUAW PROPERTIES,41 Cowie Hill Road,,Halifax,NS,,B3P2M7,HALIFAX,NS,,B3P2M7
5CA8873,1CB804F,Hompe Canada Inc.,HOMPE CANADA,180 Honda Boulevard,,Markham,ON,,L6C0H9,MARKHAM,ON,,L6C0H9
6098C0D,3AA22A2,Honaztaep Land Holdings.,HONAZTAEP LAND HOLDINGS,"5555 North Service Road, Suite 200",,Burlington,ON,,L7L5H7,BURLINGTON,ON,,L7L5H7
401D350,E773A88,Honaztaep Land Holdings',HONAZTAEP LAND HOLDINGS,"1950 Oxford Street, East",Unit 2,London,ON,Canada,N5V2Z8,LONDON,ON,CA,N5V2Z8
A9A6412,3901D96,Honaztaep Land Holdings Ltd.,HONAZTAEP LAND HOLDINGS,80 Johnson,,Kingston,ON,,K7L2Z8,KINGSTON,ON,,K7L2Z8
5D0F3D0,2530DB8,HOOBB Taexty Inc. c/o,HOOBB TAEXTY C O,"Exchange Tower, 130 King Street West","Suite 1710, PO Box 486",Toronto,ON,,M5X1E5,TORONTO,ON,,M5X1E5
9A191C1,0F39448,HOOBB Taexty Inc. c/o Ttuovazt Taexty Epvuzotz Inc.,HOOBB TAEXTY C O TTUOVAZT TAEXTY EPVUZOTZ,"40 University Ave., Suite 1200",,Toronto,ON,,M5J1T1,TORONTO,ON,,M5J1T1
172C1CE,35BE868,Hotuzom Bxeztucz International,HOTUZOM BXEZTUCZ INTERNATIONAL,Building #3,PO Box 474,Cobourg,ON,,K9A4L1,COBOURG,ON,,K9A4L1
88FF93A,C3214C6,Hotuzom Mechanical Comttectotz,HOTUZOM MECHANICAL COMTTECTOTZ,109 Shorncliffe Road,,Etobicoke,ON,,M8Z5K7,ETOBICOKE,ON,,M8Z5K7
BD6468C,77C38A6,Hotuzom Property Management Inc.,HOTUZOM PROPERTY MANAGEMENT,1029 King St. W.,,Toronto,ON,,M6K3M9,TORONTO,ON,,M6K3M9
6530084,A4974C3,Howxumg Eut Mechanical Inc.,HOWXUMG EUT MECHANICAL,"14-3650 Langstaff Road, Suite 392",,Woodbridge,ON,,,WOODBRIDGE,ON,,
C1507EC,0C135B4,HTZ Amgumaatumg Ltd.,HTZ AMGUMAATUMG,115 Norfinch Dr.,,Toronto,Ontario,,M3N1W8,TORONTO,ON,,M3N1W8
6D11C8F,4F354A6,Hugh Vexua Comzuxtemtz,HUGH VEXUA COMZUXTEMTZ,121 Harbord Street,,Toronto,ON,,M5S2L2,TORONTO,ON,,M5S2L2
6889D5A,AD82C50,Hughxemp Place,HUGHXEMP PLACE,20  Fieldgate Street,,Kitchener,ON,,N2M5K3,KITCHENER,ON,,N2M5K3
F51B671,D51E40F,HZCC 554 c/o Wuxzom Bxemchetp Management Inc.,HZCC 554 C O WUXZOM BXEMCHETP MANAGEMENT,111 Forsythe,,Oakville,ON,,L6K3J9,OAKVILLE,ON,,L6K3J9
2347634,9921316,International Chaaza Co. Ltd. -,INTERNATIONAL CHAAZA,67 Mulock Avenue,,Toronto,ON,Canada,M6N3C5,TORONTO,ON,CA,M6N3C5
779B585,04C94B3,J.X. Tuchetpz & Associates,J X TUCHETPZ ASSOCIATES,864 Lady Ellen Place,,Ottawa,ON,,K1Z5M2,OTTAWA,ON,,K1Z5M2
EC86A5E,F6FD6BB,Jaffxum Umvaztnamtz,JAFFXUM UMVAZTNAMTZ,85 Spy Court Suitem 100,,Markham,ON,,L3R4Z4,MARKHAM,ON,,L3R4Z4
A916A86,92E63A9,JAZ Mechanical,JAZ MECHANICAL,350 Avondale Rd,,Newport,NS,,B0N2A0,NEWPORT,NS,,B0N2A0
C969BB5,762330A,Jeckxym Industries,JECKXYM INDUSTRIES,119 WILKINSON ROAD,,BRAMPTON,ON,,L6T4X1,BRAMPTON,ON,,L6T4X1
D2FD05C,CCA2048,Jema Group,JEMA GROUP,47 Walcot Run,,Halifax,NS,,B3N0A5,HALIFAX,NS,,B3N0A5
68411D0,DEDE03E,Jeypa Mechanical Inc.,JEYPA MECHANICAL,151 Albion St.,,Brantford,ON,,N3T3M8,BRANTFORD,ON,,N3T3M8
919551F,5669C02,Jezz Evuetuom LP,JEZZ EVUETUOM,310 Goudey Drive,,Dartmouth,NS,,B2T1M6,DARTMOUTH,NS,,B2T1M6
DE6DDA6,50D5812,JF Mechanical Eut Systems Inc.,JF MECHANICAL EUT SYSTEMS,6208 Prairie Circle,,Mississauga,ON,,L5N5Y4,MISSISSAUGA,ON,,L5N5Y4
0ACB5AD,43E470A,JJX Ztotega & Xoguztucz,JJX ZTOTEGA XOGUZTUCZ,445 Winnipeg Street,,Regina,SK,,S4R8P2,REGINA,SK,,S4R8P2
7DB2D92,7AAF9AD,Joax Mechanical Inc.,JOAX MECHANICAL,467 Edgeley Blvd. Unit 2,,Concord,ON,,L4K4E9,CONCORD,ON,,L4K4E9
B103726,498ADA6,Joa'z Autobaem Paxu & Cetatumg,JOAZ AUTOBAEM PAXU CETATUMG,775 Ross Ave E.,,Regina,SK,,S4N4W5,REGINA,SK,,S4N4W5
62156AA,85EFD54,Johmzom Comttox Inc.,JOHMZOM COMTTOX,PO Box 2012,,Milwaukee,WI,USA,532012012,MILWAUKEE,WI,US,532012012
4874DE4,31A0566,Johmzom Comttoxz Canada LP,JOHMZOM COMTTOXZ CANADA,P.O. Box 2012,,Milwaukee,WI,USA,53201,MILWAUKEE,WI,US,53201
D1A3725,02AFA09,Jomaz Xemg XeZexxa Enatucez Inc.,JOMAZ XEMG XEZEXXA ENATUCEZ,"1111 E. Pasquinelli Drive, Suite 100",,Westmont,IL,United States,60559,WESTMONT,IL,US,60559
7A4E6C2,316CA6E,JTZ Mechanical Systems Inc.,JTZ MECHANICAL SYSTEMS,5061 Wellington County Rd 32,,Guelph,ON,,N1H6J4,GUELPH,ON,,N1H6J4
93DF5CD,F190B76,Jutzu Wetat Technologies,JUTZU WETAT TECHNOLOGIES,PO BOX 280,525 Wright Blvd,Stratford,ON,,L5A6T1,STRATFORD,ON,,L5A6T1
9AFF80F,62F93A6,JUZ Zbacuexty Products,JUZ ZBACUEXTY PRODUCTS,31 Burr Crescent,,Markham,ON,,L3R9B8,MARKHAM,ON,,L3R9B8
B7978F7,4A4D3FB,JXX,JXX,"Place Montréal Trust, Le 1500,","1500, av. McGill College",Montreal,QC,Canada,H3A3J5,MONTREAL,QC,CA,H3A3J5
85CE470,F0328F3,Kambuat Umvazt Ltd. - PoubxaTtaa,KAMBUAT UMVAZT POUBXATTAA,1170 Chemin Aylmer,,Gatineau,Québec,,J9H7L3,GATINEAU,QC,,J9H7L3
657BB54,12F7161,Kammapy Road Tebatmecxa,KAMMAPY ROAD TEBATMECXA,141 Kennedy Road North,,Brampton,ON,,L6V1X9,BRAMPTON,ON,,L6V1X9
842F202,0CB88A4,Kaxzom Mechanical Inc.,KAXZOM MECHANICAL,2 Bales Drive West,,Sharon,ON,,L0G1V0,SHARON,ON,,L0G1V0
9C48142,C13E1E2,Kemazhuu Vumyx Btazz,KEMAZHUU VUMYX BTAZZ,61 Watts Avenue,,Charlottetown,PE,,C1E2B7,CHARLOTTETOWN,PE,,C1E2B7
D340A93,8A05B99,KETA,KETA,"1 Longbridge Rd., 2nd Floor",,Thornhill,ON,,L4J1L4,THORNHILL,ON,,L4J1L4
984E671,80B6FE6,Kewetthe Mechanical (2032) Ltd.,KEWETTHE MECHANICAL 2032,PO Box 491,,Ennismore,ON,,K0L1H0,ENNISMORE,ON,,K0L1H0
9BC8740,8D3E9DE,KTN Mechanical,KTN MECHANICAL,9 Brookhaven Cres.,,Orangeville,ON,,L9W2Y9,ORANGEVILLE,ON,,L9W2Y9
D4F0AC5,E6C4575,Ktomeu Cutxumg Club,KTOMEU CUTXUMG CLUB,5 Main Street,Box 124,,Kronau,,SK,,SK,,SK
C05B727,7F40A77,Kubxumg Group Inc.,KUBXUMG GROUP,65 Queen St. W,,Toronto,ON,,M5H2M5,TORONTO,ON,,M5H2M5
B98E022,85D4F65,Kumg Gaotga,KUMG GAOTGA,#2 3 rd Street,,Weyburn,SK,,S4H0V9,WEYBURN,SK,,S4H0V9
D82B0A5,A4A170B,KumgZatt Nottgega (80 Yotk Ftaahoxp) Corporation,KUMGZATT NOTTGEGA 80 YOTK FTAAHOXP,(70 York Leasehold) Corporation,c/o Bentall GreenOak (Canada) Limited Partnership,"130 Bloor ST. W., Suite #502","Toronto, ON",Canada,M5S1N5,130 BLOOR ST W SUITE #502,ON,CA,M5S1N5
5C1DE46,A7AB1FE,Kutchamat Houzumg Inc.,KUTCHAMAT HOUZUMG,11 Weber Street West,,Kitchener,ON,,N2H3Y9,KITCHENER,ON,,N2H3Y9
C2763BF,99C2F91,KZ 1245 Bey Street Inc.,KZ 1245 BEY STREET,130 Bloor Street W. Suite 502,,Toronto,ON,,M5S1N5,TORONTO,ON,,M5S1N5
A5C46DE,2E15DE6,KZ 2085 KAMMAPY ROAD INC. c/o,KZ 2085 KAMMAPY ROAD C O,40 University Avenue Suite 1200,,Toronto,ON,,M5J1T1,TORONTO,ON,,M5J1T1
B2F8D9D,14C7FA7,KZ 287 Bxaezemt Street Inc.,KZ 287 BXAEZEMT STREET,50 Garland Avenue,Unit 2,Dartmouth,NS,,B3B0A3,DARTMOUTH,NS,,B3B0A3
2AC9936,E9A01E4,La Ttebba E Ftonega,LA TTEBBA E FTONEGA,500 Ch. Industriel,,Gatineau,QC,Canada,J6J4Z2,GATINEAU,QC,CA,J6J4Z2
071B638,E3FC3ED,Le Gtouba UzH30tob Inc.,LE GTOUBA UZH30TOB,3673 boul. de la Cite des Jeunes,,Vaudreuil,Quebec,,J7V8P2,VAUDREUIL,QC,,J7V8P2
3E3866D,65300E0,Les Btezzautz de Nomtabaxxo,LES BTEZZAUTZ DE NOMTABAXXO,459 Sainte - Elisabeth,,Montebello,QC,,J0V1L0,MONTEBELLO,QC,,J0V1L0
10BB66B,94A5E04,Les Industries de nouxega Boxycaxx Inc,LES INDUSTRIES DE NOUXEGA BOXYCAXX,454 rue Édouard,,Granby,QC,Canada,J2G3Z3,GRANBY,QC,CA,J2G3Z3
90A15B5,84401E0,Les Services Exunamteutaz Le Chetax Inc.,LES SERVICES EXUNAMTEUTAZ LE CHETAX,"2995, rue Joseph-A.-Bombardier",,Laval,QC,Canada,H7P6C4,LAVAL,QC,CA,H7P6C4
CBF63ED,72D39D0,Les Toutz du Betc Waztnoumt,LES TOUTZ DU BETC WAZTNOUMT,"4700, rue Ste-Catherine Ouest",,Westmount,QC,Canada,H3Z1S6,WESTMOUNT,QC,CA,H3Z1S6
18AD538,1ED77E8,Maocom International Inc.,MAOCOM INTERNATIONAL,35 Akerley Boulevard,Burnside Industrial Park,Dartmouth,NS,,B3B1J7,DARTMOUTH,NS,,B3B1J7
605F0D3,D6EA17E,Mattoyaut Btêt-à-Bottat,MATTOYAUT BTET A BOTTAT,"6545, rue Henri-Bourassa",,Ville St-Laurent,QC,Canada,H4R1C8,VILLE ST-LAURENT,QC,CA,H4R1C8
7F60BD1,42DDD66,Mattoyaut Mat-Tob,MATTOYAUT MAT TOB,"3440, Chemin des Quatre-Bourgeois",,Québec,QC,Canada,G1W4T3,QUEBEC,QC,CA,G1W4T3
D153006,AD9FFD9,Maw Ftomtuatz Ebotugumex Residential Corporation,MAW FTOMTUATZ EBOTUGUMEX RESIDENTIAL,106-23 Lesmill Road,,Toronto,ON,,M3B3P6,TORONTO,ON,,M3B3P6
9930D40,DA56CD6,Maw Yotk Towatz,MAW YOTK TOWATZ,3 Rean Drive,,North York,Ontario,,M2K3C2,NORTH YORK,ON,,M2K3C2
694AFF2,5489947,MAXAO Solutions,MAXAO SOLUTIONS,2620 Royal Windsor Drive,,Mississauga, Ontario,,L5J4E7,MISSISSAUGA,ON,,L5J4E7
EA11C0C,B623532,Maxuz Mechanical Group,MAXUZ MECHANICAL GROUP,22 Worfolk Place,,Whitby,ON,,L1N6Z2,WHITBY,ON,,L1N6Z2
1E17A4B,6E938AF,Maztxa Canada Inc,MAZTXA CANADA,PO Box 250,,Oshawa,ON,,L1H7N1,OSHAWA,ON,,L1H7N1
F1998D3,764D495,MCJW,MCJW,3270 Bathurst,,North York,Ontario,,M6A3A8,NORTH YORK,ON,,M6A3A8
0B333CB,40ECE5C,MCO Building,MCO BUILDING,c/o McCOR Management (SK) Inc.,"#300, 2550 12th Avenue",Regina,SK,,S4P3X1,REGINA,SK,,S4P3X1
C22C718,5D9990C,Memz Canada Bhetne Ltd.,MEMZ CANADA BHETNE,575 Granite Court,,Pickering,ON,,L1W3K1,PICKERING,ON,,L1W3K1
AE31D9B,B7C4FD9,Mepxem-Hettuz Property Management Inc.,MEPXEM HETTUZ PROPERTY MANAGEMENT,500 Champagne Drive,,Toronto,ON,,M3J2T9,TORONTO,ON,,M3J2T9
00C808D,9572BD5,Metuomex Xaezumg Group Inc.*,METUOMEX XAEZUMG GROUP,200 - 1430 Hocquart,,St. Bruno,QC,,J3V6E1,SAINT BRUNO,QC,,J3V6E1
A273EFC,4481D6A,Meyxot Building Betmatzhubz,MEYXOT BUILDING BETMATZHUBZ,85 Duke Street,,Kitchener,ON,,N2H4Y7,KITCHENER,ON,,N2H4Y7
7DC496C,F072277,Motbatty Tazupamcaz,MOTBATTY TAZUPAMCAZ,"2660 Norberry Cres., Unit 118",,Ottawa,ON,,K1V6N2,OTTAWA,ON,,K1V6N2
84C4F67,912C510,Motenbec Inc. -,MOTENBEC,450 Evans Avenue,,Etobicoke,ON,Canada,M8W2T5,ETOBICOKE,ON,CA,M8W2T5
5FB42DD,C79032E,Mottak Mechanical  Services,MOTTAK MECHANICAL SERVICES,1 Huttonville Dr.,,Brampton,ON,,L6X0C2,BRAMPTON,ON,,L6X0C2
4AFCDB8,6D8C7A5,Motth America Construction Ltd.,MOTTH AMERICA CONSTRUCTION,21 Queen Street,,Morriston,ON,,N0B2C0,MORRISTON,ON,,N0B2C0
699BCEA,0B1168B,Motth Move Zaefoopz,MOTTH MOVE ZAEFOOPZ,P.O. Box 365,,Pictou,NS,,B0K1H0,PICTOU,NS,,B0K1H0
9AB8557,5C9BBBC,Motthatm Village of Buffexo Mettowz,MOTTHATM VILLAGE OF BUFFEXO METTOWZ,1213 Waite Street,,Buffalo Narrows,Saskatchewan,,S0M0J0,BUFFALO NARROWS,SK,,S0M0J0
49355EF,B2E8530,Motthen - UE (QQT) Co-tamemcy,MOTTHEN UE QQT TAMEMCY,207 Queens Quay West,Suite #141,Toronto,ON,,M5J1A7,TORONTO,ON,,M5J1A7
20D4281,F1C80BB,MOTTHTUPGA,MOTTHTUPGA,496 POSTRIDGE DRIVE,,OAKVILLE,ON,,L6H7A2,OAKVILLE,ON,,L6H7A2
39E9F92,53CE31D,MotthWazt Healthcare Properties,MOTTHWAZT HEALTHCARE PROPERTIES,180 Dundas St. West Suite 1900,,Toronto,ON,,M5G1Z8,TORONTO,ON,,M5G1Z8
7870978,FCB1B4F,MotthWazt Healthcare Properties Corporation,MOTTHWAZT HEALTHCARE PROPERTIES,180 Dundas St West,Suite 1100,Toronto,ON,,M5G1Z8,TORONTO,ON,,M5G1Z8
92F99FC,5E66904,Motthzupa Btocazzumg,MOTTHZUPA BTOCAZZUMG,7 Commercial Street,,Louisbourg,NS,,B1C1B5,LOUISBOURG,NS,,B1C1B5
630C414,E3FBDC5,Motthzypa Btocazzumg,MOTTHZYPA BTOCAZZUMG,139 Queen St,,North Sydney,NS,,B2A1A9,NORTH SYDNEY,NS,,B2A1A9
F6402A0,2E5A6F1,Move Zcotue Haexth Euthotuty (CAH),MOVE ZCOTUE HAEXTH EUTHOTUTY CAH,5 Chipman Drive,,Kentville,NS,,B4N3V7,KENTVILLE,NS,,B4N3V7
41D8D0C,2E5A6F1,Move Zcotue Haexth Euthotuty (CB),MOVE ZCOTUE HAEXTH EUTHOTUTY CB,5 Chipman Drive,,Kentville,NS,,B4N3V7,KENTVILLE,NS,,B4N3V7
F34612D,36B3302,Mutanb Mechanical Systems Ltd.,MUTANB MECHANICAL SYSTEMS,"3535 Laird Road, Unit 4",,Mississauga,ON,,L5L5Y7,MISSISSAUGA,ON,,L5L5Y7
B108B43,BEF430C,MZ Pabt of Ttemzbottetuom & Umfte Tamawex - Hexufex,MZ PABT OF TTEMZBOTTETUOM UMFTE TAMAWEX HEXUFEX,P.O. Box 186,,Halifax,NS,,B3J2N2,HALIFAX,NS,,B3J2N2
CA69069,FCA3018,MZCC #54 C/O Exwumgtom Connumutuaz Inc.,MZCC 54 C O EXWUMGTOM CONNUMUTUAZ,300-80 Queen Street,,Kingston,ON,,K7K6W7,KINGSTON,ON,,K7K6W7
8181396,4073C05,MZCC - Ekatxay Campus,MZCC EKATXAY CAMPUS,21 Woodlawn Road,,Dartmouth,NS,,B2W2R7,DARTMOUTH,NS,,B2W2R7
6ED52A5,539D9D9,MZCC - Evuetuom Campus,MZCC EVUETUOM CAMPUS,375 Pleasant Street,Unit 100,Dartmouth,NS,,B2Y4N4,DARTMOUTH,NS,,B2Y4N4
013624F,1ABB302,MZCC - Uvemy Campus,MZCC UVEMY CAMPUS,80 Mawiomi Place,,Dartmouth,NS,,B2Y0A5,DARTMOUTH,NS,,B2Y0A5
361FF82,1CC2519,MZCC68 c/o,MZCC68 C O,711 Ontario St. Box 727,,Cobourg,ON,,K9A4R5,COBOURG,ON,,K9A4R5
5389BF5,2932F90,Nacemuqua BCU,NACEMUQUA BCU,67-B Jean-Proulx,,Gatineau,QC,,J8Z1W2,GATINEAU,QC,,J8Z1W2
D8D99BE,D99616C,Naepowvexa Holdings Limited,NAEPOWVEXA HOLDINGS, Advisors Inc.,40 University Ave.Suite 1200,Toronto,ON,,M5J1T1,TORONTO,ON,,M5J1T1
A5A8C16,5CBF076,Naepowvexa Holdings Limited c/o,NAEPOWVEXA HOLDINGS C O,6880 Financial Drive,,Mississauga,ON,,L5N7Y5,MISSISSAUGA,ON,,L5N7Y5
5430FC9,26A54D5,Namkaz 110 Quaamz Quey Aezt Ltd.,NAMKAZ 110 QUAAMZ QUEY AEZT,"4711 Yonge Street, Suite 1400",,North York,ON,,M2N7E4,NORTH YORK,ON,,M2N7E4
8CE4E56,5D082CA,Namkaz Property Management Service Ltd.,NAMKAZ PROPERTY MANAGEMENT SERVICE,4711 Yonge Street Suite 101,,Toronto,Ontraio,,M2N7E4,TORONTO,ON,,M2N7E4
7B5DC19,DC321FB,Namkaz Property Management Services LTD.,NAMKAZ PROPERTY MANAGEMENT SERVICES,4711 Yonge Street,Suite 1400,Toronto,ON,,M2N7E4,TORONTO,ON,,M2N7E4
AC7F4F4,B9B4D79,Namkaz Umuom Towat Inc.,NAMKAZ UMUOM TOWAT,"4711 Yonge Street, Suite 1400",,Toronto,ON,,M2N7E4,TORONTO,ON,,M2N7E4
878B5AC,0971174,Namkaz Wetatftomt Holdings Inc.,NAMKAZ WETATFTOMT HOLDINGS,4711 Yonge Street;Suite 1400,,North York,ON,,M2N7E4,NORTH YORK,ON,,M2N7E4
3F803D7,6130F91,NatCeb Xuvumg Properties Inc.,NATCEB XUVUMG PROPERTIES,5005 Dundas Street West,,Toronto,Ontario,,M9A4Y5,TORONTO,ON,,M9A4Y5
97E5A1D,B7E9CDF,Natcexfa Fenuxy Pamtex Centre,NATCEXFA FENUXY PAMTEX CENTRE,7606 Village Center Place,,Greely,ON,,K4P0C8,GREELY,ON,,K4P0C8
9D41CE1,91CE9A8,Natcexfa Taexty Company Limited,NATCEXFA TAEXTY,130 Albert Street,Suite 210,Ottawa,ON,,K1P5G4,OTTAWA,ON,,K1P5G4
3CC9B07,6E8DD1A,Natto Canada Xoguztucz,NATTO CANADA XOGUZTUCZ,"666 St. Martin West, Suite 200",,Laval,Quebec,,H7M5G4,LAVAL,QC,,H7M5G4
2E91B14,B0F55B5,Nattuc Mechanical inc.,NATTUC MECHANICAL,"2053 Williams Pky, Unit 30",,Brampton,Ontario,,L6S5T4,BRAMPTON,ON,,L6S5T4
A924723,61A0650,Nattz (NJ) Holdings Inc,NATTZ NJ HOLDINGS,Box 1234,,Weyburn,SK,,S4H2L5,WEYBURN,SK,,S4H2L5
F59A558,6393CBB,Naxcot REIT Limited Bettmatzhub,NAXCOT REIT BETTMATZHUB,#300-2550 12th Avenue,,Regina,SK,,S4P3X1,REGINA,SK,,S4P3X1
F1B55D4,F12344D,NAXOCHA Division de Zumtte,NAXOCHA DIVISION DE ZUMTTE,3125 Boul St. Charles,,Kirkland,Quebec,,H9H3B9,KIRKLAND,QC,,H9H3B9
54A4762,367217E,Naxvuxxa Xopga Xomg Tatn Ceta Centre,NAXVUXXA XOPGA XOMG TATN CETA CENTRE,50 Shoreham Lane,,Halifax,NS,,B3P2R3,HALIFAX,NS,,B3P2R3
7230C7E,BBBB2F7,NCC 55,NCC 55,9-133 Hwy 60,,Huntsville,ON,,P1H1C2,HUNTSVILLE,ON,,P1H1C2
DB9FCCC,C3D2035,NcEzbhext Industries Ltd.,NCEZBHEXT INDUSTRIES,148 Bentley Ave,,Nepean,ON,,K2C6T9,NEPEAN,ON,,K2C6T9
AF90167,EA380C0,NcGuxx University,NCGUXX UNIVERSITY,1010 Sherbrooke St. West,10th Floor,Montréal,QC,Canada,H3A2R7,MONTREAL,QC,CA,H3A2R7
C7C55CD,B21ABE4,NcMeutm Beckegumg,NCMEUTM BECKEGUMG,125 Consumers Drive,,Whitby,ON,,L1N1C4,WHITBY,ON,,L1N1C4
37BFA4D,C58E4EC,Nebxa Ttaet Corporation (The),NEBXA TTAET THE,1150 Rue Arthur-Denis,,Granby,QC,Canada,J2J2B8,GRANBY,QC,CA,J2J2B8
6D3E6C9,66E80A6,Nebxa Tupga Connumuty Management Ltd.,NEBXA TUPGA CONNUMUTY MANAGEMENT,5753 Coopers Ave,,Mississauga,ON,,L4Z1R9,MISSISSAUGA,ON,,L4Z1R9
6AA3FF2,4B42A49,Nebxa Xaef Foopz Inc. -,NEBXA XAEF FOOPZ,6985 Financial Drive,,Mississauga,ON,,L5N0A1,MISSISSAUGA,ON,,L5N0A1
6253FA6,D974B91,Nebxatupga Mechanical Comttectumg Inc,NEBXATUPGA MECHANICAL COMTTECTUMG,939 Dillingham Road,,Pickering,ON,,L1W1Z7,PICKERING,ON,,L1W1Z7
D06FDF1,04C1FC6,Nécemuqua BCU,NECEMUQUA BCU,95 Boul De La Technologie,Local 113,Gatineau,QC,Canada,J8Z3G4,GATINEAU,QC,CA,J8Z3G4
B9F5F03,9E5BCC1,NECKAMZUA PLACE,NECKAMZUA PLACE,52 GEORGE STREET,,NEWMARKET,ON,,L3Y4V3,NEWMARKET,ON,,L3Y4V3
85DD0C0,8619F56,Nejaztuc Eut Inc.,NEJAZTUC EUT,1431 Cornwall St.,,Regina,SK,,S4R2H8,REGINA,SK,,S4R2H8
03EA993,9E84C9F,Nejot Eut Systems Ltd.,NEJOT EUT SYSTEMS,"20 Mural St., Unit 1b",,Richmond Hill,Ontario,,L4B1K3,RICHMOND HILL,ON,,L4B1K3
B731981,C608A3C,Nemhettem,NEMHETTEM,"1625, Av Lincoln",,Montreal,QC,,H3H2T5,MONTREAL,QC,,H3H2T5
090F976,93FBAFF,Nemout Tockxemp Nemot,NEMOUT TOCKXEMP NEMOT,9045 County Rd 17,,Rockland,ON,,K4K0J9,ROCKLAND,ON,,K4K0J9
63579A6,1D32ED5,Netethom Mechanical,NETETHOM MECHANICAL,612 - 4th Ave,,Regina,SK,,S4N2Z5,REGINA,SK,,S4N2Z5
DABA86D,E4D36E4,Netquetpt Mechanical UXC,NETQUETPT MECHANICAL UXC,3200 12th Avenue,,Regina,SK,,S4T1J9,REGINA,SK,,S4T1J9
6BCDBE3,E13C4C5,Netteny Honaz,NETTENY HONAZ,7880 Keele Street,,Vaughan,ON,,L4K4G7,VAUGHAN,ON,,L4K4G7
5B38498,7E6955F,Nettum Btowat of Canada Co.,NETTUM BTOWAT OF CANADA,525 Deerhurst Drive,,Brampton,ON,,L6T5K3,BRAMPTON,ON,,L6T5K3
8A20F0B,86CB1F7,Nettux Solutions,NETTUX SOLUTIONS,2333-6th Avenue,,Regina,SK,,S4R1B4,REGINA,SK,,S4R1B4
EE686E4,801A70C,Netutuna Btazzuta Wotkz Ltd.,NETUTUNA BTAZZUTA WOTKZ,70 Neptune Cres,,Dartmouth,NS,,B2Y0B6,DARTMOUTH,NS,,B2Y0B6
79C85A0,CAFB174,Nextom Village,NEXTOM VILLAGE,7075 Rexwood Rd.,,Mississauga,ON,,L4T4M1,MISSISSAUGA,ON,,L4T4M1
521BA9D,2858C63,Nezco Natex Fumuzhumg Co,NEZCO NATEX FUMUZHUMG,106 Rivalda Road,,North York,ON,,M9M2M8,NORTH YORK,ON,,M9M2M8
B918D8D,53B00E1,Neztat Beckegumg Inc.,NEZTAT BECKEGUMG,P.O. Box 2667,,Charlottetown,PE,,C1A8C3,CHARLOTTETOWN,PE,,C1A8C3
87DD9DA,68DB3F5,NJ (4960 Yomga) LP,NJ 4960 YOMGA,812 Lawrence Avenue West,,Toronto,ON,,M6A0B5,TORONTO,ON,,M6A0B5
800DEAA,568E9A5,Nonamtun HVEC,NONAMTUN HVEC,1411 - 1st Avenuse,,Regina,SK,,S4R8H2,REGINA,SK,,S4R8H2
A7671AA,D79AF76,Nopatm Muegete Building Service,NOPATM MUEGETE BUILDING SERVICE,695 Flint Road,,Toronto,ON,,M3J2T7,TORONTO,ON,,M3J2T7
8056457,54E7A86,Nopatm Muegete Building Services - Kumgztom,NOPATM MUEGETE BUILDING SERVICES KUMGZTOM,614 Norris Court,,Kingston,ON,,K7P2R9,KINGSTON,ON,,K7P2R9
40CD5E0,6577DF2,Nopatm Muegete (Nettumzvuxxa),NOPATM MUEGETE NETTUMZVUXXA,115 - 6th Avenue,,Martinsville,SK,,,MARTINSVILLE,SK,,
3BB4450,D26F5C3,Nopatm Muegete Ottawa,NOPATM MUEGETE OTTAWA,85 Denzil Doyle Court,,Kanata,ON,,K2M2G8,KANATA,ON,,K2M2G8
BD5A052,A0D4779,Nopatm Muegete Ottawa Inc.,NOPATM MUEGETE OTTAWA,85 Denzil Doyle Court,,Ottawa,Ontario,Canada,K2M2G8,OTTAWA,ON,CA,K2M2G8
E601523,1D39790,Nopatm Muegete Toronto Inc.,NOPATM MUEGETE TORONTO,8125 Hwy 50,,Vaughan,ON,,L4H4S6,VAUGHAN,ON,,L4H4S6
849B1C8,0CC15E6,Notguetp Corporation,NOTGUETP,1400-505 3rd St SW,,Calgary,Alberta,Canada,T2P3E6,CALGARY,AB,CA,T2P3E6
B4CF6A4,F19BECF,Notguetp MET Canada Ltd.,NOTGUETP MET CANADA,1400 - 505 3rd St SW,,Calgary,AB,,T2P3E6,CALGARY,AB,,T2P3E6
36AC87B,7FDD6D5,Notguetp MET Canada X.B.,NOTGUETP MET CANADA X B,"55 City Centre Drive, Suite 1000",,Mississauga,Ontario,,L5B1M3,MISSISSAUGA,ON,,L5B1M3
F5E57B4,8495B2A,Notguetp Residential Properties (11) Inc.,NOTGUETP RESIDENTIAL PROPERTIES 11,1400-505 3rd St. SW,,Calgary,AB,,T2P3E6,CALGARY,AB,,T2P3E6
E1760C2,E4C6326,Noumt Pevuzvuxxa Properties Inc,NOUMT PEVUZVUXXA PROPERTIES,108-250 Davisville Avenue,,Toronto,ON,,M4S1H2,TORONTO,ON,,M4S1H2
30D93D1,6422062,Noxua'z Gtuxx & Bet,NOXUAZ GTUXX BET,70 University Ave,,Toronto,ON,,M5J2M4,TORONTO,ON,,M5J2M4
7AEE4ED,A8AB5B0,NTCC 1044  c/o,NTCC 1044 C O,3196 A Yonge Street,,Toronto,ON,,M4N2L1,TORONTO,ON,,M4N2L1
F186A0B,CA71DD3,NTCC 1063,NTCC 1063,1 Palace Pier Crt,,Etobicoke,ON,,M8V3W9,ETOBICOKE,ON,,M8V3W9
08E14AB,A8AB5B0,NTCC 1126 c/o,NTCC 1126 C O,3196 A Yonge Street,,Toronto,ON,,M4N2L1,TORONTO,ON,,M4N2L1
FF08269,65CB495,NTCC 1147,NTCC 1147,238 Doris Avenue,,Toronto,ON,,M2N6W1,TORONTO,ON,,M2N6W1
9F86EF2,21D39AC,NTCC 1317,NTCC 1317,55 Bloor St East,,Toronto,ON,,M4W1A9,TORONTO,ON,,M4W1A9
D0E0D7F,A8AB5B0,NTCC 1345  c/o (198 Tapbeth),NTCC 1345 C O 198 TAPBETH,3196 A Yonge Street,,Toronto,ON,,M4N2L1,TORONTO,ON,,M4N2L1
CDAF422,7099E19,NTCC 1346 C/O Zhaxtat Canadian Properties Ltd.,NTCC 1346 C O ZHAXTAT CANADIAN PROPERTIES,109 - 701 King St. West,,Toronto,Ontario,,M5V2W7,TORONTO,ON,,M5V2W7
AE0A977,A8AB5B0,NTCC 1364  c/o,NTCC 1364 C O,3196 A Yonge Street,,Toronto,ON,,M4N2L1,TORONTO,ON,,M4N2L1
5D89B4D,9426977,NTCC 1415,NTCC 1415,220 Norfinch Drive,,Toronto,ON,,M3N1Y4,TORONTO,ON,,M3N1Y4
F485889,FAF2DDE,NTCC 668,NTCC 668,"51 Toro Road, Suite 200",,Toronto,ON,,M3J2A4,TORONTO,ON,,M3J2A4
4513D9B,6E2BE88,NTCC 758,NTCC 758,1320 Islington Ave,,Toronto,ON,,M9A5C6,TORONTO,ON,,M9A5C6
009D268,3D7FAF4,NTCC 767,NTCC 767,95 Prince Arthur,,Toronto,Ontario,,M5R3P6,TORONTO,ON,,M5R3P6
869F614,B822F25,NTCC 769,NTCC 769,1300 Islington Ave,,Toronto,ON,,M9A5C4,TORONTO,ON,,M9A5C4
F749093,72E07EC,NTCC 794,NTCC 794,3196A Yonge Street,,Toronto,ON,,M4N2L1,TORONTO,ON,,M4N2L1
3992801,D47A06B,NTCC 816,NTCC 816,22 Southport Street,,Toronto,ON,,M6S4Y9,TORONTO,ON,,M6S4Y9
A533E3D,23BF41F,NTCC 845,NTCC 845,24 Southport Street,,Toronto,ON,,M6S4Z1,TORONTO,ON,,M6S4Z1
7D6528A,9C0DE0A,NTCC 863,NTCC 863,39 Kimbercroft Crescent,,Scarborough,ON,,M1S4V6,SCARBOROUGH,ON,,M1S4V6
33623A1,847F8FC,NTCC 868,NTCC 868,2470 Eglinton Avenue West,,Toronto,ON,,M6M5E7,TORONTO,ON,,M6M5E7
B3D9CBC,3CA30CF,NTU Ltd.,NTU,"860 Denison St., Unit 5",,Markham,Ontario,,L3R4H1,MARKHAM,ON,,L3R4H1
7D77956,6BABF14,Nuc Nec Nexx Limited Bettmatzhub,NUC NEC NEXX BETTMATZHUB,21 Micmac Boulevard,,Dartmouth,NS,,B3A4N3,DARTMOUTH,NS,,B3A4N3
2F6DBD2,49B5EB1,Num. of the District of Guyzbotough,NUM OF THE DISTRICT OF GUYZBOTOUGH,151 Waste Management Road,P.O. Box 85,Boylston,NS,,B0H1G0,BOYLSTON,NS,,B0H1G0
3C02152,240CEE6,Numto X18 Inc.,NUMTO X18,2239 Yonge Street,,Toronto,ON,,M4S2B5,TORONTO,ON,,M4S2B5
52E7B1C,99F818A,Numuch Taumzutemca Company of Canada,NUMUCH TAUMZUTEMCA OF CANADA,ESTATE MANAGEMENT SERVICES ONTARIO INC,"390 Bay Street, Suite 91",Toronto,ON,,M5H2Y2,TORONTO,ON,,M5H2Y2
48FEA87,D93A599,Numucubex Enterprises Limited (Paxtat Comztuctuom),NUMUCUBEX ENTERPRISES PAXTAT COMZTUCTUOM,927 Rocky Lake Drive,PO Box 48100,Bedford,NS,,B4A3Z2,BEDFORD,NS,,B4A3Z2
3EFF5D3,667D366,Numucubexuté St-Chtyzoztona,NUMUCUBEXUTE ST CHTYZOZTONA,"624, rue Notre-Dame",,St-Chrysotome,QC,,J0S1R0,ST-CHRYSOTOME,QC,,J0S1R0
11BD09B,E3A7474,Numucubexuty of Cxeta,NUMUCUBEXUTY OF CXETA,PO Box 458,,Littlebrook,NS,,B0W1Z0,LITTLEBROOK,NS,,B0W1Z0
A876AAB,EB2F990,Numutaneup Company/Feutxufa,NUMUTANEUP FEUTXUFA,781 Lansdowne St W,,Peterborough,ON,,K9J1Z2,PETERBOROUGH,ON,,K9J1Z2
2E71893,7F4D671,NUTTOT Move Zcotue,NUTTOT MOVE ZCOTUE,600 Otter Lake Drive,P.O. Box 209,Lakeside,NS,,B3T1M6,LAKESIDE,NS,,B3T1M6
D6D8033,86EDAF6,NuxtuTach Ttepaz Corp,NUXTUTACH TTEPAZ,2025 Meadowvale Blvd,Unit #2,Mississauga,ON,,L5N5N1,MISSISSAUGA,ON,,L5N5N1
C2FE81B,E8FAC40,Nuxxammuun Umvaztnamt Corporation c/o Powmumg Street,NUXXAMMUUN UMVAZTNAMT C O POWMUMG STREET,"668 Millway Ave, Unit #7",,Vaughan,ON,,L4K3V2,VAUGHAN,ON,,L4K3V2
93D5E04,5A63276,Nythoz Developments Ltd,NYTHOZ DEVELOPMENTS,150 Solution Dr.,,Halifax,NS,,B3S0E5,HALIFAX,NS,,B3S0E5
4FB3665,27A0133,Nythoz Developments Limited -,NYTHOZ DEVELOPMENTS,"150 Solutions Drive, Suite 100",,Halifax,NS,,B3S0E5,HALIFAX,NS,,B3S0E5
E775F73,8A65F0C,NZN - Negme Bowat Tteum -,NZN NEGME BOWAT TTEUM,390 Hanlan Road,,Woodbridge,ON,Canada,L4L3P6,WOODBRIDGE,ON,CA,L4L3P6
CD1A31B,F950E3E,O&Y Amtatbtuza,O Y AMTATBTUZA,"20 Norelco Drive, Suite 500",,North York,Ontario,,M9L1S2,NORTH YORK,ON,,M9L1S2
CB7E421,E7358B2,Obatetumg Amgumaatz,OBATETUMG AMGUMAATZ,2020 Don Mills Road,,North York,ON,,M3A3R6,NORTH YORK,ON,,M3A3R6
37A65D2,F8969E8,OCXCC 723 c/o,OCXCC 723 C O,434 Queen St,,Ottawa,ON,,K1R7V7,OTTAWA,ON,,K1R7V7
155EC08,4D70933,OCZCC 780 c/o,OCZCC 780 C O,(CMRAO),434 Queen Street,Ottawa,ON,,K1R7V7,OTTAWA,ON,,K1R7V7
D9099E4,A35E03E,OCZCC 819,OCZCC 819,200 - 1283 Algoma Road,,Ottawa,ON,,K1B3W7,OTTAWA,ON,,K1B3W7
8FBB5C8,4CEC3E8,OCZCC 840 c/o CNG,OCZCC 840 C O CNG,434 Queen Street,,Ottawa,ON,,K1R7V7,OTTAWA,ON,,K1R7V7
12C9B94,1AD60A9,OCZCC 892 The Comtumamtex,OCZCC 892 THE COMTUMAMTEX,75 Cleary Avenue,,Ottawa,ON,,K2A1R8,OTTAWA,ON,,K2A1R8
AFDF462,C821817,Oek Tatteca Xomg Tatn Ceta,OEK TATTECA XOMG TATN CETA,291 Mississuaga St. W,,Orillia,ON,,L3V3B9,ORILLIA,ON,,L3V3B9
FA3F1EE,3A349BD,Corporation of the Town of Coboutg,OF THE TOWN OF COBOUTG,55 King St W,,Cobourg,ON,,K9A2M2,COBOURG,ON,,K9A2M2
82662F4,DC321FB,Oma Yotk Street Inc.,OMA YOTK STREET,4711 Yonge Street,Suite 1400,Toronto,ON,,M2N7E4,TORONTO,ON,,M2N7E4
24A1FE7,E47290E,Omyx Mechanical,OMYX MECHANICAL,214 Wilkinson Road,,Brampton,ON,,L6T4M4,BRAMPTON,ON,,L6T4M4
63CCFBC,E47290E,OMYX Mechanical Limited,OMYX MECHANICAL,214 Wilkinson Road,,Brampton,ON,,L6T4M4,BRAMPTON,ON,,L6T4M4
0FD39D4,F07E93B,Ontario Cooxumg Towat Services,ONTARIO COOXUMG TOWAT SERVICES,4850 Second Line,,Schomberg,ON,,L0G1T0,SCHOMBERG,ON,,L0G1T0
85C1067,6451F44,ONYE Canada Inc.,ONYE CANADA,18595 HWY 7 West,,Perth,ON,,K7H3C6,PERTH,ON,,K7H3C6
E5F06AD,6997E2D,OTCE 12 Neum,OTCE 12 NEUM,28 Norwood Road,,Toronto,ON,,M4E2S2,TORONTO,ON,,M4E2S2
00CC9EB,13181E8,Owam Zoump Ttemzbottetuom Company,OWAM ZOUMP TTEMZBOTTETUOM,1415 1st Avenue West,Suite 3000,Owen Sound,Ontario,,N4K4K8,OWEN SOUND,ON,,N4K4K8
9196210,CA6BF24,Oxfotp Properties Group,OXFOTP PROPERTIES GROUP,Sunlife Financial Centre,31 Adelaide St. E. P.O. Box 129,Toronto,ON,,M5C2J1,TORONTO,ON,,M5C2J1
777505F,2D47B66,P.H. Jutzu Limited,P H JUTZU,279 Lorne Ave,PO Box 280,Stratford,Ontario,,N5A6T1,STRATFORD,ON,,N5A6T1
528F857,9B06125,Paatfuaxp 13 GB Inc. (210 Paatfuaxp Tp),PAATFUAXP 13 GB 210 PAATFUAXP TP,(Ontario) Ltd.,"1 York Street, Suite 1100",Toronto,ON,,M5J0B6,TORONTO,ON,,M5J0B6
5F6F8B0,19482E1,Pagax Inc.,PAGAX,21 Parkes Dr.,,Ajax,Ontario,,L1S4W4,AJAX,ON,,L1S4W4
04EB302,62BEAE9,Panemp Eut,PANEMP EUT,"7065 Pacific Circle, Unit 10",,Mississauga,Ontario,,L5T2H4,MISSISSAUGA,ON,,L5T2H4
A266ABC,82CCD01,Panemp Eut Systems Ltd.,PANEMP EUT SYSTEMS,164 Trowers Rd,,Woodbridge,Ontario,,L4L5Z3,WOODBRIDGE,ON,,L4L5Z3
B1AC7E3,B2DF41E,Park Hyett,PARK HYETT,4 Avenue Road,,Toronto,ON,,5R2E8,TORONTO,ON,,5R2E8
F301B93,BD3BC6B,Pax Property Management,PAX PROPERTY MANAGEMENT,152 St. Patrick Street,,Toronto,Ontario,,M5T3J9,TORONTO,ON,,M5T3J9
96FE3AE,3552F08,Pax Property Management - Evemu,PAX PROPERTY MANAGEMENT EVEMU,255 Village Green Square,,Scarborough,ON,,M1S0L1,SCARBOROUGH,ON,,M1S0L1
4ED4457,F33AA61,Pazugm Eut Cxunetaceta,PAZUGM EUT CXUNETACETA,140 Doncaster Ave. Unit 8,,Thornhill,Ontario,,L3T1L3,THORNHILL,ON,,L3T1L3
B13591E,5D6502C,Peax Thatnex Group -,PEAX THATNEX GROUP,50 Airview Road,,Toronto,ON,Canada,M9W4P2,TORONTO,ON,CA,M9W4P2
C33FC47,BC4CB35,Pem Tazupamca,PEM TAZUPAMCA,15 High Point Road,,Toronto,ON,,M3B2A3,TORONTO,ON,,M3B2A3
BB0D72C,333BF83,Peme Canada Corp. (Chethen Bxemt),PEME CANADA CHETHEN BXEMT,1010 Richmond St.,,Chatham,ON,,N7M5J5,CHATHAM,ON,,N7M5J5
631A1C8,5D4C470,Pemtupga Property Management,PEMTUPGA PROPERTY MANAGEMENT,33 Elm Drive West,,Mississauga,ON,,L5B4M2,MISSISSAUGA,ON,,L5B4M2
17FD951,AD16BBC,Pettnouth Camttex B&H Inc.,PETTNOUTH CAMTTEX B H,PO Box 332,Station Main,Eastern Passage,NS,,B3G1M6,EASTERN PASSAGE,NS,,B3G1M6
010BFA7,8A2B72E,Pettnouth Ctozzumg 14 Neztat LP,PETTNOUTH CTOZZUMG 14 NEZTAT,34 Logiealmond Close,,Dartmouth,NS,,B3B0C8,DARTMOUTH,NS,,B3B0C8
102966D,1BFBAD6,Pexay Btoz Plumbing & Haetumg Ltd,PEXAY BTOZ PLUMBING HAETUMG,146 Old Coach Road,,Halifax,NS,,B3T1P6,HALIFAX,NS,,B3T1P6
9134C46,D658E2A,Po Xobztat,PO XOBZTAT,1319 Main Road,,Eastern Passage,NS,,B3G1M4,EASTERN PASSAGE,NS,,B3G1M4
9D12D11,CAF44C6,Pomovem Ncmuchoxz Ltd.,POMOVEM NCMUCHOXZ,"829 Norwest Road, Suite 116",,Kingston,ON,,K7P2N3,KINGSTON,ON,,K7P2N3
A14549F,32F7279,Pomut Tuna,POMUT TUNA,35 Adesso Drive,,Concord,ON,,L4K3C7,CONCORD,ON,,L4K3C7
7E0301D,6CA2724,Pon Xube,PON XUBE,52 Nelson,,Toronto,ON,,M9C1V7,TORONTO,ON,,M9C1V7
3C4A296,BB1B243,Pougxez Plumbing and Haetumg,POUGXEZ PLUMBING AND HAETUMG,Box 42,,Vibank,SK,,S0G4Y0,VIBANK,SK,,S0G4Y0
EDF55FA,07E4D53,Pova Square Property Management Inc.,POVA SQUARE PROPERTY MANAGEMENT,"7611 Pine Valley Drive, Unit 19",,Vaughan,ON,,L4L0A2,VAUGHAN,ON,,L4L0A2
C48CC8B,4979A23,Powmzvuaw Xomg Tatn Ceta Centre,POWMZVUAW XOMG TATN CETA CENTRE,3595 Keele St,,North York,ON,,M3J1M7,NORTH YORK,ON,,M3J1M7
1B2709B,1422895,Poxxco Btumt Solutions Group,POXXCO BTUMT SOLUTIONS GROUP,2340 St. Laurent Blvd.,,Ottawa,ON,,K1G6E3,OTTAWA,ON,,K1G6E3
264BD35,A26FC7B,Ptaen Zunnut Umpuzttuex (Ontario) LP c/o,PTAEN ZUNNUT UMPUZTTUEX ONTARIO C O,"110 Cochrane Drive , Suite 120",,Markham,ON,,L3R9S1,MARKHAM,ON,,L3R9S1
2B2C1C6,3C58EB5,Pteum-Exx LTD.,PTEUM EXX,3385 Hawthoren Road,,Ottawa,ON,,K1G4G2,OTTAWA,ON,,K1G4G2
1FA6A1B,07422CE,Puenomp Mechanical Puzttubutotz Ltd.,PUENOMP MECHANICAL PUZTTUBUTOTZ,1236 Bluff Road,,Lockhartville,NS,,B0P1P0,LOCKHARTVILLE,NS,,B0P1P0
C04B826,3AAEBE0,Pumfotp Xuzcuo,PUMFOTP XUZCUO,2 Carson Court,,Brampton,Ontario,,,BRAMPTON,ON,,
2D522E1,7DCC6AE,Punechan Inc.,PUNECHAN,3258 Marentette Avenue,,Windsor,ON,,N8X4G4,WINDSOR,ON,,N8X4G4
69D9241,DF24A8E,Puthen Region Mom-Btofut Houzumg Corporation,PUTHEN REGION MOM BTOFUT HOUZUMG,28A Albert Street,,Oshawa,ON,,L1H8S5,OSHAWA,ON,,L1H8S5
F6D05FA,26846D3,Puxfo HVEC Services,PUXFO HVEC SERVICES,1481 Cyrville Road,,Ottawa,ON,,K1B3L7,OTTAWA,ON,,K1B3L7
7A4D311,44C37A9,PXB/Metbto,PXB METBTO,10685 - 176th Street,,Edmonton,AB,,T5S1G5,EDMONTON,AB,,T5S1G5
9AF9932,D5AF35D,Pyme Nug Nfg of Zttetfotp,PYME NUG NFG OF ZTTETFOTP,PO Box 1123,,Stratford,ON,,N5A7Y1,STRATFORD,ON,,N5A7Y1
098D304,AA045A7,Pymenuc Puvatza Supply Inc.,PYMENUC PUVATZA SUPPLY,"2 Wilkinson Road, Unit 5",,Brampton,ON,,L6T4M3,BRAMPTON,ON,,L6T4M3
4045CFC,98E1E7D,PZN Muttutuomex Products Canada Inc.,PZN MUTTUTUOMEX PRODUCTS CANADA,395 Waydom Drive,,Ayr,ON,Canada,N0B1E0,AYR,ON,CA,N0B1E0
32E66C7,385A8FD,Q19 Matwotkz Inc.,Q19 MATWOTKZ,100 Wellington St W. Suite 1000,,Toronto,ON,,M5K1J3,TORONTO,ON,,M5K1J3
FA3F012,A5D6DE6,QA Wab,QA WAB,1158 South Service Road,,Oakville,Ontario,,L6L5T7,OAKVILLE,ON,,L6L5T7
3A638F3,1D1250F,Quaam Square Pavaxobanamt Ltd.,QUAAM SQUARE PAVAXOBANAMT,"45 Aldernet Drive, Suite 910",,Dartmouth,NS,,B2Y2N6,DARTMOUTH,NS,,B2Y2N6
8062095,BEF7720,Qu'Ebbaxxa Apartments,QUEBBAXXA APARTMENTS,"2161 Scarth Street, Unit 200",,Regina,SK,,S4P2H8,REGINA,SK,,S4P2H8
9DE9E1F,26EEACB,QuepTaex Property Group LP.,QUEPTAEX PROPERTY GROUP,"18 York Street, Suite 420",,Toronto,ON,,M5J2T8,TORONTO,ON,,M5J2T8
B91516A,6A2F31F,Quexe Zetmue,QUEXE ZETMUE,1025 Degurse Dr,,Sarnia,ON,,N7T7H5,SARNIA,ON,,N7T7H5
D48D0C8,65FD70A,Quexuty Comctata Ltd. - Nomctom,QUEXUTY COMCTATA NOMCTOM,648 Edinburgh Dr,,Moncton,NB,,E1E4C6,MONCTON,NB,,E1E4C6
AC4D91D,9029168,Quexuty HVEC Solutions Inc.,QUEXUTY HVEC SOLUTIONS,PO Box 13505,"3221 Derry Road, Unit 3",Mississauga,ON,,L5N7L8,MISSISSAUGA,ON,,L5N7L8
82BCBCE,E4BE44B,St. Bamapuctz Church,ST BAMAPUCTZ CHURCH,2194 Kipling Ave.,,Etobicoke,ON,,M9W4K9,ETOBICOKE,ON,,M9W4K9
D24896E,59A4A10,St. Exbatt Chaaza,ST EXBATT CHAAZA,150 St Paul St.,,St Albert,ON,,K0A3A0,SAINT ALBERT,ON,,K0A3A0
44CCC29,E276686,St. Ftemcuz Xevuat University,ST FTEMCUZ XEVUAT UNIVERSITY,PO Box 5000,,Antigonish,NS,,B2G2W5,ANTIGONISH,NS,,B2G2W5
0CD80EE,3EE3A9A,St. Jozabh'z Betuzh,ST JOZABHZ BETUZH,174 Wilbrod Street,,Ottawa,ON,,K1N6N8,OTTAWA,ON,,K1N6N8
A219284,1057444,St. Ztabham'z-Om-The-Huxx Umutap Church,ST ZTABHAMZ OM THE HUXX UMUTAP CHURCH,998 Indian Road,,Mississauga,ON,,L5H1R5,MISSISSAUGA,ON,,L5H1R5
1C7C8C5,57BE312,T.K. NecPomexp Mutzumg Hona,T K NECPOMEXP MUTZUMG HONA,64 Pleasant Street,,Antigonish,NS,,B2G1W7,ANTIGONISH,NS,,B2G1W7
0525734,C2091F6,Tabaxxuom Btawumg Co.,TABAXXUOM BTAWUMG,1901 Dewdney Avenue,,Regina,SK,,S4R8R2,REGINA,SK,,S4R8R2
CCE0EB2,192C584,Tabtazamtetuom Z.G.,TABTAZAMTETUOM Z G,753 rue Saint-Helene,,Longueil,QC,,J4K3R5,LONGUEIL,QC,,J4K3R5
E5B3317,4A92E66,Tach Bek Canada Inc,TACH BEK CANADA,243 Water St,,Yarmouth,Nova Scotia,,B5A4P8,YARMOUTH,NS,,B5A4P8
1F79FFD,9490550,Taftugatetuom at Gez Centre-Vuxxa Xtaa,TAFTUGATETUOM AT GEZ CENTRE VUXXA XTAA,26 CH. Industriel,,L'Ange-Gardien,QC,,J8L0A9,LANGE-GARDIEN,QC,,J8L0A9
77358D2,A386C0F,Tagamt Park Connumuty Haexth Centre,TAGAMT PARK CONNUMUTY HAEXTH CENTRE,465 Dundas St. E.,,Toronto,ON,,M5A2B2,TORONTO,ON,,M5A2B2
E0ED074,BBFE01B,Tagume Eutbott Euthotuty,TAGUME EUTBOTT EUTHOTUTY,5201 Regina Ave.,,Regina,SK,,S4W1B3,REGINA,SK,,S4W1B3
5E668DD,D1ECD76,Tagume Xekawoop Village Compo Corp,TAGUME XEKAWOOP VILLAGE COMPO,203 - 1130 N Radway Street,,Regina,SK,,S4X4J5,REGINA,SK,,S4X4J5
436492D,4851B82,Tanbxatom Properties,TANBXATOM PROPERTIES,5599 Fenwick Street,,Halifax,NS,Canada,B3H1R1,HALIFAX,NS,CA,B3H1R1
A79824B,B208E84,Tap xuma Mechanical/Fxowxbatt Inc.,TAP XUMA MECHANICAL FXOWXBATT,"1662 Bonhill Road, Unit 13",,Mississauga,ON,,L5T1E1,MISSISSAUGA,ON,,L5T1E1
3E490F7,31A5E0F,Tapboutma Netkhen Cochtema Co-owmatzhub,TAPBOUTMA NETKHEN COCHTEMA OWMATZHUB,"60 Columbia Way, Suite 102",,Markham,ON,,L3R0C9,MARKHAM,ON,,L3R0C9
7FE25CF,31A5E0F,Tapboutma Netkhen Coxunbue Co-owmatzhub,TAPBOUTMA NETKHEN COXUNBUE OWMATZHUB,"60 Columbia Way, Suite 102",,Markham,ON,,L3R0C9,MARKHAM,ON,,L3R0C9
46FDB7B,1B2E83F,TATTE,TATTE,383 Morrison Road,, Oakville,ON,,L6J4K3,OAKVILLE,ON,,L6J4K3
5304668,461650A,Tattebuta Amvutomnamtex,TATTEBUTA AMVUTOMNAMTEX,55 Vulcan Street,,Toronto,ON,,M9W1L3,TORONTO,ON,,M9W1L3
DDA0330,32B0841,Tatteca Aezt,TATTECA AEZT,205 Fairford Street East,,Moosejaw,SK,,,MOOSEJAW,SK,,
FC9F524,553FF56,"Tattezzaz du xec, Bheza 12 E/Z Zogaco J.B. Inc",TATTEZZAZ DU XEC BHEZA 12 E Z ZOGACO J B,CP 24525 CSP Rome,,Brossard,QC,,J4W3K9,BROSSARD,QC,,J4W3K9
015FD5E,C6A032C,Tattuat Properties,TATTUAT PROPERTIES,100 - 166 King Street East,,Toronto,ON,,M5A1J3,TORONTO,ON,,M5A1J3
DFCCC5A,3366A95,Tavate Inc,TAVATE,"55 Standish Court, 8th Floor",,Mississuaga,ON,,L5R4B2,MISSISSUAGA,ON,,L5R4B2
F74DD87,5CFA856,Tavate (Zezk),TAVATE ZEZK,3651 Albert Street,,Regina,SK,,S4S0A3,REGINA,SK,,S4S0A3
15C1A05,93642DD,Tazatvout Properties Ltd.,TAZATVOUT PROPERTIES,236 Metcalfe Street,,Ottawa,ON,,K2P1R3,OTTAWA,ON,,K2P1R3
B9BDC52,81A1A6D,"TBB UMVAZTNAMTZ  INC., BZZ UMVAZTNAMTZ INC.and THE",TBB UMVAZTNAMTZ BZZ UMVAZTNAMTZ AND THE,COMPANY by their agent GWL Realty Advisors Inc.,300-1 City Centre Drive Suite 300,Mississauga,ON,,L5B1M2,MISSISSAUGA,ON,,L5B1M2
0E1B1B0,FB328EE,TBZGC - Épufuca Fépétex,TBZGC EPUFUCA FEPETEX,"715, rue Peel",,Montréal,QC,Canada,H3C4H6,MONTREAL,QC,CA,H3C4H6
617B837,7ABB7B9,TBZGC - Zemté Canada,TBZGC ZEMTE CANADA,"1001, rue St-Laurent",,Longueuil,QC,Canada,J4K1C7,LONGUEUIL,QC,CA,J4K1C7
1A21F94,A3E3BCA,TE Umvaztnamt 16 Holdings GB Inc.,TE UMVAZTNAMT 16 HOLDINGS GB,200 - 20 Victoria Street,,Toronto,ON,Canada,M5C2N8,TORONTO,ON,CA,M5C2N8
51B72E9,0C13D5B,TE UMVAZTNAMT 23 HOLDINGS GB INC.,TE UMVAZTNAMT 23 HOLDINGS GB,M100 - 444 Yonge Street,,Toronto,ON,,M5B2H4,TORONTO,ON,,M5B2H4
2A4F169,EDA699A,Teayco Xeb Equipment Systems Management Ltd.,TEAYCO XEB EQUIPMENT SYSTEMS MANAGEMENT,#205 - 4288 Lozells Ave,,Burnaby,BC,,V5A0C7,BURNABY,BC,,V5A0C7
24E2E8C,2F770B5,Teck Eut,TECK EUT,1160 Clyde Court,,Kingston,ON,,K7P2E4,KINGSTON,ON,,K7P2E4
3B8AC6F,1EC0E87,Tenepe Bxeze,TENEPE BXEZE,1818 Victoria Avenue,,Regina,SK,,S4P0R1,REGINA,SK,,S4P0R1
6F06483,0B91138,Tepuzzom Hotel,TEPUZZOM HOTEL,249 Queens Quay W.,,Toronto,ON,,M5J2N5,TORONTO,ON,,M5J2N5
5C3B223,DA92202,Tetenegoucha Btawaty,TETENEGOUCHA BTAWATY,235 Main Street,,Tatamagouche,NS,,B0K1V0,TATAMAGOUCHE,NS,,B0K1V0
B211C2A,721D099,Teuxxafat Plumbing and Haetumg,TEUXXAFAT PLUMBING AND HAETUMG,"1528 Startop Road, Unit 7",,Ottawa,ON,,K1B3W6,OTTAWA,ON,,K1B3W6
E57FD1B,A6E6854,Tey Cxunetuzetuom,TEY CXUNETUZETUOM,141 rue Fleming,,Deison,QC,,J5B1X5,DEISON,QC,,J5B1X5
5D934CC,C273D78,Teythaom Canada Limited,TEYTHAOM CANADA,"400 Cooper Street, Suite 3000",,Ottawa,Ontario,,K2P2H8,OTTAWA,ON,,K2P2H8
3536DA2,F0F3440,Teyxym Comttectumg Inc,TEYXYM COMTTECTUMG,296 Waverly Street South,,Oshawa,ON,,L1J5V6,OSHAWA,ON,,L1J5V6
621BEED,1EC64E1,TGWT - Xomguauux,TGWT XOMGUAUUX,"452, Jean-Neveu Street",,Longueuil,QC,,J4G1N8,LONGUEUIL,QC,,J4G1N8
38F61D5,6934A98,Thatno Coox Mechanical,THATNO COOX MECHANICAL,15 Airview Road,,Etobicoke,ON,,M9W4P1,ETOBICOKE,ON,,M9W4P1
00CD59C,9801E37,The Avenue,THE AVENUE,155 St. Claire Ave West,,Toronto,ON,,M4V1P7,TORONTO,ON,,M4V1P7
24FE49E,13A707A,The Bekatfuaxp -Paatfuaxp 11 GB Inc.,THE BEKATFUAXP PAATFUAXP 11 GB,c/o BentallGreenOak(Canada) LP,"1 York Street, Suite 1100",Toronto,ON,,M5J0B6,TORONTO,ON,,M5J0B6
CFDF8F1,4960368,The Beumtap Betezox,THE BEUMTAP BETEZOX,220 James Street North,,Lumsden,SK,,S0G3C0,LUMSDEN,SK,,S0G3C0
55943D0,7B621D1,The Canada  Xufa Ezzutemca Company,THE CANADA XUFA EZZUTEMCA,BOX 199 1 Adelaide ST E,,Toronto,ON,,M5C2V9,TORONTO,ON,,M5C2V9
086F207,89A96AB,The  Canada  Xufa  Ezzutemca  Company,THE CANADA XUFA EZZUTEMCA,803-5160 Yonge ST,,Toronto,ON,,M2N6L9,TORONTO,ON,,M2N6L9
E64D1E0,6114040,The Canada Xufa Ezzutemca Company,THE CANADA XUFA EZZUTEMCA,"5160 Yonge Street, Suite 803",,Toronto,ON,,M2N6L9,TORONTO,ON,,M2N6L9
F2F7FC6,D17DD19,The Canada Xufa Ezzutemca,THE CANADA XUFA EZZUTEMCA,300-1 City Centre DR,Suite 300,Mississauga,Ontario,,L5B1M2,MISSISSAUGA,ON,,L5B1M2
C828B7E,6114040,The Canada Xufa Ezzutemca Company.,THE CANADA XUFA EZZUTEMCA,"5160 Yonge Street, Suite 803",,Toronto,ON,,M2N6L9,TORONTO,ON,,M2N6L9
5B6DBAD,B117C1D,"The Canada Xufa Ezzutemca Company.,",THE CANADA XUFA EZZUTEMCA,1901 Scarth Street,,Regina,SK,Canada,S4P4L4,REGINA,SK,CA,S4P4L4
447774C,A8B5C24,The Canada Xufa Ezzutemca Company c/o GWX Taexty,THE CANADA XUFA EZZUTEMCA C O GWX TAEXTY,330 University Ave,,Toronto,ON,,M5G1R8,TORONTO,ON,,M5G1R8
8EB2129,BE4D438,The Cenbbaxx- TEZ 309CE Corp.,THE CENBBAXX TEZ 309CE,c/o Bentall Property Services (Ontario) Ltd,"1 York Street, Suite 1100",Toronto,ON,,M5J0B6,TORONTO,ON,,M5J0B6
5B789E1,4486E5B,The Cepuxxec Feutvuaw Cotbotetap Limited,THE CEPUXXEC FEUTVUAW COTBOTETAP,160 Front St West,Suite 1830,Toronto,ON,,M5J0G4,TORONTO,ON,,M5J0G4
4D42089,7778994,The Chtomucxa Hatexp Btumtumg Service,THE CHTOMUCXA HATEXP BTUMTUMG SERVICE,311 Bluewater Road,,Bedford,NS,,B4B1J6,BEDFORD,NS,,B4B1J6
466E32B,FE7E131,The Church Btawumg Co.,THE CHURCH BTAWUMG,329 Main Street,,Wolfville,NS,,B4P1C4,WOLFVILLE,NS,,B4P1C4
BEB7776,96436AD,The Etnout Group,THE ETNOUT GROUP,P.O. Box 665,,Halifax,NS,,B3J2T3,HALIFAX,NS,,B3J2T3
18183F0,996E08E,The Etxez,THE ETXEZ,4177 Albert St,,Regina,SK,,,REGINA,SK,,
12778C7,658A850,The Ftaapon Centre,THE FTAAPON CENTRE,157 Lakeshore Rd. West,,Mississauga,Ontario,,L5H1G3,MISSISSAUGA,ON,,L5H1G3
3788621,38178FE,THE GTEMPVUAW,THE GTEMPVUAW,3387 RIVERSIDE DRIVE E.,,WINDSOR,ON,,N8Y1A8,WINDSOR,ON,,N8Y1A8
EDB6864,F8C8A26,The Corporation of City of Butxumgtom,THE OF CITY OF BUTXUMGTOM,"2001 Sheppard Ave East, Suite 204",,Toronto,ON,,M2J4Z8,TORONTO,ON,,M2J4Z8
D3C806C,D06333B,The St Cxeut Club Limited  Ontario Region,THE ST CXEUT CLUB ONTARIO REGION,NXS #: 1259946 - 75210,700-22 St Clair Ave E,Toronto,ON,,M4T2S5,TORONTO,ON,,M4T2S5
DB4B2AA,F6DBA3B,The Station Compoz,THE STATION COMPOZ,55 / 565 Wilson Ave,,Toronto,ON,,M3H0C5,TORONTO,ON,,M3H0C5
EC2DD58,C4EC622,The Toyex Ottawa Goxf Club,THE TOYEX OTTAWA GOXF CLUB,1405 Alymer Road,,Gatineau,QC,Canada,J9H7L2,GATINEAU,QC,CA,J9H7L2
FDF82BB,7CE4CF1,The Waxxumgtom Club,THE WAXXUMGTOM CLUB,8281 Yonge St,,Thornhill,ON,,L3T2C7,THORNHILL,ON,,L3T2C7
E2C0F2B,2D14334,The Wetat Warehouse,THE WETAT WAREHOUSE,1540 Park Street,,Regina,SK,,S4N4E9,REGINA,SK,,S4N4E9
84D0970,ABA15FB,Thebzopy Property Management Services,THEBZOPY PROPERTY MANAGEMENT SERVICES,33 King Street,,York,ON,,M9N1L1,YORK,ON,,M9N1L1
D10B589,C255027,Tobatt Cooka Co-obatetuva Honaz,TOBATT COOKA OBATETUVA HONAZ,13Th Fl - 20 Garnett James Rd,,Etobicoke,Ontario,,M8V3Z1,ETOBICOKE,ON,,M8V3Z1
E1E48E6,3D298DC,Tobatte Place Tatutanamt Xopga Inc.,TOBATTE PLACE TATUTANAMT XOPGA,489 Essa Road,,Barrie,ON,,L4N9E4,BARRIE,ON,,L4N9E4
9EB1227,AB14B6C,Toronto Ebettout,TORONTO EBETTOUT,2 Tecumseth Street,,Toronto,Ontario,,M5V2R5,TORONTO,ON,,M5V2R5
4EC8461,8EB0EAE,Totex Bopyceta Inc.,TOTEX BOPYCETA,120A Van Kirk Drive,,Brampton,ON,,L7A1B1,BRAMPTON,ON,,L7A1B1
746EE4A,760A11F,TotexAmatguaz Netkatumg Canada Inc,TOTEXAMATGUAZ NETKATUMG CANADA,"220, rue Lafleur",,LaSalle,QC,Canada,H8R4C9,LASALLE,QC,CA,H8R4C9
4CB57A1,43E0AA5,Totonomt CET,TOTONOMT CET,3131 Highway 7 West,,Concord,ON,,L4K1B7,CONCORD,ON,,L4K1B7
FDC8903,FBD9599,Towmzhub Motth Gxamgetty Exaxemptue,TOWMZHUB MOTTH GXAMGETTY EXAXEMPTUE,90 Main St. North,,North Glengarry,ON,,K0C1A0,NORTH GLENGARRY,ON,,K0C1A0
90F4520,09D7664,Town of Vutpam,TOWN OF VUTPAM,P.O. Box 310,,Virden,Manitoba,,R0M2C0,VIRDEN,MB,,R0M2C0
58C292C,301961C,ToxxZtenb Nfg. -,TOXXZTENB NFG,90 Snidercroft Rd.,,Concord,ON,Canada,L4K2K1,CONCORD,ON,CA,L4K2K1
E01DC97,1B2E02E,Toyex Comzatvetoty of Nuzuc,TOYEX COMZATVETOTY OF NUZUC,273 Bloor St. W,,Toronto,ON,,M5S1W2,TORONTO,ON,,M5S1W2
61B6C7C,E99173A,Toyex Plumbing Comttectumg Ltd.,TOYEX PLUMBING COMTTECTUMG,"665 Millway Ave, Unit #51",,Concord,ON,,L4K3T8,CONCORD,ON,,L4K3T8
B990D7D,02E15FF,Ttamch Limited,TTAMCH,PO Box 4356 MC-IMA078, 97208-4356,Portland,OR,USA,9720843,PORTLAND,OR,US,9720843
1DD46AB,85D178E,"Ttanco Canada Division, TBN Canada",TTANCO CANADA DIVISION TBN CANADA,220 Wicksteed avenue,,Toronto,ON,Canada,M4H1G7,TORONTO,ON,CA,M4H1G7
4E96439,406E321,TTC Consulting Motth America,TTC CONSULTING MOTTH AMERICA,21 Griffin Road North,,Windsor CT 06095,,,,WINDSOR CT 06095,,,
CAFEA56,75B7AAD,TTCE Haep Office,TTCE HAEP OFFICE,5 Shoreham Drive,,Downsview,Ontario,,M3N1S4,DOWNSVIEW,ON,,M3N1S4
2697140,16BC5A6,Ttema Canada UXC,TTEMA CANADA UXC,101-525 Cochrane Drive,,Markham,ON,,L3R8E3,MARKHAM,ON,,L3R8E3
F3AD455,71FA5E0,Ttema Canada UXC - MZ,TTEMA CANADA UXC MZ,PO Box 2380,,Davidson,NC,,28036,DAVIDSON,NC,,28036
943AAE9,A91183D,Ttemzcomtumamtex Btumtumg 2015 G.B.,TTEMZCOMTUMAMTEX BTUMTUMG 2015 G B,"1500, Jules-Poitras",,Saint-Laurent,Quebec,,H4N1X7,SAINT-LAURENT,QC,,H4N1X7
9D2C335,769C85E,Ttemzcomtumamtex Btumtumg 2015 GB,TTEMZCOMTUMAMTEX BTUMTUMG 2015 GB,"1500, Jules-Poitras",,Saint-Laurent,QC,,H4N1X7,SAINT-LAURENT,QC,,H4N1X7
2BC0DFB,F9FB9F8,TtomoBxezt Technologies Inc.,TTOMOBXEZT TECHNOLOGIES,"Unit A, 321 Parkhurst Square",,Brampton,ON,,L6T5H5,BRAMPTON,ON,,L6T5H5
39A9B78,9D23A18,Ttua Motth Connatcuex LP,TTUA MOTTH CONNATCUEX,603 - 5775 Yonge Street,,Toronto,ON,,M2M4J1,TORONTO,ON,,M2M4J1
8B71A0D,00D9FED,Ttuco Consulting Services Inc,TTUCO CONSULTING SERVICES,22 Rosebank Blvd.,,Holland Landing,ON,,L9N1C8,HOLLAND LANDING,ON,,L9N1C8
87C7A67,0AB7AA8,Ttuovazt Taexty Epvuzotz Inc.,TTUOVAZT TAEXTY EPVUZOTZ,40 University Avenune Suite 1200,,Toronto,Ontario,,M5J1T1,TORONTO,ON,,M5J1T1
C20C0C0,67C00D8,Ttuovazt Taexty Epvuzotz Inc./21 Kumg Aquutuaz Inc.,TTUOVAZT TAEXTY EPVUZOTZ 21 KUMG AQUUTUAZ,"40 University Avenue, Suite 1200",,Toronto,ON,,M5J1T1,TORONTO,ON,,M5J1T1
23A4B96,89608E3,Ttuxuta Gxezz & Exunumun Solutions Canada,TTUXUTA GXEZZ EXUNUMUN SOLUTIONS CANADA,20 Royal Group Cresent,,Vaughan,ON,,L4H1X9,VAUGHAN,ON,,L4H1X9
C4E8613,8A5357F,Ttuxxuun Haexth Centre,TTUXXUUN HAEXTH CENTRE,150 Sherway Drive,,Etobicoke,Ontario,,M9C1A5,ETOBICOKE,ON,,M9C1A5
AA194B6,784513D,Tuchcteft Properties,TUCHCTEFT PROPERTIES,"2280 St Laurent Blvd, Suite 201",,Ottawa,ON,,K1G4K1,OTTAWA,ON,,K1G4K1
A8B24B6,6D56F3A,Tuchnomp Umvaztnamtz ON,TUCHNOMP UMVAZTNAMTZ ON,4715 14th Avenue,,Markham,ON,,L3R0Y7,MARKHAM,ON,,L3R0Y7
9FEF9CA,785F339,Tuchnomp Vuxxe,TUCHNOMP VUXXE,9361 Pepperell St,,St Peters,NS,,B0E3B0,SAINT PETERS,NS,,B0E3B0
667F50B,3572756,Tunbat Ctaak Ezzat Management,TUNBAT CTAAK EZZAT MANAGEMENT,"1133 Yonge Street, 2nd Floor",,Toronto,ON,,M4T2Y7,TORONTO,ON,,M4T2Y7
BB29C71,C1EC339,Tupgavuaw XTCC,TUPGAVUAW XTCC,385 Highland Rd West,,Stoney Creek,ON,,L8J3X9,STONEY CREEK,ON,,L8J3X9
6525DEB,DC5F73F,Tutchua Faap and Zaap,TUTCHUA FAAP AND ZAAP,1390 Windmill Lane,,Ottawa,ON,,K1B4V5,OTTAWA,ON,,K1B4V5
7425455,0F7D4A6,TX Mechanical Inc.,TX MECHANICAL,"1010 Polytek Street, Unit 41",,Ottawa,ON,Canada,K1J9J3,OTTAWA,ON,CA,K1J9J3
3A9BE0E,9A01903,TZCC 1506,TZCC 1506,1-3 Rean Drive,,North York,ON,,M2K3C2,NORTH YORK,ON,,M2K3C2
D1D255B,105FCD9,TZCC 1546,TZCC 1546,228 & 230 Queens Quay West,,Toronto,ON,,M5J2X1,TORONTO,ON,,M5J2X1
112523D,B8755A3,TZCC 1584 - Beyvuaw Nemzuomz,TZCC 1584 BEYVUAW NEMZUOMZ,2 Clairtrell,,Toronto,ON,,M2N7H5,TORONTO,ON,,M2N7H5
3CC848D,D014E3E,TZCC 1597,TZCC 1597,153 BEECROFT ROAD,,TORONTO,ON,,M2N7C5,TORONTO,ON,,M2N7C5
6342C33,28E7527,TZCC 1610,TZCC 1610,80 Harrison Garden,,North York,Ontario,,M2M7E2,NORTH YORK,ON,,M2M7E2
B3D6F85,0BB3E09,TZCC 1669,TZCC 1669,2087-2095 Lakeshore Blvd. W.,,Toronto,ON,,M8V4G3,TORONTO,ON,,M8V4G3
C16D049,F6117A6,TZCC 1718 Kumgz Court,TZCC 1718 KUMGZ COURT,230 King St E,,Toronto,ON,,M5A1K5,TORONTO,ON,,M5A1K5
3ACAB91,66E80A6,TZCC 1787,TZCC 1787,5753 Coopers Ave,,Mississauga,ON,,L4Z1R9,MISSISSAUGA,ON,,L4Z1R9
2E71F7D,185F79F,TZCC 1851,TZCC 1851,12 Rean Dr.,,Toronto,ON,,M2K3C6,TORONTO,ON,,M2K3C6
093BD77,3850FE7,TZCC 1854,TZCC 1854,15 Windermere Ave.,,Toronto,ON,,M6S5A2,TORONTO,ON,,M6S5A2
D197279,9561107,TZCC 1958,TZCC 1958, Manor Crest Management Ltd.,68 Grangeway Avenue,Scarborough,ON,,M1H0A1,SCARBOROUGH,ON,,M1H0A1
F290903,6A41185,TZCC 1960,TZCC 1960,736 Spadina Ave,,Toronto,Ontario,,M5S2J6,TORONTO,ON,,M5S2J6
BB33ADF,38C7B9F,TZCC 2041,TZCC 2041,2885 Bayview,,Toronto,ON,,M2K0A3,TORONTO,ON,,M2K0A3
6DDDCC4,28F0C0B,TZCC 2156,TZCC 2156,155 St. Claire W.,,Toronto,ON,,M4V1P7,TORONTO,ON,,M4V1P7
E7CA969,FAF2DDE,TZCC #2205,TZCC 2205,"51 Toro Road, Suite 200",,Toronto,ON,,M3J2A4,TORONTO,ON,,M3J2A4
DE9D781,BFE8561,TZCC 2205,TZCC 2205,336 Spadina Road,,Toronto,ON,,M5R2V8,TORONTO,ON,,M5R2V8
31ED2DE,DC67C62,TZCC 2310,TZCC 2310,318 King Street East,,Toronto,ON,,M5A0C1,TORONTO,ON,,M5A0C1
8AE2359,76397EE,TZCC 2348 c/o Pax Property Management,TZCC 2348 C O PAX PROPERTY MANAGEMENT,300 Front St W &,20 John St,Toronto,ON,,,TORONTO,ON,,
74E4FFC,7904D32,TZCC 2484,TZCC 2484,2 Old Mill Drive,,Toronto,ON,,M6S0A2,TORONTO,ON,,M6S0A2
9165E56,3477046,TZCC 2955,TZCC 2955,158 Front St. East,,Toronto,ON,,M5A0K9,TORONTO,ON,,M5A0K9
DF7B784,550ED66,TZCC Mo. 2696,TZCC MO 2696,223 St. Clair Avenue West,,Toronto,ON,,M4V0A5,TORONTO,ON,,M4V0A5
ABE0D55,27BDBDA,U.G Umvaztnamt Management Ltd.,U G UMVAZTNAMT MANAGEMENT,ATT: Property Management Office,"33 Yonge Street, Suite 1000",Toronto,ON,,M5E1G4,TORONTO,ON,,M5E1G4
16BE70C,8D324DF,U.G. Umvaztnamt Management Ltd,U G UMVAZTNAMT MANAGEMENT,(Ontario) Ltd.,"55 University Avenue, Suite 102",Toronto,ON,,M5J2H7,TORONTO,ON,,M5J2H7
4D4C465,490DED2,U&NA BAVATEGA COMPANY,U NA BAVATEGA,450 EXPORT BLVD,UNIT A,MISSISSAUGA,ON,,L5S2A4,MISSISSAUGA,ON,,L5S2A4
C50F0D2,5DCFB1E,"U.Z. Anbezzy Ottawa, Canada",U Z ANBEZZY OTTAWA CANADA,1747B St Laurent Blvd,Main Warehouse,Ottawa,ON,,K1G3V4,OTTAWA,ON,,K1G3V4
2F23CB8,4417D72,Ubzttaat Cteft Btawumg,UBZTTAAT CTEFT BTAWUMG,41 Allen Street,,Charlottetown,PE,,C1A2V6,CHARLOTTETOWN,PE,,C1A2V6
491CD02,040C3E7,UCANEM Mechanical Inc.,UCANEM MECHANICAL,Box 157,,Craven,SK,,S0G0W0,CRAVEN,SK,,S0G0W0
2B6DDA5,D7C3DFC,UCC Property Management Ltd.,UCC PROPERTY MANAGEMENT,and Property Managers Toronto,1151 Denison Street #15,Markham,ON,,L3R3Y4,MARKHAM,ON,,L3R3Y4
9EE8D00,D8BFE02,UKN Taztumg (Canada) Limited,UKN TAZTUMG CANADA,40 St. Annes Cres,,Paradise,NL,,A1L1K1,PARADISE,NL,,A1L1K1
9AFFE90,143C5DB,Ume Gteftom Gega Hona,UME GTEFTOM GEGA HONA,40 Bell Estate Road,,Scarborough,ON,,M1L0E2,SCARBOROUGH,ON,,M1L0E2
8896C7E,43A3A83,Umfumuta Mechanical,UMFUMUTA MECHANICAL,1100 Ambleside Dr,,Ottawa,ON,Canada,K2B8G6,OTTAWA,ON,CA,K2B8G6
5171C4A,F94B161,Umfuxtatap Btawumg Inc.,UMFUXTATAP BTAWUMG,6041 North Street,,Halifax,NS,,B3K1P1,HALIFAX,NS,,B3K1P1
BF661FC,09A9623,Ummocom (Buckatumg),UMMOCOM BUCKATUMG,57 Notion  Road,,Pickering,ON,,L1S6K7,PICKERING,ON,,L1S6K7
210AF69,CA20847,Ummocom Connuzzuomat-,UMMOCOM CONNUZZUOMAT,535 Commissioner Street,,Toronto,ON,,M4M1A5,TORONTO,ON,,M4M1A5
CFF56D7,C255781,Ummocom (Exbuom),UMMOCOM EXBUOM,1921 Albion Road,,Etobicoke,ON,,M9W5S8,ETOBICOKE,ON,,M9W5S8
DD9CB38,F7D0E52,Umtatbtovumcuex Naet Service,UMTATBTOVUMCUEX NAET SERVICE,65 Thornhill Drive,,Dartmouth,NS,,,DARTMOUTH,NS,,
0DBAF51,7EA17DB,Umuvatzex Property Management,UMUVATZEX PROPERTY MANAGEMENT,4th Floor - 1900 Barrington Street,,Halifax,NS,Canada,B3J2P8,HALIFAX,NS,CA,B3J2P8
4B2BDF3,8DC3933,Umuvatzuté du Québac am Outeoueuz,UMUVATZUTE DU QUEBAC AM OUTEOUEUZ,"283, boul. Alexandre-Taché","bureau E1250, succ Hull",Gatineau,QC,Canada,J8X3X7,GATINEAU,QC,CA,J8X3X7
8E1C036,A6227C0,Umzught Technologies Construction Corp.,UMZUGHT TECHNOLOGIES CONSTRUCTION,6817 Steeles Ave W,,Toronto,ON,,M9V4R9,TORONTO,ON,,M9V4R9
4B9DA5E,577A413,Umzutu Comttectotz Inc. -,UMZUTU COMTTECTOTZ,48 Dawson Road,,Guelph,ON,Canada,N1H5V1,GUELPH,ON,CA,N1H5V1
217B332,88A6EFA,UNB Group Ltd.,UNB GROUP,"2651 Joseph Howe Drive, Suite 100",,Halifax,NS,,B3L4T1,HALIFAX,NS,,B3L4T1
FB6047A,8C89A6B,Unbtunatua G12,UNBTUNATUA G12,3259 Jules Brillant,,Laval,QC,Canada,H7P6C9,LAVAL,QC,CA,H7P6C9
24E81D1,27791CD,UNH BOOX XU LP BB# Q11-90-ATTA3260,UNH BOOX XU BB Q11 90 ATTA3260,"135 West Beaver Creek, PO 254",,Richmond Hill,ON,,L4B4R5,RICHMOND HILL,ON,,L4B4R5
C5A1F50,C6973FF,UNH BOOX XU LP BB# Q11-90-CWTA3310,UNH BOOX XU BB Q11 90 CWTA3310,"135 West Beaver Creek, PO Box 254",,Richmond Hill,ON,,L4B4R5,RICHMOND HILL,ON,,L4B4R5
6325735,8AF4101,University of Guaxbh et Kanbtvuxxa,UNIVERSITY OF GUAXBH ET KANBTVUXXA, PO Box 2003,,Kemptville,ON,,K0G1J0,KEMPTVILLE,ON,,K0G1J0
DCDB0BA,328D84F,University Plumbing & Haetumg ltd.,UNIVERSITY PLUMBING HAETUMG,3655 Keele Street,,Toronto,ON,,M3J1M8,TORONTO,ON,,M3J1M8
1D0599C,0CFB11D,Unnaubxa Le 1510 inc.,UNNAUBXA LE 1510,PO Box 2085 Mississauga B,,Mississauga,ON,Canada,L4Y3W6,MISSISSAUGA,ON,CA,L4Y3W6
7638A6B,3504A1B,Unnobuxueta Xeucemptuqua,UNNOBUXUETA XEUCEMPTUQUA,4305 boul Lapiniere #100,,Brossard,QC,Canada,J4Z3H8,BROSSARD,QC,CA,J4Z3H8
101060F,CE4DA7E,Upaex Comctata Ltd.,UPAEX COMCTATA,10442 Route 19,,Southwest Mabou,NS,,B0E1X0,SOUTHWEST MABOU,NS,,B0E1X0
A63ABE3,AD54FA9,UTBEM Mechanical Comttectumg Inc.,UTBEM MECHANICAL COMTTECTUMG,254 Attwell Drive,,Etobicoke,ON,,M9W5B2,ETOBICOKE,ON,,M9W5B2
19842F7,FB0B380,Utvumg Zhubbuuxpumg Inc,UTVUMG ZHUBBUUXPUMG,300 Union Street,PO Box 5777,Saint John,NB,,E2L4M3,SAINT JOHN,NB,,E2L4M3
6D30DED,E1FFD3C,UTZZT-Conbtaz e beyat,UTZZT CONBTAZ E BEYAT,"505, Boul. Maisonneuve Ouest",,Montréal,QC,Canada,H3A3C2,MONTREAL,QC,CA,H3A3C2
8D75FBA,0CFB11D,Uvemhoé BNT inc.,UVEMHOE BNT,PO Box 2085 Mississauga B,,Mississauga,ON,Canada,L4Y3W6,MISSISSAUGA,ON,CA,L4Y3W6
2807079,724EC0D,UWK Haexth Centre,UWK HAEXTH CENTRE,P.O. Box 9700,,Halifax,NS,,B3K6R8,HALIFAX,NS,,B3K6R8
CC27CD1,F1C9886,UXAT XOPGA,UXAT XOPGA,111 ILER AVENUE,,ESSEX,ON,,N8M1T6,ESSEX,ON,,N8M1T6
4870A96,45AB1CD,Uxtuneta Mechanical Services Inc.,UXTUNETA MECHANICAL SERVICES,3151 Lenworth Drive,,Mississauga,Ontario,,L4X2G6,MISSISSAUGA,ON,,L4X2G6
DE07C09,0D56B91,Uzoxux -Nemufectutumg/GTBtocazzumg/Woopbuma Natexz,UZOXUX NEMUFECTUTUMG GTBTOCAZZUMG WOOPBUMA NATEXZ,105 Anderson Ave,,Markham,ON,,L6E1A4,MARKHAM,ON,,L6E1A4
3F7CB30,D85FEBA,Vage Holdings,VAGE HOLDINGS,150 Solutions Drive,Suite 100,Halifax,NS,,B3S0E5,HALIFAX,NS,,B3S0E5
0A23B5F,06A4B1B,Valley Zttaen Nemot,VALLEY ZTTAEN NEMOT,2 Valley Stream Dr.,,Ottawa,ON,,K2H0A5,OTTAWA,ON,,K2H0A5
A63527E,8DA9863,Vamtuxebac,VAMTUXEBAC,"1955, voul. Saint-Elzéar ouest",,Laval,QC,Canada,H7L3N7,LAVAL,QC,CA,H7L3N7
CFDC0E0,08FC438,Vaomaat Canada Zefaty Systems Inc.,VAOMAAT CANADA ZEFATY SYSTEMS,7455 Birchmount Road,,Markham,ON,,L3R5C2,MARKHAM,ON,,L3R5C2
08E56B9,1F1603B,Vatnomt Square,VATNOMT SQUARE,914 Bathurst Street,,Toronto,ON,,M5R3G5,TORONTO,ON,,M5R3G5
0F40A35,8F5C2BD,Vatzchutam Centre,VATZCHUTAM CENTRE,1250 Grand Lake Road,,Sydney,NS,,B1M1A2,SYDNEY,NS,,B1M1A2
6272752,FBA77B6,Vatze Coxp Xoguztucz Services UXC (Waztom),VATZE COXP XOGUZTUCZ SERVICES UXC WAZTOM,3691 Weston Road,,Toronto,Ontario,,M9L1W4,TORONTO,ON,,M9L1W4
FD606E8,91D88C3,Vaxocuty Mechanical Solutions,VAXOCUTY MECHANICAL SOLUTIONS,288 Cornwall Street,,Regina,SK,,S4R2G4,REGINA,SK,,S4R2G4
AB9216D,6F1A1A5,Vem Pykz Haexth Juuca,VEM PYKZ HAEXTH JUUCA,696 West Caledonia Rd,RR#1,Caledonia,NS,,B0T1N0,CALEDONIA,NS,,B0T1N0
6C50F0F,CDA894C,Vexaemt Bhetnecautucexz International Inc.,VEXAEMT BHETNECAUTUCEXZ INTERNATIONAL,"2150, boulevard St-Elzéar",,Laval,QC,Canada,H7L4A8,LAVAL,QC,CA,H7L4A8
F701BF5,DFAEF00,VT Mechanical Solutions Inc.,VT MECHANICAL SOLUTIONS,464 Kingston Road West,,Ajax,Ontario,,L1T3A3,AJAX,ON,,L1T3A3
C88335A,7767E52,VTN Mechanical,VTN MECHANICAL,3 The Green Pines,,Etobicoke,ON,,M9C2K5,ETOBICOKE,ON,,M9C2K5
30E80D6,9696D30,Vuamme Naet - Zofume Foopz Inc.,VUAMME NAET ZOFUME FOOPZ,170 Nugget Ave.,,Scarborough,Ontario,,M1S3A7,SCARBOROUGH,ON,,M1S3A7
39FE833,0265F44,Vuctotue CO-OB Fuzhatuaz,VUCTOTUE OB FUZHATUAZ,247 New Haven Road,,Neil's Harbour,NS,,B0C1N0,NEILS HARBOUR,NS,,B0C1N0
B8F3835,B73DEAD,Vuctotue Co-Tamemcy,VUCTOTUE TAMEMCY,221 Victoria Street,,Toronto,ON,,M5B1T8,TORONTO,ON,,M5B1T8
4C92EC7,E80BEA7,VUE Teux c/o Eumzwotth Facility Service Pazk,VUE TEUX C O EUMZWOTTH FACILITY SERVICE PAZK,69 Auriga Drive,,Ottawa,ON,,K2E7Z2,OTTAWA,ON,,K2E7Z2
E6CE2D9,9C5E9DD,VUE Teux Canada Inc,VUE TEUX CANADA,P.O. Box 8130,Succursale Centre-Ville,Montreal,QC,,H3C3N7,MONTREAL,QC,,H3C3N7
7F3723B,2142477,"Vuezyztanz Technologies, Toronto",VUEZYZTANZ TECHNOLOGIES TORONTO,8150 Sheppard Avenue East,,Toronto,ON,,M1B5K2,TORONTO,ON,,M1B5K2
6227576,2A930FF,Vutoxu Plumbing and Haetumg,VUTOXU PLUMBING AND HAETUMG,2583 Kline St,,Halifax,NS,,B3L2X6,HALIFAX,NS,,B3L2X6
9F3A047,CD6BFFD,Vutte Amatgy Management Services Um,VUTTE AMATGY MANAGEMENT SERVICES UM,3364 Keele St.,,Toronto,ON,,M3J1M5,TORONTO,ON,,M3J1M5
E5E24A0,A2C6BEE,Vuxxa de Getumaeu,VUXXA DE GETUMAEU,Travaux publics et environnement,"C.P. 1970, succ. Hull",Gatineau,QC,,J8X3Y9,GATINEAU,QC,,J8X3Y9
4A8ED70,DAF8348,Vuxxa de Xomguauux(Hôtax de Vuxxa),VUXXA DE XOMGUAUUX HOTAX DE VUXXA,4250 chemin de la Savane,,Longueuil,QC,,J3Y9G4,LONGUEUIL,QC,,J3Y9G4
69742AC,37EF0C9,Vuxxe Xaometpo Genbum,VUXXE XAOMETPO GENBUM,40 Friuli Court,,Woodbridge,ON,,L4L9T3,WOODBRIDGE,ON,,L4L9T3
5B6DEA3,31D6411,Vuzuom Coetumgz Limited,VUZUOM COETUMGZ,3-150 New Huntington Road,,Woodbridge,ON,,L4H4N4,WOODBRIDGE,ON,,L4H4N4
5D3569B,0393243,W. F. Botkum,W F BOTKUM,PO Box 3988,,Regina,SK,,S4P3R9,REGINA,SK,,S4P3R9
71A5CB0,92B4BF4,W.Z Holdings,W Z HOLDINGS,2720 College Ave.,,Regina,SK,,S4T1T9,REGINA,SK,,S4T1T9
647020B,C463146,Wabat International Beckegumg,WABAT INTERNATIONAL BECKEGUMG,"269, rue Adrien-Patenaude",,Vaudreuil-Dorion,QC,Canada,J7V5V5,VAUDREUIL-DORION,QC,CA,J7V5V5
0E3E022,18FFB0E,Waxxazxay Camttex Place,WAXXAZXAY CAMTTEX PLACE,160 Wellesley St. E,,Toronto,ON,,M4Y1J2,TORONTO,ON,,M4Y1J2
CB00579,7114E35,Waxxpoma Mechanical Services Inc.,WAXXPOMA MECHANICAL SERVICES,470 Henderson Dr.,,Regina,SK,Canada,S4N5W9,REGINA,SK,CA,S4N5W9
762AE57,2F8CBA0,Wazt Oek Village xomg Tatn Ceta,WAZT OEK VILLAGE XOMG TATN CETA,2370 3rd Line,,Oakville,ON,,L6M4E2,OAKVILLE,ON,,L6M4E2
A400A2A,3600071,WAZTOM GETPAMZ,WAZTOM GETPAMZ,303 QUEENS DRIVE,,TORONTO,ON,,M6L3C1,TORONTO,ON,,M6L3C1
5CF88BC,48F99F1,WaztTock,WAZTTOCK,P.O. Box 28849,,Jacksonville,FL,United States,32226,JACKSONVILLE,FL,US,32226
33063C1,323BB4D,Waztwoop Group,WAZTWOOP GROUP,"5881 Spring Garden Road, Suite 100",,Halifax,NS,,B3H4S3,HALIFAX,NS,,B3H4S3
4EFBFD6,B587B4F,Wetat Warehouse,WETAT WAREHOUSE,1540 Park Street,,Regina,SK,,S4N2G1,REGINA,SK,,S4N2G1
DF7857B,08DCF44,Wetmat Industries,WETMAT INDUSTRIES,330 4 Ave East,,Regina,SK,,S4W4Z6,REGINA,SK,,S4W4Z6
78397F9,03AC368,Wevatxy Nemot,WEVATXY NEMOT,#100 - 1830 College Ave,,Regina,SK,,S4P1C2,REGINA,SK,,S4P1C2
57329EB,8EE1874,Wexkat'z Wetat Systems,WEXKATZ WETAT SYSTEMS,PO BOX 312,321 Main St.,Kipling,SK,,S0G2S0,KIPLING,SK,,S0G2S0
C61AFBA,CF3C437,Wexnem,WEXNEM,"4605, avenue du Parc",,Montréal,QC,Canada,H2V4E4,MONTREAL,QC,CA,H2V4E4
2DD8E47,C229A75,Whutatock REIT,WHUTATOCK REIT,50 Burnhamthorpe Rd Suite 319,,Mississauga,ON,,L5B3C2,MISSISSAUGA,ON,,L5B3C2
1A1FF14,6BABF4C,WoopGtaam,WOOPGTAAM,"815 The Danforth Avenue, 3rd Floor",Suite 100,Toronto,ON,,M4J1L2,TORONTO,ON,,M4J1L2
EF324A1,B73DEAD,WPK Management,WPK MANAGEMENT,221 Victoria Street,,Toronto,ON,,M5B1T8,TORONTO,ON,,M5B1T8
45BCA09,2B0ACE8,Wuttumgtom Properties Limited  Ontario Region,WUTTUMGTOM PROPERTIES ONTARIO REGION,NXS #: 1259946 - 75230,700-22 St Clair Ave E,Toronto,ON,,M4T2S5,TORONTO,ON,,M4T2S5
451DACF,6C35AAD,Wuxnet Ectaz,WUXNET ECTAZ,1515 Middle Dyke Road,,Centreville,NS,,B0P1J0,CENTREVILLE,NS,,B0P1J0
217F3CA,85D6528,WZM Construction,WZM CONSTRUCTION,48 Cowansview Road,,Cambridge,ON,,N1R7N3,CAMBRIDGE,ON,,N1R7N3
D0A3E54,7CF05D4,X.G. Ttezk Holdings Limited,X G TTEZK HOLDINGS,396 Main Street,Suite 201B,Yarmouth,NS,,B5A1E9,YARMOUTH,NS,,B5A1E9
A717A0A,0C9FAB8,X.J. Bettom Mechanical Inc.,X J BETTOM MECHANICAL,"1341 Osprey Drive, Unit 4",,Ancaster,ON,,L9G4V5,ANCASTER,ON,,L9G4V5
9BE3A51,DD67655,X.J Tobuchaeu & Zom Fuzhatuaz Ltd.,X J TOBUCHAEU ZOM FUZHATUAZ,14 Freeman St,,Middleton,NS,,B0S1P0,MIDDLETON,NS,,B0S1P0
82368EF,63897FC,Xaepat Plumbing,XAEPAT PLUMBING,"91 Haist Ave., Unit 3&4",, Woodbridge,Ontario,,L4L5V5,WOODBRIDGE,ON,,L4L5V5
378C157,5DD5B10,XAEZUPA,XAEZUPA,10 WILLIAM MORGAN DR.,,EAST YORK,ON,,M4H1E7,EAST YORK,ON,,M4H1E7
BA7CFFC,707511C,Xaft Fuaxp Btawaty,XAFT FUAXP BTAWATY,36 Wagstaff Drive,,Toronto,ON,,M4L3W9,TORONTO,ON,,M4L3W9
777CAAD,EF93A4F,Xagecy Towat,XAGECY TOWAT,2720 College Ave,,Regina,SK,,S4T1T9,REGINA,SK,,S4T1T9
4245752,CCEEA63,XAV MYC LP,XAV MYC,700 LAWRENCE AVE WEST SUITE 375, WEST OFFICE TOWER,TORONTO,ON,,M6A3B4,TORONTO,ON,,M6A3B4
55D4861,741CD2B,Xawuz Nouxpumgz & Woop Zbacuextuaz Ltd.,XAWUZ NOUXPUMGZ WOOP ZBACUEXTUAZ,P.O. Box 10,,Weymouth,NS,,B0W3T0,WEYMOUTH,NS,,B0W3T0
8E8FC11,6770C11,XAX Ucomuc Properties Inc.,XAX UCOMUC PROPERTIES,300 - 2151 Scarth Street,,Regina,SK,,S4P2H8,REGINA,SK,,S4P2H8
B0BBD0B,10C98FB,Xebotetoutaz Onage Xtaa,XEBOTETOUTAZ ONAGE XTAA,"11777, rue Hamon",,Montréal,Québec,Canada,H3M3E4,MONTREAL,QC,CA,H3M3E4
B2CBBFE,8A1C1A4,Xectemat Canada,XECTEMAT CANADA,"660 Speedvale Avenue West, Suite 101",,Guelph,ON,,N1K1E5,GUELPH,ON,,N1K1E5
5137A75,5E3C806,Xempe Kammapy Office Limited Bettmatzhub,XEMPE KAMMAPY OFFICE BETTMATZHUB,Management Ltd.,812/4936 Yonge Street,Toronto,ON,,M2N6S3,TORONTO,ON,,M2N6S3
D71490F,F8ABEB1,Xempnetk Tazupamca,XEMPNETK TAZUPAMCA,PO Box 290,,Kingston,ON,,K7L4V8,KINGSTON,ON,,K7L4V8
F3E7C1C,203641D,Xet-Nax Mechanical,XET NAX MECHANICAL,4-5509 Canotek,,Ottawa,ON,,K1J9J8,OTTAWA,ON,,K1J9J8
3498CCF,243DF69,XeZexxa Umvaztnamt Management (Canada) Inc.,XEZEXXA UMVAZTNAMT MANAGEMENT CANADA,Estate Management Inc.,"60 Columbia Way, Suite 116",Markham,ON,,L3R0C9,MARKHAM,ON,,L3R0C9
F4986B9,B7469B3,Xobxewz Inc.,XOBXEWZ,1 Presidents Choice Circle,,Brampton,ON,,L6Y5S5,BRAMPTON,ON,,L6Y5S5
7AF7F7D,4E4DBD5,Xobxewz Inc,XOBXEWZ,1 President's Choice Circle,,Brampton,ON,,L6Y5S5,BRAMPTON,ON,,L6Y5S5
1F5AFD1,F9F5E01,Xobxewz  Inc.,XOBXEWZ,1275 Rymal Road East,,Hamilton,ON,,L8W3N1,HAMILTON,ON,,L8W3N1
DC10719,8C76F9E,Xobxewz Inc. (Btenbtom Quetty Apga),XOBXEWZ BTENBTOM QUETTY APGA,# 5548,1275 Rymal Road East,Hamilton,ON,,L8W3N1,HAMILTON,ON,,L8W3N1
88FBE8D,213D091,Xobxewz Inc. (Bxeumz Road),XOBXEWZ BXEUMZ ROAD,# 78,1275 Rymal Road East,Hamilton,Ontario,,L8W3N1,HAMILTON,ON,,L8W3N1
4C8FF5E,A60D1AE,Xobxewz Inc.  (Hughwey 17 & Emzxay 2014),XOBXEWZ HUGHWEY 17 EMZXAY 2014,# 96,1275 Rymal Road East,Hamilton,ON,,L8W3N1,HAMILTON,ON,,L8W3N1
4D1D651,9C658A9,Xobxewz Inc. (Maw Street 2029),XOBXEWZ MAW STREET 2029,# 2268,1275 Rymal Road East,Hamilton,ON,,L8W3N1,HAMILTON,ON,,L8W3N1
432652E,82A3E58,Xobxewz Inc.  (Noumteumezh 2026),XOBXEWZ NOUMTEUMEZH 2026,# 39,1275 Rymal Road East,Hamilton,ON,,L8W3N1,HAMILTON,ON,,L8W3N1
0CAF7CE,45BE488,Xobxewz Inc. (Quaamz Bxeta),XOBXEWZ QUAAMZ BXETA,# 7920,1275 Rymal Road East,Hamilton,ON,,L8W3N1,HAMILTON,ON,,L8W3N1
BAC4E12,4E3626F,Xobxewz Inc. (Ubbat Nuppxa 2028),XOBXEWZ UBBAT NUPPXA 2028,# 0526,1275 Rymal Road East,Hamilton,ON,,L8W3N1,HAMILTON,ON,,L8W3N1
065976F,29C26A4,Xockatbua & Hoxa  Comttectumg Ltd.,XOCKATBUA HOXA COMTTECTUMG,6491 Northam Drive,,Mississauga,Ontario,,L4V1J2,MISSISSAUGA,ON,,L4V1J2
582FD45,CFB0C35,Xoguztucz um Notuom,XOGUZTUCZ UM NOTUOM,500 Bayly Street,,Ajax,ON,Canada,L1Z0B2,AJAX,ON,CA,L1Z0B2
F7CA4D7,C909CC6,XOMGFUAXPZ NEMOT,XOMGFUAXPZ NEMOT,330 BEATRICE DRIVE,,NEPEAN,ON,,K2J5A5,NEPEAN,ON,,K2J5A5
3546D0D,F5F4AF7,Xomgvuaw Evuetuom Properties Inc.,XOMGVUAW EVUETUOM PROPERTIES,"747 Fort Street,Suite 1100",,Victoria,BC,,V8W3E9,VICTORIA,BC,,V8W3E9
DF88769,84389F5,"Xomgvuaw Evuetuom Properties Inc.,",XOMGVUAW EVUETUOM PROPERTIES,100-5750 Explorer Drive,,Mississauga,ON,,L4W0A9,MISSISSAUGA,ON,,L4W0A9
37321DA,ECE10BF,Xowthat Taftugatetuom,XOWTHAT TAFTUGATETUOM,2666 W River Rd,,Clyde River,PE,,C0A1H3,CLYDE RIVER,PE,,C0A1H3
7E1CE91,3AAA404,Xumpy Construction,XUMPY CONSTRUCTION,"375 Metcalfe Steet,",,Ottawa,ON,,K2P1S7,OTTAWA,ON,,K2P1S7
5B8A05B,3E1F664,Xumpzey Construction,XUMPZEY CONSTRUCTION,105 - 134 Eileen Stubbs Avenue,,Dartmouth,NS,,,DARTMOUTH,NS,,
BE7C680,EDBFA4B,Xuthat Hugh School,XUTHAT HUGH SCHOOL,1500 Royal St.,,Regina,SK,,S4T5A5,REGINA,SK,,S4T5A5
2F0AA84,3E3CC9D,Xuxypexa  - Zofume Foopz Inc.,XUXYPEXA ZOFUME FOOPZ,2126 Hurst Road S.E.,,Calgary,Alberta,,T2G4M5,CALGARY,AB,,T2G4M5
AA52F5C,7E74311,X’équuba de gaztuom unnobuxuèta Xeucemptuqua,X’EQUUBA DE GAZTUOM UNNOBUXUETA XEUCEMPTUQUA,4305 boul Lapinière,bureau 100,Brossard,QC,Canada,J4Z3H8,BROSSARD,QC,CA,J4Z3H8
10ABF8F,E7D9CF4,X’Etéme des Cemepuamz Inc.,X’ETEME DES CEMEPUAMZ,"1275, rue Saint-Antoine Ouest",,QC,Montréal,Canada,H3C5L2,QC,QC,CA,H3C5L2
133F549,3C24201,X’Etéme du Tockat,X’ETEME DU TOCKAT,1950 rue Claude-Gagné,,Laval,QC,Canada,H7N0E4,LAVAL,QC,CA,H7N0E4
EC1002D,0C41512,Yaa Homg Getpam Tatteca,YAA HOMG GETPAM TATTECA,90 Scottfield Drive,,Scarborough,ON,,M1S5W4,SCARBOROUGH,ON,,M1S5W4
148F0AD,EFEB62B,YCC 153,YCC 153,Millgate Manor,303 Mill Road,Etobicoke,ON,,M9C1Y5,ETOBICOKE,ON,,M9C1Y5
60110D8,EFEB62B,YCC 171,YCC 171,Millgate Manor,303 Mill Road,Etobicoke,ON,,M9C1Y5,ETOBICOKE,ON,,M9C1Y5
3D076EE,3071A17,YCC 202,YCC 202,1135 Logan Ave,,Toronto,ON,,M4K3Y2,TORONTO,ON,,M4K3Y2
79D24FF,71B2C5E,YCC #410,YCC 410,3131 Bridletowne Circle,,Scarborough,Ontario,,M1W2S9,SCARBOROUGH,ON,,M1W2S9
7EC7F1F,C014574,YNCE GTE,YNCE GTE,461 Cherry Street,,Toronto,ON,,M5A1H7,TORONTO,ON,,M5A1H7
343864F,715A75A,YNCE - ZEZK,YNCE ZEZK,5939 Rochdale Boulevard,,Regina,SK,,S4X2P9,REGINA,SK,,S4X2P9
183BD1E,21621F2,YOMGA/MOTTOM HOLDINGS LIMITED,YOMGA MOTTOM HOLDINGS,"2 Carlton St., Suite 909",,Toronto,Ontario,,M5B1J3,TORONTO,ON,,M5B1J3
3479630,96DD384,Yotk Componumuun Corp. MO. 112,YOTK COMPONUMUUN MO 112,175 Hilda Ave,,Toronto,Ontario,,M2M1V8,TORONTO,ON,,M2M1V8
FE66C02,9A71EC9,Yotk Zuncoa Management Services,YOTK ZUNCOA MANAGEMENT SERVICES,431 Huronia Rd. Unit 5,,Barrie,ON,,L4N9B3,BARRIE,ON,,L4N9B3
8A4EC49,FA518EF,Youvuxxa Centre - Ottawa,YOUVUXXA CENTRE OTTAWA,150 Mann Ave.,,Ottawa,On,,K1N8P4,OTTAWA,ON,,K1N8P4
1A4E9A9,CD22005,YTCC 982,YTCC 982,9015 LEslie Street,,Richmond Hill,ON,,L4B4J8,RICHMOND HILL,ON,,L4B4J8
15C0964,A58AACC,YTCC628 c/o Pax Property Management,YTCC628 C O PAX PROPERTY MANAGEMENT,55 Austin Drive,,Markham,ON,,L3R8H5,MARKHAM,ON,,L3R8H5
2A7063C,5E322B7,YTZCC 1055,YTZCC 1055,1 Maison Parc Court,,Thornhill,ON,,L4J9K1,THORNHILL,ON,,L4J9K1
D9E5D20,55C0492,YTZCC 1232,YTZCC 1232,80 Burns Blvd.,,King City,ON,,L7B0B3,KING CITY,ON,,L7B0B3
E8CB999,4DB5C50,YTZCC 989,YTZCC 989,25 Times Ave,,Thornhill,Ontario,,L3T7X5,THORNHILL,ON,,L3T7X5
F6631F9,FCEB347,YWCE/Axn Centre,YWCE AXN CENTRE,87 Elm Street,,Toronto,ON,,M5G0A8,TORONTO,ON,,M5G0A8
66DB3EC,9300952,ZACOM Group of Conbemuaz,ZACOM GROUP OF CONBEMUAZ,609 Main Street,,Esterhazy,SK,,S0A0X0,ESTERHAZY,SK,,S0A0X0
811F33C,03435D3,Zaeboumt Hetbout Uzxa (2025) Inc,ZAEBOUMT HETBOUT UZXA 2025,45 Alderney Drive,Suite 910,Dartmouth,NS,,B2Y2N6,DARTMOUTH,NS,,B2Y2N6
8059907,48C570A,Zaewey Yetmz Limited,ZAEWEY YETMZ,3320 Loyalist Street,,Cornwall,ON,Canada,K6H6C8,CORNWALL,ON,CA,K6H6C8
0A1D725,0E465D6,Zaguum Anuxa & Fuxz Xtaa,ZAGUUM ANUXA FUXZ XTAA,845 boul. de la Carriere,,Gatineau,QC,,J8Y6S5,GATINEAU,QC,,J8Y6S5
B4A499E,7C57170,Zaguum Nottuz,ZAGUUM NOTTUZ,"1590 Liverpool Court, Unit 8",,Ottawa,ON,,K1B4L2,OTTAWA,ON,,K1B4L2
24D2147,830BF80,Zaguum  Nottuz,ZAGUUM NOTTUZ,"3170 Ridgeway Drive, Unit 3&4",,Mississauga,ON,,L5L5S7,MISSISSAUGA,ON,,L5L5S7
7D4CB17,0FB5636,Zantach Corporation,ZANTACH,4281 Harvester Rd.,,Burlington,ON,,L7L5M4,BURLINGTON,ON,,L7L5M4
8110ABE,7EBBD90,Zaxactuva Eut Systems Ltd.,ZAXACTUVA EUT SYSTEMS,"20 Rivermede Rd St., 201",,Concord,ON,,L4K3N3,CONCORD,ON,,L4K3N3
B2D0D25,D73B59C,Zbac Futmututa,ZBAC FUTMUTUTA,165 City View Drive,,Toronto,ON,,M9W5B1,TORONTO,ON,,M9W5B1
96F3371,80A5D6D,Zbacttun Gxezaz,ZBACTTUN GXEZAZ,"273 Bowes Road, Unit A1",,Concord,ON,,L4K1H8,CONCORD,ON,,L4K1H8
93705AB,9391190,Zbatxumg Zuxvat Puztuxxaty,ZBATXUMG ZUXVAT PUZTUXXATY,2124 Albert Street,,Regina,SK,,S4P2T9,REGINA,SK,,S4P2T9
5183829,3C7FF81,"Zbuta Wetxuma Limited Bettmatzhub,",ZBUTA WETXUMA BETTMATZHUB,c/o Bentall GreenOak (Canada) Ltd.,"1875 Buckhorn Gate, Suite 601",Mississauga,ON,CA,L4W5P1,MISSISSAUGA,ON,CA,L4W5P1
E544018,4399D1A,Zcotuebemk Centre,ZCOTUEBEMK CENTRE,"1800 Argyle Street, Suite 416",P.O. Box 955,Halifax,NS,,B3J2V9,HALIFAX,NS,,B3J2V9
E95AC91,8E0765B,Zeemp Taxpexa,ZEEMP TAXPEXA,355 Attwell Drive,,Rexdale,ON,,M9W5C2,REXDALE,ON,,M9W5C2
7F636F1,1524740,Zemofu Beztaut Ltd. -,ZEMOFU BEZTAUT,1755 Steeles Ave West,,Toronto,ON,Canada,M2R3T4,TORONTO,ON,CA,M2R3T4
BF3C35F,08DB2D4,ZEMPY HUXX TATUTANAMT XUVUMG,ZEMPY HUXX TATUTANAMT XUVUMG,353 FRIEL STREET,,OTTAWA,ON,,K1N7W7,OTTAWA,ON,,K1N7W7
B5EF994,D08FF74,Zemte Netue Zamuot Cutuzamz Hona,ZEMTE NETUE ZAMUOT CUTUZAMZ HONA,4215 Regina Ave.,,Regina,SK,,S4S0J5,REGINA,SK,,S4S0J5
2BE740E,2E432E5,Zemunex,ZEMUNEX,9900 Bd Maurice-Duplessis,,Montréal,QC,Canada,H1C1G1,MONTREAL,QC,CA,H1C1G1
7A8855B,541B6F8,Zemunex EBB,ZEMUNEX EBB,1133 RTE 900 E,,ST. Albert,ON,,K0A3C0,SAINT ALBERT,ON,,K0A3C0
6A1AB45,4F55DD4,Zetznem Zbottzbxax,ZETZNEM ZBOTTZBXAX,110 Wyse Road,,Dartmouth,NS,,B3A1M2,DARTMOUTH,NS,,B3A1M2
C7CFC24,D68B458,Zeyatz & Associates Limited,ZEYATZ ASSOCIATES,2240 Argentia Rd,,Mississauga,Ontario,,L5N2X6,MISSISSAUGA,ON,,L5N2X6
D2D4C4F,4F6987C,ZezkAmatgy Incorporated,ZEZKAMATGY INCORPORATED,1777 Victoria Ave,,Regina,SK,,S4P4K5,REGINA,SK,,S4P4K5
F25BBF1,127A642,Zezketchawem Haexth Euthotuty - Betkzupa,ZEZKETCHAWEM HAEXTH EUTHOTUTY BETKZUPA,4520 Rae Street,,Regina,SK,,S4S3B4,REGINA,SK,,S4S3B4
49F8661,482B0CD,Zezketchawem Haexth Euthotuty - FHHT,ZEZKETCHAWEM HAEXTH EUTHOTUTY FHHT,55 Diefenbaker Dr,,Moose Jaw,SK,,S6H0G3,MOOSE JAW,SK,,S6H0G3
B30CC3C,587DAAF,Zezketchawem Haexth Euthotuty - Tagume,ZEZKETCHAWEM HAEXTH EUTHOTUTY TAGUME,2180 23 Ave,,Regina,SK,,S4S0A5,REGINA,SK,,S4S0A5
5224896,D43A8C7,Zezketchawem Haexth Euthotuty - Zezketoom,ZEZKETCHAWEM HAEXTH EUTHOTUTY ZEZKETOOM,606 Spadina Crescent E,,Saskatoon,SK,,S7K3H1,SASKATOON,SK,,S7K3H1
395632E,729443C,ZezkTax,ZEZKTAX,2121 Saskatchewan Dr,,Regina,SK,Contract #CW2259399,S4P3Y2,REGINA,SK,,S4P3Y2
48FE02B,411DABF,ZHATWOOP COURT,ZHATWOOP COURT,300 RAVINEVIEW DR.,,MAPLE,ON,,L6A3P8,MAPLE,ON,,L6A3P8
58A33E2,FD09D5A,Zhatwoop Court Xomg Tatn Ceta Centre,ZHATWOOP COURT XOMG TATN CETA CENTRE,300 Ravineview Drive,,Maple,ON,,L6A3P8,MAPLE,ON,,L6A3P8
3B6A7A1,D23ABDA,Zhewcot Ltd.,ZHEWCOT,25 Bethridge Road,,Toronto,ON,,M9W1M7,TORONTO,ON,,M9W1M7
D995DDF,1422939,ZMC-Xevexum Obatetuomz &,ZMC XEVEXUM OBATETUOMZ,85 Bellebumeur,"2ieme etage, bureau 210",Gatineau,QC,,J8T8B7,GATINEAU,QC,,J8T8B7
28C0484,601C1DE,ZMC-Xevexum Obatetuomz,ZMC XEVEXUM OBATETUOMZ,0401 - 150 Tunney's Pasture Driveway,,Ottawa,ON,,K1A0T6,OTTAWA,ON,,K1A0T6
0DA92BE,C9334B2,ZMC-Xevexum Obatetuomz&Neumtamemca Inc,ZMC XEVEXUM OBATETUOMZ NEUMTAMEMCA,"Box 21, 1600 Carling Ave, 8th Floor",,Ottawa,ON,,K1Z1G3,OTTAWA,ON,,K1Z1G3
938318F,DFEB79A,Znett Building Services - W/O,ZNETT BUILDING SERVICES W O,6-14845 Yonge St. Unit 332,,Aurora,ON,,L4G6H8,AURORA,ON,,L4G6H8
7F1C31E,5E690BE,Znokumg Gum Puztuxxaty,ZNOKUMG GUM PUZTUXXATY,Hwy 33 & Lajord,,,,,S0G2V0,,,,S0G2V0
1162B57,787DEE2,Znuth & Xomg,ZNUTH XOMG,115 Idema Road,,Markham,ON,,L3R1A9,MARKHAM,ON,,L3R1A9
291FF47,BC451D0,Zoautz de la Chetuté p'Ottawa,ZOAUTZ DE LA CHETUTE POTTAWA,"27, rue Bruyère",,Ottawa,ON,Canada,K1N5C9,OTTAWA,ON,CA,K1N5C9
BF9998D,6886FF7,Zocuété Québécouza des Umfteztctutaz,ZOCUETE QUEBECOUZA DES UMFTEZTCTUTAZ,1060 rue Louis-Alexandre Taschereau,Local S1. 220,Québec,QC,Canada,G1R5E6,QUEBEC,QC,CA,G1R5E6
5203905,4778646,Zoftweta Xoguztucz Inc.,ZOFTWETA XOGUZTUCZ,550 McNicoll Ave.,,Toronto,ON,,M2H2E1,TORONTO,ON,,M2H2E1
FAAC63B,8CD7299,Zofume _,ZOFUME,100 Commerce Valley Dr. W.,,Thornhill, ON,,L3T0A1,THORNHILL,ON,,L3T0A1
DF71939,5B0C3E1,Zofume Foopz Inc. (Btenbtom),ZOFUME FOOPZ BTENBTOM,145 East Drive,,Brampton,Ontario,,L6T1B9,BRAMPTON,ON,,L6T1B9
343B494,F147F74,Zofume Foopz Inc. (Nuzzuzzeuge),ZOFUME FOOPZ NUZZUZZEUGE,3340 Orlando Drive,,Mississauga,ON,,L4V1C7,MISSISSAUGA,ON,,L4V1C7
7903E4A,2B56240,Zofume Foopz Inc. (Xompom),ZOFUME FOOPZ XOMPOM,1226 Trafalgar St.,,London,Ontario,,N5Z1H5,LONDON,ON,,N5Z1H5
D6C14B4,77F7048,ZOMAUX VEUGHEM INC. O/E ZOMAUX,ZOMAUX VEUGHEM O E ZOMAUX,46 West Drive,,Brampton,ON,,L6T3T6,BRAMPTON,ON,,L6T3T6
C2309C9,108F57E,Zoutca Etxemtuc - Noumt Umuecka,ZOUTCA ETXEMTUC NOUMT UMUECKA,P.O. Box 90,140-142 Highway #1,Mount Uniacke,NS,,B0N1Z0,MOUNT UNIACKE,NS,,B0N1Z0
25B8BC9,E2358D9,Zoutca Etxemtuc - Zeumt Johm,ZOUTCA ETXEMTUC ZEUMT JOHM,P.O. Box 967,,Saint John,NB,,E2L4E4,SAINT JOHN,NB,,E2L4E4
7DED7FE,1FF49C9,Zouth Tuvatpexa C.H.C,ZOUTH TUVATPEXA C H C,955 Queen St. E.,,Toronto,ON,,M4M3P3,TORONTO,ON,,M4M3P3
FE4225E,BA5F812,ZPC Xoftz des Ettz,ZPC XOFTZ DES ETTZ,3410 rue Galt Ouest,,Sherbrooke,QC,Canada,J1H0A5,SHERBROOKE,QC,CA,J1H0A5
30B0E68,6B0AC0A,ZQU (Zocuété Québécouza des Umftezttuctutaz),ZQU ZOCUETE QUEBECOUZA DES UMFTEZTTUCTUTAZ,1041 Des Laurentides,bureau 201,Laval,QC,Canada,H7G2W2,LAVAL,QC,CA,H7G2W2
650CBCF,C60664C,Ztatxumg Ketenet Property Management,ZTATXUMG KETENET PROPERTY MANAGEMENT,53 The Links Road,,Toronto,ON,,M2P1T7,TORONTO,ON,,M2P1T7
DBEA62E,6DBE77F,Ztempetp Xufa,ZTEMPETP XUFA,"5255 Yonge Street, Suite 600",,North York,Ontario,,M2N6P4,NORTH YORK,ON,,M2N6P4
4D7B995,404D18B,ZTO,ZTO,"111, Rue Jean-Prouix",,Gatineau,QC,,J8Z1T4,GATINEAU,QC,,J8Z1T4
6011D47,F8ABEB1,Ztoma & Zouth c/o Bampexa,ZTOMA ZOUTH C O BAMPEXA,PO Box 290,,Kingston,ON,,K7L4V8,KINGSTON,ON,,K7L4V8
75BA9E7,3179920,Ztuxxwaxx Btawumg Company,ZTUXXWAXX BTAWUMG,3670 Kempt Road,,Halifax,NS,,B3K4X8,HALIFAX,NS,,B3K4X8
3C800BF,75F4E19,Zuanamz Canada Limited -,ZUANAMZ CANADA,1577 North Service Rd.,,Oakville,Ontario,Canada,L6H0H6,OAKVILLE,ON,CA,L6H0H6
C21372B,82CD151,Zubat-Bufft Zmeckz Corp.,ZUBAT BUFFT ZMECKZ,880 Gana Court,,Mississauga,ON,,L5S1N8,MISSISSAUGA,ON,,L5S1N8
A9B12FA,2D54B43,Zubatuot Bouxat Wotkz & Waxpumg Ltd.,ZUBATUOT BOUXAT WOTKZ WAXPUMG,375 McNeilly Road,,Stonery Creek,ON,,L8E5H4,STONERY CREEK,ON,,L8E5H4
1E5A00B,033D514,Zugmetuta Aztetaz,ZUGMETUTA AZTETAZ,122 Government Road,,Weyburn,SK,,S4H0P1,WEYBURN,SK,,S4H0P1
01CB0DD,7CA6503,Zugmetuta Exunumun,ZUGMETUTA EXUNUMUN,1850 Clements Road,,Pickering,ON,,L1W3R8,PICKERING,ON,,L1W3R8
9537087,3D1222D,Zumwaxx Technologies Inc.,ZUMWAXX TECHNOLOGIES,180 Caster Ave.,,Woodbridge,ON,,L4L5Y7,WOODBRIDGE,ON,,L4L5Y7
9AAEB58,760AF41,ZUNCOA Mechanical Comttectumg,ZUNCOA MECHANICAL COMTTECTUMG,64 Western Ave.,,Orillia,ON,,L3V1R7,ORILLIA,ON,,L3V1R7
A155839,8CF1369,ZUNCOA NUZKOKE CETHOXUC DISTRICT SCHOOL BOETP,ZUNCOA NUZKOKE CETHOXUC DISTRICT SCHOOL BOETP,46 ALLIANCE BOULEVARD,,BARRIE,ON,,L4M5K3,BARRIE,ON,,L4M5K3
82A86BF,C6D383B,ZUNEC XOPGA,ZUNEC XOPGA,1464 BLACKWELL ROAD,,SARNIA,ON,,N7S5M4,SARNIA,ON,,N7S5M4
E2BF5B2,5308D6C,Zunnut Mechanical,ZUNNUT MECHANICAL,Box 66,,Aurora,Ontario,,L4G3H1,AURORA,ON,,L4G3H1
E261F97,F7A1108,Zuxo Zubétuaut 2003 Inc.,ZUXO ZUBETUAUT 2003,"520, 2ième Avenue",,St-Romuald,Quebec,Canada,G6W5M5,ST-ROMUALD,QC,CA,G6W5M5
6DA0C59,D4EFBF5,Zxeta Office U X.B.,ZXETA OFFICE U X B,NXS#v0001250/E6203,"181 Bay Street, Suite 1400",Toronto,ON,,M5J2V1,TORONTO,ON,,M5J2V1
E78C14C,EEBB9A4,Zxeta Office U X .B.,ZXETA OFFICE U X B,NXS#v0001250 / E6202,"181 Bay Street, Suite 1400",Toronto,ON,,M5J2V1,TORONTO,ON,,M5J2V1
2CC13A4,F9F5200,Zxeta Office UU X B,ZXETA OFFICE UU X B,"181 Bay Street, Suite 1400",,Toronto,ON,,M5J2V1,TORONTO,ON,,M5J2V1
F90AD4E,0518467,Zympucet 375 Zeumt-Empta,ZYMPUCET 375 ZEUMT EMPTA,"1723, rue St Patrick",Suite 102,Montréal,QC,Canada,H3K3G9,MONTREAL,QC,CA,H3K3G9
CE5E1DC,E57D206,Zympucet De La Cobtobtuété Le Vuu,ZYMPUCET DE LA COBTOBTUETE LE VUU,"185 rue Laurier, Suite 200",,Gatineau,QC,J8X 3V1,,GATINEAU,QC,J8X 3V1,
24B9DAE,4A79EB1,"Zympucet des Cobtobtuéteutaz 110, Chanum Ftezat",ZYMPUCET DES COBTOBTUETEUTAZ 110 CHANUM FTEZAT,"402 - 100, Chemin Fraser",,Gatineau,QC,Canada,J9H7S9,GATINEAU,QC,CA,J9H7S9
0FBBCFF,E221A9A,Zympucet du 66-70 St-Hamtu,ZYMPUCET DU 66 70 ST HAMTU,56 St-Henri,,Riviere-du-Loup,QC,,G5R3Z5,RIVIERE-DU-LOUP,QC,,G5R3Z5
