custnmbr,addrcode,custname,address1,address2,address3,ccode,city,country,state,zip,name_clean,city_clean,state_clean,country_clean,zip_clean
E9F7874,2A64420,1111429 Ontario Inc.                                             ,100 - 2600 Finch Avenue West                                 ,                                                             ,                                                             ,CA     ,North York                         ,Canada                                                       ,ON                           ,M9M 2G4    ,1111429 ONTARIO,NORTH YORK,ON,CA,M9M2G4
B08103F,3AA8CA3,1121 INTERNATIONAL MONUMAA INC                                   ,C/O FENGATE PROPERTY MGMT LTD                                ,2275 UPPER MIDDLE RD E                                       ,SUITE 700                                                    ,CA     ,OAKVILLE                           ,Canada                                                       ,ON                           ,L6H 0C3    ,1121 INTERNATIONAL MONUMAA,OAKVILLE,ON,CA,L6H0C3
C9F590F,3AA8CA3,1132 INTERNATIONAL MONUMAA INC                                   ,C/O FENGATE PROPERTY MGMT LTD                                ,2275 UPPER MIDDLE RD E                                       ,SUITE 700                                                    ,CA     ,OAKVILLE                           ,Canada                                                       ,ON                           ,L6H 0C3    ,1132 INTERNATIONAL MONUMAA,OAKVILLE,ON,CA,L6H0C3
B67A336,DBEFAEA,1132 International Monumaa Inc.                                  ,2275 Upper Middle Road East Suite 700                        ,                                                             ,                                                             ,CA     ,Oakville                           ,Canada                                                       ,ON                           ,L6H 0C3    ,1132 INTERNATIONAL MONUMAA,OAKVILLE,ON,CA,L6H0C3
E57BC4C,F1D7789,1213773 Ontario Inc. & CXEC                                      ,1000-33 Yonge Street                                         ,                                                             ,                                                             ,CA     ,Toronto                            ,Canada                                                       ,ON                           ,M5E 1G4    ,1213773 ONTARIO CXEC,TORONTO,ON,CA,M5E1G4
DAF8FBB,5A98A43,1503657 ONTARIO LTD                                              ,68 YORKVILLE AVE                                             ,                                                             ,                                                             ,CA     ,TORONTO                            ,Canada                                                       ,ONTARIO                      ,M5R 3V7    ,1503657 ONTARIO,TORONTO,ON,CA,M5R3V7
028B7F1,F1D7789,1578 Yomga Street Inc. Ontario Region                            ,NXS #: 1259946 - 75150                                       ,700-22 St Clair Ave E                                        ,                                                             ,CA     ,Toronto                            ,Canada                                                       ,ON                           ,M4T 2S5    ,1578 YOMGA STREET ONTARIO REGION,TORONTO,ON,CA,M4T2S5
35AAE33,2A64420,1650 Xewtamca Avenue Wazt                                        ,100 - 2600 Finch Avenue West                                 ,                                                             ,                                                             ,CA     ,North York                         ,Canada                                                       ,ON                           ,M9M 2G4    ,1650 XEWTAMCA AVENUE WAZT,NORTH YORK,ON,CA,M9M2G4
CBB6A04,8091A65,180 Toahenbtom Inc.                                              ,"3397 American Drive, Unit 21                                 ",                                                             ,                                                             ,CA     ,Mississauga                        ,Canada                                                       ,ON                           ,L4V 1T8    ,180 TOAHENBTOM,MISSISSAUGA,ON,CA,L4V1T8
2CFDFD5,F1D7789,185-211 Waztctaak Bxvp Holdings UXC                              ,"121 King Street West, Suite 2100                             ",PO BOX 112                                                   ,                                                             ,CA     ,Toronto                            ,Canada                                                       ,ON                           ,M5H 3T9    ,185 211 WAZTCTAAK BXVP HOLDINGS UXC,TORONTO,ON,CA,M5H3T9
9121B68,F1D7789,2011 & 2015 ZHABBETP AVE AEZT LP                                 ,2001 SHEPPARD AVE E SUITE 203                                ,                                                             ,                                                             ,CA     ,TORONTO                            ,Canada                                                       ,ON                           ,M2J 4Z8    ,2011 2015 ZHABBETP AVE AEZT,TORONTO,ON,CA,M2J4Z8
9121B68,E45E887,2011 & 2015 ZHABBETP AVE AEZT LP                                 ,C/O ADGAR INVESTMENT & DEVELOPMENT                           ,2001 SHEPPARD AVE E SUITE 204                                ,                                                             ,CA     ,TORONTO                            ,Canada                                                       ,ONTARIO                      ,M2J 4z8    ,2011 2015 ZHABBETP AVE AEZT,TORONTO,ON,CA,M2J4Z8
9121B68,7FB2547,2011 & 2015 ZHABBETP AVE AEZT LP                                 ,2001 & 2005 SHEPPARD AVE E                                   ,                                                             ,                                                             ,CA     ,TORONTO                            ,CA                                                           ,ONTARIO                      ,M2J 4Z8    ,2011 2015 ZHABBETP AVE AEZT,TORONTO,ON,CA,M2J4Z8
475DEFC,2A31974,2023021 ONTARIO LIMITED                                          ,C/O AVISON YOUNG                                             ,ATT: ACCOUNTS PAYABLE - MEZZANINE LEVEL                      ,211-1595 BEDFORD HWY                                         ,CA     ,BEDFORD                            ,Canada                                                       ,NOVA SCOTIA                  ,B4A 3Y4    ,2023021 ONTARIO,BEDFORD,NS,CA,B4A3Y4
BEC27F2,6F5FA7B,210 GTEHEN LTD                                                   ,C/O GWL REALTY ADVISORS                                      ,60 OSBORNE STREET NORTH (LLBN)                               ,                                                             ,CA     ,WINNIPEG                           ,Canada                                                       ,MANITOBA                     ,R3C 1V3    ,210 GTEHEN,WINNIPEG,MB,CA,R3C1V3
A4EDBA7,BC824E3,2236 Pawpmay Holdings                                            ,2226 Dewdney Avenue                                          ,                                                             ,                                                             ,CA     ,Regina                             ,Canada                                                       ,SK                           ,S4R 1H5    ,2236 PAWPMAY HOLDINGS,REGINA,SK,CA,S4R1H5
B32DFF1,6B225BF,2305098 Ontario Inc.                                             ,60 COLUMBIA WAY                                              ,SUITE 116                                                    ,                                                             ,CA     ,MARKHAM                            ,Canada                                                       ,ON                           ,L3R 0C9    ,2305098 ONTARIO,MARKHAM,ON,CA,L3R0C9
ED17477,F1D7789,2344711 Ontario Ltd. c/o GWX Taexty Epvuzotz Inc.                ,330 UNIVERSITY AVENUE                                        ,PMO S-2                                                      ,                                                             ,CA     ,TORONTO                            ,Canada                                                       ,ON                           ,M5G 1R8    ,2344711 ONTARIO C O GWX TAEXTY EPVUZOTZ,TORONTO,ON,CA,M5G1R8
09785FF,B169E8D,2588543 Ontario Inc                                              ,158 Cresthaven Drive                                         ,                                                             ,                                                             ,CA     ,Halifax                            ,Canada                                                       ,NS                           ,B3M 4B9    ,2588543 ONTARIO,HALIFAX,NS,CA,B3M4B9
0A78783,B169E8D,3314818 MZ Ltd                                                   ,PO Box 36116 RPO Spring Garden                               ,                                                             ,                                                             ,CA     ,Halifax                            ,Canada                                                       ,NS                           ,B3J 3S9    ,3314818 MZ,HALIFAX,NS,CA,B3J3S9
79E9C2F,99F5F6B,3325399 MZ Limited                                               ,C/O COMPASS COMMERCIAL REALTY                                ,3 SPECTACLE LAKE DR                                          ,SUITE 290                                                    ,CA     ,DARTMOUTH                          ,Canada                                                       ,NS                           ,B3B 1W8    ,3325399 MZ,DARTMOUTH,NS,CA,B3B1W8
17EA055,05F60F7,3510 ZTAAXAZ AVE. AEZT LP - Kymptyx Canada Limited               ,3500 STEELES AVE E                                           ,EAST LP RS - Kyndryl Canada Limited                          ,SUITE 201                                                    ,CA     ,MARKHAM                            ,Canada                                                       ,ON                           ,L3R 0X1    ,3510 ZTAAXAZ AVE AEZT KYMPTYX CANADA,MARKHAM,ON,CA,L3R0X1
2869374,DCFC9B3,360 BUTMHENTHOTBA TP W X B                                       ,C/O AVISON YOUNG PROPERTY MGMT (ONTARIO) INC                 ,900-60 ADELAIDE ST EAST                                      ,MAILBOX #15                                                  ,CA     ,TORONTO                            ,Canada                                                       ,ONTARIO                      ,M5H 3S5    ,360 BUTMHENTHOTBA TP W X B,TORONTO,ON,CA,M5H3S5
10B2717,F1D7789,50 Hoxxy Street Bettmatzhub Ltd.                                 ,"1 Queen Street East, Suite #2200                             ",                                                             ,                                                             ,CA     ,Toronto                            ,Canada                                                       ,ON                           ,M5C 2W5    ,50 HOXXY STREET BETTMATZHUB,TORONTO,ON,CA,M5C2W5
39025D9,F1D7789,510 XZ Limited Bettmatzhub                                       ,700-22 Street Clair Ave East                                 ,                                                             ,                                                             ,CA     ,Toronto                            ,Canada                                                       ,ON                           ,M4T 2S5    ,510 XZ BETTMATZHUB,TORONTO,ON,CA,M4T2S5
2CB810D,BC824E3,627590 Zezketchawem Ltd. c/o NcCOT Management (ZK) Inc.          ,"300-2550, 12th Avenue                                        ",                                                             ,                                                             ,CA     ,Regina                             ,Canada                                                       ,SK                           ,S4P 3X1    ,627590 ZEZKETCHAWEM C O NCCOT MANAGEMENT ZK,REGINA,SK,CA,S4P3X1
ABF219B,31F1958,65 Town Centre Holdings Ltd.                                     ,55 Town Centre Court                                         ,                                                             ,                                                             ,CA     ,Scarborough                        ,Canada                                                       ,ON                           ,M1P 4X4    ,65 TOWN CENTRE HOLDINGS,SCARBOROUGH,ON,CA,M1P4X4
8ADE97D,9BA5DB4,6611933 Canada Inc.                                              ,"510 boul Maloney est, bureau 200                             ",                                                             ,                                                             ,CA     ,Gatineau                           ,Canada                                                       ,QC                           ,J8P 1E7    ,6611933 CANADA,GATINEAU,QC,CA,J8P1E7
30286B7,DCFC9B3,6845 CAMTUTY MONUMAA INC                                         ,C/O AVISON YOUNG PROPERTY MGMT                               ,SIMPSON TOWER                                                ,"401 BAY ST, 11TH FLR                                         ",CA     ,TORONTO                            ,Canada                                                       ,ONTARIO                      ,M5H 2Y4    ,6845 CAMTUTY MONUMAA,TORONTO,ON,CA,M5H2Y4
7CA24C4,765812E,7037467 Canada Inc                                               ,"1100, Avenue Dr. Pennfield, suite 301                        ",                                                             ,                                                             ,CA     ,Montreal                           ,Canada                                                       ,QC                           ,H3A 1A8    ,7037467 CANADA,MONTREAL,QC,CA,H3A1A8
2AA4F28,5A98A43,825 PEMFOTTH AVE UMVAZTNAMTZ                                     ,815 DANFORTH AVE                                             ,                                                             ,                                                             ,CA     ,TORONTO                            ,Canada                                                       ,ONTARIO                      ,M4J 1L2    ,825 PEMFOTTH AVE UMVAZTNAMTZ,TORONTO,ON,CA,M4J1L2
2A2DD8C,5A98A43,85 ZCETBOTOUGH ROAD LTD                                          ,75 SCARBOROUGH RD                                            ,                                                             ,                                                             ,CA     ,TORONTO                            ,Canada                                                       ,ONTARIO                      ,M4E 3M4    ,85 ZCETBOTOUGH ROAD,TORONTO,ON,CA,M4E3M4
8910A60,A0F704B,857 HUGHBUTY INC                                                 ,847 HIGHBURY AVE BLDG 1                                      ,                                                             ,                                                             ,CA     ,LONDON                             ,Canada                                                       ,ON                           ,N5Y 5B8    ,857 HUGHBUTY,LONDON,ON,CA,N5Y5B8
F03CECE,BBD32FA,9252-5323 Quebec Inc.                                            ,630 RUE SAINT-PAUL O                                         ,BUREAU 600                                                   ,                                                             ,CA     ,MONTREAL                           ,Canada                                                       ,QC                           ,H3C 1L9    ,9252 5323 QUEBEC,MONTREAL,QC,CA,H3C1L9
3ED8D88,3376014,9258169 CANADA INC                                               ,O/A THRIVE CANNABIS                                          ,409 GRANVILLE ST                                             ,SUITE 1700                                                   ,CA     ,VANCOUVER                          ,Canada                                                       ,BC                           ,V6C 1T2    ,9258169 CANADA,VANCOUVER,BC,CA,V6C1T2
1528DE6,3A7BDCE,9326-5373 Quebec Inc.                                            ,4125 Autoroutes de Laurentides                               ,                                                             ,                                                             ,CA     ,Laval                              ,Canada                                                       ,QC                           ,H7L 5W5    ,9326 5373 QUEBEC,LAVAL,QC,CA,H7L5W5
F536D7E,9BA5DB4,9406583 Canada Inc.                                              ,460 BOUL GREBER                                              ,BUREAU 222                                                   ,                                                             ,CA     ,GATINEAU                           ,Canada                                                       ,QC                           ,J8T 6C7    ,9406583 CANADA,GATINEAU,QC,CA,J8T6C7
D3E7A1B,9ADC4B6,9481-7610 Quebec Inc                                             ,300-4150 Sherbrooke W                                        ,                                                             ,                                                             ,CA     ,Westmount                          ,Canada                                                       ,QC                           ,H3Z 1B7    ,9481 7610 QUEBEC,WESTMOUNT,QC,CA,H3Z1B7
ACE043D,3A7BDCE,A.B.N. nécemuqua                                                 ,Lise Berard                                                  ,"2425, Michelin                                               ",                                                             ,CA     ,Laval                              ,Canada                                                       ,QC                           ,H7L 5B9    ,A B N NECEMUQUA,LAVAL,QC,CA,H7L5B9
BDB50E9,7E277C5,A.Z. FOX LIMITED                                                 ,WESTBURY OFFICE PARK                                         ,2060 WINSTON PARK DRIVE                                      ,                                                             ,CA     ,OAKVILLE                           ,Canada                                                       ,ONTARIO                      ,L6H 5R7    ,A Z FOX,OAKVILLE,ON,CA,L6H5R7
6975F6B,F1D7789,Aeztboump Btawumg Co.                                            ,700 Queen St. E.                                             ,                                                             ,                                                             ,CA     ,Toronto                            ,Canada                                                       ,ON                           ,M4M 1G9    ,AEZTBOUMP BTAWUMG,TORONTO,ON,CA,M4M1G9
5C07F1A,F1D7789,Ambtupga Gez Inc.                                                ,500 Consumers Drive                                          ,                                                             ,                                                             ,CA     ,Toronto                            ,Canada                                                       ,ON                           ,M2J 1P8    ,AMBTUPGA GEZ,TORONTO,ON,CA,M2J1P8
CDCF14F,B961ACA,AMMUZCXETA CORPORATION CENTRE INC                                ,1275 NORTH SERVICE ROAD                                      ,                                                             ,                                                             ,CA     ,OAKVILLE                           ,Canada                                                       ,ONTARIO                      ,L6M 3G4    ,AMMUZCXETA CENTRE,OAKVILLE,ON,CA,L6M3G4
38884C8,,Amvuto Commaxuomz                                                ,                                                             ,                                                             ,                                                             ,       ,                                   ,                                                             ,                             ,           ,AMVUTO COMMAXUOMZ,,,,
38884C8,ECFB53E,Amvuto Commaxuomz                                                ,4141 Grande Allee                                            ,Shop Dept.                                                   ,                                                             ,CA     ,Boisbriand                         ,Canada                                                       ,QC                           ,J7H 1H7    ,AMVUTO COMMAXUOMZ,BOISBRIAND,QC,CA,J7H1H7
E934C0D,BC824E3,Anatgamcy Napucex Services Camttex                               ,1A03-1350 Albert Street                                      ,                                                             ,                                                             ,CA     ,Regina                             ,Canada                                                       ,SK                           ,S4R 2R7    ,ANATGAMCY NAPUCEX SERVICES CAMTTEX,REGINA,SK,CA,S4R2R7
2ED3A8D,2196B05,Anbexxegaz Nutchax-Xumcoxm Ltée                                  ,3737 BOUL THIMENS                                            ,                                                             ,                                                             ,CA     ,ST-LAURENT                         ,Canada                                                       ,QC                           ,H4R 1V1    ,ANBEXXEGAZ NUTCHAX XUMCOXM LTEE,ST-LAURENT,QC,CA,H4R1V1
CA8C871,C5185EB,Anbuty Company                                                   ,6577 NorthWest Dr                                            ,                                                             ,                                                             ,CA     ,Missisauga                         ,Canada                                                       ,ON                           ,L4V 1L1    ,ANBUTY,MISSISAUGA,ON,CA,L4V1L1
FDF0482,306E62E,AQUUCHAN TECHNOLOGIES                                            ,1520 TRINITY DR                                              ,UNIT 6                                                       ,                                                             ,CA     ,MISSISSAUGA                        ,Canada                                                       ,ON                           ,L5T 1N9    ,AQUUCHAN TECHNOLOGIES,MISSISSAUGA,ON,CA,L5T1N9
538C5AB,472D8FF,Axactto Cebxaz Inc.                                              ,9 Riverside Drive                                            ,P.O. Box 276                                                 ,                                                             ,CA     ,Trenton                            ,Canada                                                       ,ON                           ,K8V 5R5    ,AXACTTO CEBXAZ,TRENTON,ON,CA,K8V5R5
67C4A1C,5594F98,AXGUM BATFOTNEMCA INC                                            ,"MORGUARD ELGIN LTD, MORGUARD & PERFORMANCE CRT LTD           ",1400-505 3 ST SW                                             ,                                                             ,CA     ,CALGARY                            ,Canada                                                       ,AB                           ,T2P 3E6    ,AXGUM BATFOTNEMCA,CALGARY,AB,CA,T2P3E6
B958ECC,D3A069C,Axtampuceta Zhatwoop Court Xomg-Tatn Ceta Hona                   ,300 Ravineview                                               ,                                                             ,                                                             ,CA     ,Maple                              ,Canada                                                       ,ON                           ,L6A 3P8    ,AXTAMPUCETA ZHATWOOP COURT XOMG TATN CETA HONA,MAPLE,ON,CA,L6A3P8
2EA6825,F1D7789,AXTTANA EUT SYSTEMS LTD                                          ,850 TAPSCOTT RD                                              ,UNIT 41                                                      ,                                                             ,CA     ,TORONTO                            ,Canada                                                       ,ON                           ,M1X 1N4    ,AXTTANA EUT SYSTEMS,TORONTO,ON,CA,M1X1N4
DB1077C,F1D7789,Axzet Construction Inc.                                          ,21 Sable Street                                              ,                                                             ,                                                             ,CA     ,Toronto                            ,Canada                                                       ,ON                           ,M6M 4K8    ,AXZET CONSTRUCTION,TORONTO,ON,CA,M6M4K8
740C99E,DCFC9B3,AZBATEMCA HOBA HOUZUMG                                           ,20 TRENT ST                                                  ,                                                             ,                                                             ,CA     ,TORONTO                            ,Canada                                                       ,ONTARIO                      ,M4C 5C5    ,AZBATEMCA HOBA HOUZUMG,TORONTO,ON,CA,M4C5C5
668BC34,B7A540D,aZttuxtuta Limited Bettmatzhub - EBZ                             ,17500 TRANSCANADA HIGHWAY                                    ,                                                             ,                                                             ,CA     ,KIRKLAND                           ,Canada                                                       ,QC                           ,H9J 2X8    ,AZTTUXTUTA BETTMATZHUB EBZ,KIRKLAND,QC,CA,H9J2X8
C1979D4,6D0AB80,B&M Puzttubutotz Limited                                         ,"15 Saint Street, Unit 5                                      ",                                                             ,                                                             ,CA     ,Port Hawkesbury                    ,Canada                                                       ,NS                           ,B9A 3J5    ,B M PUZTTUBUTOTZ,PORT HAWKESBURY,NS,CA,B9A3J5
69D8999,9F03BA0,BAAT PROPERTY NGNT LTD                                           ,1648 BATHURST STREET                                         ,                                                             ,                                                             ,CA     ,TORONTO                            ,Canada                                                       ,ONTARIO                      ,M5P 3J7    ,BAAT PROPERTY NGNT,TORONTO,ON,CA,M5P3J7
8163CC5,D36CDBF,Baax Componumuun Corporation Mo. 322                             ,15 ELIZABETH ST                                              ,SUITE U-10                                                   ,                                                             ,CA     ,ORANGEVILLE                        ,Canada                                                       ,ON                           ,L9W 3X3    ,BAAX COMPONUMUUN MO 322,ORANGEVILLE,ON,CA,L9W3X3
AF1A628,0F6BBD3,BAAX DISTRICT SCHOOL BOETP                                       ,PTE BUCHAM SINGH PS                                          ,FOR THE HWH                                                  ,100 MARTIN BYRNE DRIVE                                       ,CA     ,BRAMPTON                           ,Canada                                                       ,ON                           ,L6P 4C7    ,BAAX DISTRICT SCHOOL BOETP,BRAMPTON,ON,CA,L6P4C7
AF1A628,B89D105,BAAX DISTRICT SCHOOL BOETP                                       ,EARNSCLIFFE SENIOR                                           ,50 EARNSCLIFFE CIRCLE                                        ,                                                             ,CA     ,BRAMPTON                           ,Canada                                                       ,ONTARIO                      ,L6T 2Y9    ,BAAX DISTRICT SCHOOL BOETP,BRAMPTON,ON,CA,L6T2Y9
AF1A628,EC45059,BAAX DISTRICT SCHOOL BOETP                                       ,STREETSVILLE SECONDARY                                       ,72 JOYMAR DR.                                                ,                                                             ,CA     ,MISSISSAUGA                        ,Canada                                                       ,ONTARIO                      ,L5M 1G3    ,BAAX DISTRICT SCHOOL BOETP,MISSISSAUGA,ON,CA,L5M1G3
F4A71B5,7486AE7,Baeu-Xuau Umztemtemé Inc.                                        ,765 RUE NOBEL                                                ,BUREAU 101                                                   ,                                                             ,CA     ,SAINT-JEROME                       ,Canada                                                       ,QC                           ,J7Z 7A3    ,BAEU XUAU UMZTEMTEME,SAINT-JEROME,QC,CA,J7Z7A3
C6A1FE5,173B08A,BAN LP (Agxumtom) c/o Zeppxabtook Construction                   ,Suite 401-7300 Keele Street                                  ,                                                             ,                                                             ,CA     ,Concord                            ,Canada                                                       ,ON                           ,L4K 0E5    ,BAN AGXUMTOM C O ZEPPXABTOOK CONSTRUCTION,CONCORD,ON,CA,L4K0E5
A7A69F1,C67372D,Batfotn-Eut Ump                                                  ,705 rue Ste-Catherine ouest                                  ,                                                             ,                                                             ,CA     ,Montreal                           ,Canada                                                       ,QC                           ,H3A 3E6    ,BATFOTN EUT UMP,MONTREAL,QC,CA,H3A3E6
ED12C9C,4C98B0C,Batom Vechom Inc                                                 ,2154 RUE DES VIOLETTES                                       ,                                                             ,                                                             ,CA     ,LA CONCEPTION                      ,Canada                                                       ,QC                           ,J0T 1M0    ,BATOM VECHOM,LA CONCEPTION,QC,CA,J0T1M0
7899AEC,27105AC,BATTO-CANADA XUBTUCEMT UMK                                       ,2310 LAKESHORE RD W                                          ,                                                             ,                                                             ,CA     ,MISSISSAUGA                        ,CANADA                                                       ,ON                           ,L5J 1K2    ,BATTO CANADA XUBTUCEMT UMK,MISSISSAUGA,ON,CA,L5J1K2
7C17BDC,0BBEFBA,Batttemp Plumbing Haetumg                                        ,195 Bay St                                                   ,                                                             ,                                                             ,CA     ,Embrun                             ,Canada                                                       ,ON                           ,K0A 1W1    ,BATTTEMP PLUMBING HAETUMG,EMBRUN,ON,CA,K0A1W1
4CDD083,8993602,BATUMG MECHANICAL LTD                                            ,7220 WEST CREDIT AVENUE                                      ,                                                             ,                                                             ,CA     ,MISSISSAUGA                        ,Canada                                                       ,ONTARIO                      ,L5N 5N1    ,BATUMG MECHANICAL,MISSISSAUGA,ON,CA,L5N5N1
B0881A2,DE641EA,BATUNATAT DEVELOPMENT                                            ,20 BREITHAUPT ST                                             ,                                                             ,                                                             ,CA     ,KITCHENER                          ,Canada                                                       ,ON                           ,N2H 5G6    ,BATUNATAT DEVELOPMENT,KITCHENER,ON,CA,N2H5G6
4D7EE30,894AD76,BAUATXA PLUMBING AND HAETUMG                                     ,121 105TH ST E                                               ,                                                             ,                                                             ,CA     ,SASKATOON                          ,Canada                                                       ,SK                           ,S7N 1Z2    ,BAUATXA PLUMBING AND HAETUMG,SASKATOON,SK,CA,S7N1Z2
AD16C41,52CF224,Bavem Btoz. Limited                                              ,10 Walker Drive                                              ,                                                             ,                                                             ,CA     ,Charlottetown                      ,Canada                                                       ,PE                           ,C1A 8S6    ,BAVEM BTOZ,CHARLOTTETOWN,PE,CA,C1A8S6
6427B4B,D768615,BAXX CANADA                                                      ,1 GRAHAM BELL C-1                                            ,                                                             ,                                                             ,CA     ,VERDUN                             ,Canada                                                       ,QC                           ,H3E 3B3    ,BAXX CANADA,VERDUN,QC,CA,H3E3B3
FD17C7E,F41E54C,BBG CANADA INC                                                   ,GM OSHAWA                                                    ,CANADIAN TECHNICAL CENTER                                    ,500 WENTWORTH ST W                                           ,CA     ,OSHAWA                             ,Canada                                                       ,ON                           ,L1J 0C5    ,BBG CANADA,OSHAWA,ON,CA,L1J0C5
ACD6EB5,4587E6A,BBP                                                              ,325 PRINCIPALE NORD                                          ,UHMW INDUSTRIES                                              ,                                                             ,CA     ,WATERVILLE                         ,Canada                                                       ,QUEBEC                       ,J0B 3H0    ,BBP,WATERVILLE,QC,CA,J0B3H0
4C51C54,8091A65,BCC 106                                                           ,2556 Argyle Rd.                                              ,                                                             ,                                                             ,CA     ,Mississauga                        ,Canada                                                       ,ON                           ,L5B 2H6    ,BCC 106,MISSISSAUGA,ON,CA,L5B2H6
AD5D1D9,8091A65,BCC 116                                                          ,530 Lolita Gardens                                           ,                                                             ,                                                             ,CA     ,Mississauga                        ,Canada                                                       ,ON                           ,L5A 3T2    ,BCC 116,MISSISSAUGA,ON,CA,L5A3T2
DBF2E1C,8441C9E,BCC 161                                                          ,C/O ICC PROPERTY MANAGEMENT LTD                              ,"1151 DENISON STREET, UNIT 15                                 ",                                                             ,CA     ,MARKHAM                            ,Canada                                                       ,ONTARIO                      ,L3R 3Y4    ,BCC 161,MARKHAM,ON,CA,L3R3Y4
6547206,5F6B772,BCC 169                                                          ,7-201 Director Court                                         ,                                                             ,                                                             ,CA     ,Vaughan                            ,Canada                                                       ,ON                           ,L4L 4S5    ,BCC 169,VAUGHAN,ON,CA,L4L4S5
18C7F40,1401E86,BCG Gxobex Property Management Inc                               ,1112 WEST PENDER ST SUITE 200                                ,ZZZZ DO NOT USE                                              ,                                                             ,CA     ,VANCOUVER                          ,Canada                                                       ,BC                           ,V6E 2S1    ,BCG GXOBEX PROPERTY MANAGEMENT,VANCOUVER,BC,CA,V6E2S1
E735724,E45E887,BCUNC TAEXTY CORPORATION                                         ,C/O QUADREAL PROPERTY GROUP                                  ,199 BAY STREET SUITE 1910                                    ,PO BOX 101                                                   ,CA     ,TORONTO                            ,Canada                                                       ,ONTARIO                      ,M5L 1E2    ,BCUNC TAEXTY,TORONTO,ON,CA,M5L1E2
92B6F19,F1D7789,bcUNC Taexty Corp -                                              ,199 BAY STREET SUITE 1920                                    ,PO BOX 101 STN COMMERCE COURT 199 BAY STREET POSTAL STN      ,                                                             ,CA     ,TORONTO                            ,Canada                                                       ,ON                           ,M5L 1E2    ,BCUNC TAEXTY,TORONTO,ON,CA,M5L1E2
92B6F19,FCDE270,bcUNC Taexty Corp -                                              ,PO BOX 101 STN COMMERCE COURT                                ,199 BAY STREET SUITE 1910                                    ,                                                             ,CA     ,TORONTO                            ,Canada                                                       ,ON                           ,M5L 1E2    ,BCUNC TAEXTY,TORONTO,ON,CA,M5L1E2
1538816,4CC52FE,BECA SOLUTIONS CORP                                              ,PREVENT MECHANICAL                                           ,C/O LANDMARK GARDENS                                         ,333 GARRY CRESENT NE                                         ,CA     ,CALGARY                            ,Canada                                                       ,ALBERTA                      ,T2K 3T7    ,BECA SOLUTIONS,CALGARY,AB,CA,T2K3T7
8AEE09E,B648FAF,BECKATHEUZ VAUT LTD                                              ,90 SUMMERLEA RD                                              ,C/O KEELE WAREHOUSING AND LOGISTICS                          ,                                                             ,CA     ,BRAMPTON                           ,CANADA                                                       ,ON                           ,L6T 4X3    ,BECKATHEUZ VAUT,BRAMPTON,ON,CA,L6T4X3
9B39AC6,A40DBD2,BETC OXYNBUQUA                                                   ,MAGASIN CENTRAL                                              ,4400 RUE SHERBROOKE E                                        ,                                                             ,CA     ,MONTREAL                           ,Canada                                                       ,QC                           ,H1V 3S8    ,BETC OXYNBUQUA,MONTREAL,QC,CA,H1V3S8
F29E080,B169E8D,Betenoumt Management                                             ,1245 BARRINGTON ST                                           ,                                                             ,                                                             ,CA     ,HALIFAX                            ,Canada                                                       ,NS                           ,B3J 1Y2    ,BETENOUMT MANAGEMENT,HALIFAX,NS,CA,B3J1Y2
4096ECA,765812E,Betkvuaw Management                                              ,"5100 Boul Edouard Montpetit, Suite 5                         ",                                                             ,                                                             ,CA     ,Montreal                           ,Canada                                                       ,QC                           ,H3W 1R2    ,BETKVUAW MANAGEMENT,MONTREAL,QC,CA,H3W1R2
4DD6BB1,59EE530,BETOUZZA ST-THONEZ                                               ,2001 LAJOIE ST                                               ,                                                             ,                                                             ,CA     ,Lefaivre                           ,Canada                                                       ,ON                           ,K0B 1J0    ,BETOUZZA ST THONEZ,LEFAIVRE,ON,CA,K0B1J0
5C3D968,,Betze Kaxxy / Cetu-Cem Coobatetuva Honaz Inc.                    ,                                                             ,                                                             ,                                                             ,       ,                                   ,                                                             ,                             ,           ,BETZE KAXXY CETU CEM COOBATETUVA HONAZ,,,,
5C3D968,46D8581,Betze Kaxxy / Cetu-Cem Coobatetuva Honaz Inc.                    ,1 Coin St.                                                   ,                                                             ,                                                             ,CA     ,Etobicoke                          ,Canada                                                       ,ON                           ,M8V 3Y9    ,BETZE KAXXY CETU CEM COOBATETUVA HONAZ,ETOBICOKE,ON,CA,M8V3Y9
7633E11,8B582F1,BEXMET MANAGEMENT LTD.                                           ,TWIN TOWERS                                                  ,65 SPEEDVALE AVE W                                           ,                                                             ,CA     ,GUELPH                             ,Canada                                                       ,ONTARIO                      ,N1H 1J7    ,BEXMET MANAGEMENT,GUELPH,ON,CA,N1H1J7
9FF6FE7,ACF5B2E,BEY TUPGAZ                                                       ,900 SANDY BEACH RD                                           ,                                                             ,                                                             ,CA     ,PICKERING                          ,Canada                                                       ,ON                           ,L1W 1Z4    ,BEY TUPGAZ,PICKERING,ON,CA,L1W1Z4
15D2486,302FF02,BGUZ                                                             ,125 BRODIE ST N                                              ,                                                             ,                                                             ,CA     ,THUNDER BAY                        ,Canada                                                       ,ON                           ,P7C 0A3    ,BGUZ,THUNDER BAY,ON,CA,P7C0A3
71C0D06,AC571B4,BGUZ CANADA LP                                                   ,LAB BUILDING                                                 ,4905 DUFFERIN ST                                             ,                                                             ,CA     ,TORONTO                            ,Canada                                                       ,ON                           ,M3H 5T4    ,BGUZ CANADA,TORONTO,ON,CA,M3H5T4
0A5C99C,6B225BF,BGUZ Canada LP ta. Bank of Nomttaex (for O&N)                    ,PO Box 3546                                                  ,                                                             ,                                                             ,CA     ,Markham                            ,Canada                                                       ,ON                           ,L3R 0Y7    ,BGUZ CANADA TA BANK OF NOMTTAEX FOR O N,MARKHAM,ON,CA,L3R0Y7
0A5C99C,F1D7789,BGUZ Canada LP ta. Bank of Nomttaex (for O&N)                    ,100 King Street West                                         ,Level B1                                                     ,                                                             ,CA     ,Toronto                            ,Canada                                                       ,ON                           ,M5X 1A1    ,BGUZ CANADA TA BANK OF NOMTTAEX FOR O N,TORONTO,ON,CA,M5X1A1
2D5E903,34A1B86,BGUZ UMTAGTETAP TACHMUCEX SERVICES CANADA LTD                    ,JOB SITE PLAZA 4                                             ,195 BESSERER ST                                              ,                                                             ,CA     ,OTTAWA                             ,Canada                                                       ,ONTARIO                      ,K1N 6B3    ,BGUZ UMTAGTETAP TACHMUCEX SERVICES CANADA,OTTAWA,ON,CA,K1N6B3
2D5E903,EF423A0,BGUZ UMTAGTETAP TACHMUCEX SERVICES CANADA LTD                    ,PLAZA 3                                                      ,242 RIDEAU ST                                                ,                                                             ,CA     ,OTTAWA                             ,Canada                                                       ,ONTARIO                      ,K1N 0B7    ,BGUZ UMTAGTETAP TACHMUCEX SERVICES CANADA,OTTAWA,ON,CA,K1N0B7
E4F4580,91045F9,BGUZ WOTKBXECA SOLUTIONS INC.                                    ,ELM                                                          ,70 COLONY FARM RD-ELM-90417                                  ,                                                             ,CA     ,COQUITLAM                          ,Canada                                                       ,BRITISH COLUMBIA             ,V3C 5X9    ,BGUZ WOTKBXECA SOLUTIONS,COQUITLAM,BC,CA,V3C5X9
44B3BE7,F068A84,BNC Amatgy Ltd.                                                  ,900 WINDMILL RD                                              ,                                                             ,                                                             ,CA     ,DARTMOUTH                          ,Canada                                                       ,NS                           ,B3B 1P7    ,BNC AMATGY,DARTMOUTH,NS,CA,B3B1P7
C3E9A1F,6B225BF,BNO c/o BGUZ Canada LP                                           ,PO Box 3546                                                  ,                                                             ,                                                             ,CA     ,Markham                            ,Canada                                                       ,ON                           ,L3R 0Y7    ,BNO C O BGUZ CANADA,MARKHAM,ON,CA,L3R0Y7
194CBB4,6B225BF,BNO c/o BGUZ Canada   X  B                                       ,4175 14th Avenue                                             ,                                                             ,                                                             ,CA     ,Markham                            ,Canada                                                       ,ON                           ,L3R 0Y7    ,BNO C O BGUZ CANADA X B,MARKHAM,ON,CA,L3R0Y7
1ACA657,954F29C,BNU GROUP                                                        ,298 HEMLOCK ST                                               ,                                                             ,                                                             ,CA     ,WATERLOO                           ,Canada                                                       ,ON                           ,N2L 0K8    ,BNU GROUP,WATERLOO,ON,CA,N2L0K8
2CCE4CC,F971689,Boetpwexk Gamatex Bettmatzhub                                    ,200-1501 FIRST ST SW                                         ,                                                             ,                                                             ,CA     ,CALGARY                            ,Canada                                                       ,AB                           ,T2R 0W1    ,BOETPWEXK GAMATEX BETTMATZHUB,CALGARY,AB,CA,T2R0W1
6CAF0F5,48F9C14,Boetpwexk REIT Limited Bettmatzhub                               ,6943 68 AVE NW                                               ,                                                             ,                                                             ,CA     ,EDMONTON                           ,Canada                                                       ,AB                           ,T6B 3E3    ,BOETPWEXK REIT BETTMATZHUB,EDMONTON,AB,CA,T6B3E3
C50E90D,8ED1B78,BONBAM PLUMBING & HAETUMG                                        ,TURNER FENTON SS                                             ,5970 ATLANTIC DR                                             ,                                                             ,CA     ,MISSISSAUGA                        ,Canada                                                       ,ONTARIO                      ,L4W 1N6    ,BONBAM PLUMBING HAETUMG,MISSISSAUGA,ON,CA,L4W1N6
7B64D37,27105AC,Boxetuz Taexty (Canada) Limited                                  ,"2700 Matheson Boulevard East,Suite 107                       ",                                                             ,                                                             ,CA     ,Mississauga                        ,Canada                                                       ,ON                           ,L4W 4V9    ,BOXETUZ TAEXTY CANADA,MISSISSAUGA,ON,CA,L4W4V9
D805909,A9D2BDD,BOXEUT HAETUMG & EUT COMPUTUOMUMG                                ,1440-1470 MAIN ST E                                          ,                                                             ,                                                             ,CA     ,MILTON                             ,Canada                                                       ,ON                           ,L9T 8W6    ,BOXEUT HAETUMG EUT COMPUTUOMUMG,MILTON,ON,CA,L9T8W6
D905621,CC24B3C,Boxynoz inc.                                                     ,150 5E BOUL                                                  ,                                                             ,                                                             ,CA     ,TERRASSE-VAUDREUIL                 ,Canada                                                       ,QC                           ,J7V 5M3    ,BOXYNOZ,TERRASSE-VAUDREUIL,QC,CA,J7V5M3
DA35787,F9231BD,Btacuzuom Comcabtz                                               ,310 MATHESON BLVD E                                          ,                                                             ,                                                             ,CA     ,MISSISSAUGA                        ,Canada                                                       ,ON                           ,L4Z 1P5    ,BTACUZUOM COMCABTZ,MISSISSAUGA,ON,CA,L4Z1P5
DA35787,8091A65,Btacuzuom Comcabtz                                               ,310 Matheson Blvd E.                                         ,                                                             ,                                                             ,CA     ,Mississauga                        ,Canada                                                       ,ON                           ,L4Z 1P5    ,BTACUZUOM COMCABTZ,MISSISSAUGA,ON,CA,L4Z1P5
D681413,BC824E3,Btagg Cxaematz Teuxotz & Futtuatz Amt Ltd.                       ,1947 ALBERT ST                                               ,                                                             ,                                                             ,CA     ,REGINA                             ,Canada                                                       ,SK                           ,S4P 2T5    ,BTAGG CXAEMATZ TEUXOTZ FUTTUATZ AMT,REGINA,SK,CA,S4P2T5
8711555,824B9A0,BTAMMAT MECHANICAL INC.                                          ,ESC SAINT TRINITE SCHOOL                                     ,2600 GRAND OAK TRAIL                                         ,                                                             ,CA     ,OAKVILLE                           ,CA                                                           ,ONTARIO                      ,L6M 0R4    ,BTAMMAT MECHANICAL,OAKVILLE,ON,CA,L6M0R4
8711555,A4E9BF1,BTAMMAT MECHANICAL INC.                                          ,C/O U PLUS ONE - FIRST ON CAMPUS                             ,321 SPRUCE STREET                                            ,                                                             ,CA     ,WATERLOO                           ,Canada                                                       ,ONTARIO                      ,N2L 3M6    ,BTAMMAT MECHANICAL,WATERLOO,ON,CA,N2L3M6
8AA4B1C,B169E8D,Btanmat'z Plumbing & Haetumg Ltd.                                ,40 Ash Lake Crt                                              ,                                                             ,                                                             ,CA     ,Halifax                            ,Canada                                                       ,NS                           ,B3S 1B7    ,BTANMATZ PLUMBING HAETUMG,HALIFAX,NS,CA,B3S1B7
C82576D,75ECB0A,Btanuata Plumbing                                                ,1536 CHAMPLAIN ST                                            ,                                                             ,                                                             ,CA     ,DIEPPE                             ,Canada                                                       ,NB                           ,E1A 1R5    ,BTANUATA PLUMBING,DIEPPE,NB,CA,E1A1R5
85E6967,436F61B,BTEMPOM UNIVERSITY                                               ,BRANDON UNIVERSITY                                           ,                                                             ,270-18TH ST                                                  ,CA     ,BRANDON                            ,Canada                                                       ,MANITOBA                     ,R7A 6A9    ,BTEMPOM UNIVERSITY,BRANDON,MB,CA,R7A6A9
C0000F8,8091A65,BTENBTOM BTOCAZZUMG                                              ,BRAMPTON PROCESSING                                          ,1340 RUE RENE-DESCARTES                                      ,                                                             ,CA     ,SAINT-BRUNO-DE-MONTARVILLE         ,Canada                                                       ,QC                           ,J3V 0B7    ,BTENBTOM BTOCAZZUMG,SAINT-BRUNO-DE-MONTARVILLE,QC,CA,J3V0B7
4217F0C,8091A65,Btencex Btopuctuomz Inc                                          ,"1900 Minnesota Court, Suite 200                              ",                                                             ,                                                             ,CA     ,Mississauga                        ,Canada                                                       ,ON                           ,L5N 1P8    ,BTENCEX BTOPUCTUOMZ,MISSISSAUGA,ON,CA,L5N1P8
123DE33,EDDEC55,BTEPY & ZAUPMAT ASSOCIATES LTD                                   ,DAYSPRING CIRCLE                                             ,"3, 5, 7, 10 DAYSPRING CIRCLE                                 ",                                                             ,CA     ,BRAMPTON                           ,Canada                                                       ,ON                           ,L6P 1C1    ,BTEPY ZAUPMAT ASSOCIATES,BRAMPTON,ON,CA,L6P1C1
123DE33,3068035,BTEPY & ZAUPMAT ASSOCIATES LTD                                   ,801 ALNESS ST                                                ,                                                             ,                                                             ,CA     ,DOWNSVIEW                          ,Canada                                                       ,ONTARIO                      ,M3J 2H8    ,BTEPY ZAUPMAT ASSOCIATES,DOWNSVIEW,ON,CA,M3J2H8
123DE33,247EC7C,BTEPY & ZAUPMAT ASSOCIATES LTD                                   ,801 ALNESS ST                                                ,                                                             ,                                                             ,CA     ,TORONTO                            ,Canada                                                       ,ONTARIO                      ,M3J 2H8    ,BTEPY ZAUPMAT ASSOCIATES,TORONTO,ON,CA,M3J2H8
0DEF4B7,BC824E3,Btettz Whoxazexa Foop Service Ltd.                               ,1450 Park Street                                             ,                                                             ,                                                             ,CA     ,Regina                             ,Canada                                                       ,SK                           ,S4N 2G2    ,BTETTZ WHOXAZEXA FOOP SERVICE,REGINA,SK,CA,S4N2G2
43E8534,BC824E3,Bteutua Btaw Supplies                                            ,1120 Broad Street                                            ,                                                             ,                                                             ,CA     ,Regina                             ,Canada                                                       ,SK                           ,S4R 1X8    ,BTEUTUA BTAW SUPPLIES,REGINA,SK,CA,S4R1X8
D1DF11B,C2E18E0,Btonamepa Limited Bettmatzhub                                    ,"1 Promenade Circle, Suite 316                                ",                                                             ,                                                             ,CA     ,Thornhill                          ,Canada                                                       ,ON                           ,L4J 4P8    ,BTONAMEPA BETTMATZHUB,THORNHILL,ON,CA,L4J4P8
EBD9EE5,6B225BF,BTOOKFUAXP GXOBEX UMTAGTETAP SOLUTIONS CANADA LP                 ,7400 BIRCHMOUNT ROAD                                         ,                                                             ,                                                             ,CA     ,MARKHAM                            ,Canada                                                       ,ONTARIO                      ,L3R 4E6    ,BTOOKFUAXP GXOBEX UMTAGTETAP SOLUTIONS CANADA,MARKHAM,ON,CA,L3R4E6
FF0498A,05F60F7,BTOOKFUAXP GXOBEX UMTAGTETAP SOLUTIONS CANADA LP                 ,WORKPLACE SOLUTIONS INC.                                     ,P.O. BOX 4830                                                ,7400 BIRCHMOUNT ROAD                                         ,CA     ,MARKHAM                            ,Canada                                                       ,ONTARIO                      ,L3R 5S8    ,BTOOKFUAXP GXOBEX UMTAGTETAP SOLUTIONS CANADA,MARKHAM,ON,CA,L3R5S8
837FDE4,8091A65,Btookfuaxp Office Properties                                     ,c/o YARDI Processing Centre                                  ,"5925 Airport Road, Suite 605                                 ",                                                             ,CA     ,Mississauga                        ,Canada                                                       ,ON                           ,L4V 1W1    ,BTOOKFUAXP OFFICE PROPERTIES,MISSISSAUGA,ON,CA,L4V1W1
8203BD4,8091A65,Btookfuaxp Office Properties.                                    ,c/o YARDI Processing Centre                                  ,5925 Airport Road                                            ,                                                             ,CA     ,Mississauga                        ,Canada                                                       ,ON                           ,L4V 1W1    ,BTOOKFUAXP OFFICE PROPERTIES,MISSISSAUGA,ON,CA,L4V1W1
9AFE6E1,8091A65,Btookfuaxp Office Properties 10+v12098 + 8184650               ,c/o YARDI Processing Centre                                  ,"5925 Airport Road, Suite 605                                 ",                                                             ,CA     ,Mississauga                        ,Canada                                                       ,ON                           ,L4V 1W1    ,BTOOKFUAXP OFFICE PROPERTIES 10 V12098 8184650,MISSISSAUGA,ON,CA,L4V1W1
DBD63D2,8091A65,Btookfuaxp Properties - Axchemga Towatz                          ,Bill Box#00+ v0012088+8113000                                ,c/o Yardi Pay Scan Processing                                ,"5925 Airport Road, Suite 605                                 ",CA     ,Mississauga                        ,Canada                                                       ,ON                           ,L4V 1W1    ,BTOOKFUAXP PROPERTIES AXCHEMGA TOWATZ,MISSISSAUGA,ON,CA,L4V1W1
6A6D411,8091A65,Btookfuaxp Properties Canada Management  LP                      ,BILLBOX: 00 V0012088 812001                                  ,c/o Yardi PayScan Processing Centre                          ,"5925 Airport Road, Suite 605                                 ",CA     ,Mississauga                        ,Canada                                                       ,ON                           ,L4V 1W1    ,BTOOKFUAXP PROPERTIES CANADA MANAGEMENT,MISSISSAUGA,ON,CA,L4V1W1
07F8B71,59A5665,Btuatwoop Getpamz                                                ,425 Park Road North                                          ,                                                             ,                                                             ,CA     ,Brantford                          ,Canada                                                       ,ON                           ,N3R 7G5    ,BTUATWOOP GETPAMZ,BRANTFORD,ON,CA,N3R7G5
29CAC4B,EC141E8,Btupgatowm & District Nanotuex Etame                             ,30 Jeffery Rd                                                ,                                                             ,                                                             ,CA     ,Bridgetown                         ,Canada                                                       ,NS                           ,B0S 1C0    ,BTUPGATOWM DISTRICT NANOTUEX ETAME,BRIDGETOWN,NS,CA,B0S1C0
65FE4F7,81D8DA3,BTUTEMMUE GXAM CO-OBATETUVA HONAZ INC.                           ,"5995, 5985 & 5975 GLEN ERIN DR                               ",                                                             ,                                                             ,CA     ,MISSISSAUGA                        ,Canada                                                       ,ONTARIO                      ,L5N 5P7    ,BTUTEMMUE GXAM OBATETUVA HONAZ,MISSISSAUGA,ON,CA,L5N5P7
49CB630,DCFC9B3,BTUXXUEMT PROPERTY MANAGEMENT                                    ,VINCENT CRT                                                  ,660 EGLINTON AVE W                                           ,                                                             ,CA     ,TORONTO                            ,Canada                                                       ,ON                           ,M5N 1C3    ,BTUXXUEMT PROPERTY MANAGEMENT,TORONTO,ON,CA,M5N1C3
5008A2D,733DC41,Buame                                                            ,"2955, rue Cartier                                            ",                                                             ,                                                             ,CA     ,Saint Hyacinthe                    ,Canada                                                       ,QC                           ,J2S 1L4    ,BUAME,SAINT HYACINTHE,QC,CA,J2S1L4
3ED77D3,40B8E09,Bucoma Pounut Holdings Inc.                                      ,1729 Bank Street                                             ,                                                             ,                                                             ,CA     ,Ottawa                             ,Canada                                                       ,ON                           ,K1V 7Z4    ,BUCOMA POUNUT HOLDINGS,OTTAWA,ON,CA,K1V7Z4
3ED77D3,C67372D,Bucoma Pounut Holdings Inc.                                      ,1191 UNION AVE                                               ,                                                             ,                                                             ,CA     ,MONTREAL                           ,Canada                                                       ,QC                           ,H3B 3C3    ,BUCOMA POUNUT HOLDINGS,MONTREAL,QC,CA,H3B3C3
5413E65,DEF1ED2,Buctou Coumty Waxxmazz Centre                                    ,2756 Westville Road                                          ,                                                             ,                                                             ,CA     ,New Glasgow                        ,Canada                                                       ,NS                           ,B2H 5E6    ,BUCTOU COUMTY WAXXMAZZ CENTRE,NEW GLASGOW,NS,CA,B2H5E6
CC88A89,7486AE7,Buempatua Zemuteuta Inc.                                         ,"810, rue St-Georges                                          ",                                                             ,                                                             ,CA     ,Saint-Jerome                       ,Canada                                                       ,QC                           ,J7Z 5C9    ,BUEMPATUA ZEMUTEUTA,SAINT-JEROME,QC,CA,J7Z5C9
763468A,F971689,Building Obatetuom Technology                                    ,PO Box 71092 Silver Springs                                  ,                                                             ,                                                             ,CA     ,Calgary                            ,Canada                                                       ,ALBERTA                      ,T3B 5K1    ,BUILDING OBATETUOM TECHNOLOGY,CALGARY,AB,CA,T3B5K1
44F2378,4D518FA,BUMGA CANADA                                                     ,400 BURLINGTON ST E                                          ,                                                             ,                                                             ,CA     ,HAMILTON                           ,Canada                                                       ,ON                           ,L8L 4H7    ,BUMGA CANADA,HAMILTON,ON,CA,L8L4H7
DCC106F,5FCC0F1,Bumga Canada                                                     ,400 BURLINGTON ST E                                          ,                                                             ,                                                             ,CA     ,HAMILTON                           ,Canada                                                       ,ON                           ,L8L 4H7    ,BUMGA CANADA,HAMILTON,ON,CA,L8L4H7
FB79A1B,A721153,BUMZX TATEUX SERVICES                                            ,DDS - CANADA - SEKO TR1 DC                                   ,PO BOX 270099                                                ,                                                             ,US     ,SAINT LOUIS                        ,United States                                                ,MO                           ,63127-0099 ,BUMZX TATEUX SERVICES,SAINT LOUIS,MO,US,631270099
44B312E,52CF224,Buovactte Inc.                                                   ,11 Aviation Avenue                                           ,                                                             ,                                                             ,CA     ,Charlottetown                      ,Canada                                                       ,PE                           ,C1E 0A1    ,BUOVACTTE,CHARLOTTETOWN,PE,CA,C1E0A1
166984F,F241991,Buta Mechanical Group                                            ,343 BLOOR ST W                                               ,                                                             ,                                                             ,CA     ,OSHAWA                             ,Canada                                                       ,ON                           ,L1J 5Y5    ,BUTA MECHANICAL GROUP,OSHAWA,ON,CA,L1J5Y5
9706E07,E98FE1E,BUTCHUACO UMVAZTNAMTZ                                            ,1046 AUSTIN AVE                                              ,                                                             ,                                                             ,CA     ,COQUITLAM                          ,Canada                                                       ,BRITISH COLUMBIA             ,V3K 3P3    ,BUTCHUACO UMVAZTNAMTZ,COQUITLAM,BC,CA,V3K3P3
F2D9CF2,5F6B772,Butmec Btopuca Limited                                           ,80 ZENWAY BLVD                                               ,                                                             ,                                                             ,CA     ,VAUGHAN                            ,Canada                                                       ,ON                           ,L4H 3H1    ,BUTMEC BTOPUCA,VAUGHAN,ON,CA,L4H3H1
F2D9CF2,AC7BD09,Butmec Btopuca Limited                                           ,80 Zenway Blvd.                                              ,                                                             ,                                                             ,CA     ,Vaughn                             ,Canada                                                       ,ON                           ,L4H 3H1    ,BUTMEC BTOPUCA,VAUGHN,ON,CA,L4H3H1
40BAA10,31986D7,Butom (9180-7580 Québac inc.)                                    ,951 3E RUE                                                   ,                                                             ,                                                             ,CA     ,CHIBOUGAMAU                        ,Canada                                                       ,QC                           ,G8P 1R4    ,BUTOM 9180 7580 QUEBAC,CHIBOUGAMAU,QC,CA,G8P1R4
BBB140C,1422DBD,BUTOM (9180-7580 QUEBEC INC)                                     ,951 3E RUE                                                   ,                                                             ,                                                             ,CA     ,CHIBOUGAMAU                        ,Canada                                                       ,QC                           ,G8P 1R4    ,BUTOM 9180 7580 QUEBEC,CHIBOUGAMAU,QC,CA,G8P1R4
A2F0E45,850025C,BUTP UMFTEZTTUCTUTA LTD                                          ,BAYVIEW COMMUNITY CENTRE                                     ,114 SPADINA ROAD                                             ,                                                             ,CA     ,RICHMOND HILLS                     ,Canada                                                       ,ON                           ,L4B        ,BUTP UMFTEZTTUCTUTA,RICHMOND HILLS,ON,CA,L4B
503D6C3,F1D7789,Buzze Move                                                       ,1260 Lawrence Avenue  East                                   ,                                                             ,                                                             ,CA     ,Toronto                            ,Canada                                                       ,ON                           ,M3A 1C4    ,BUZZE MOVE,TORONTO,ON,CA,M3A1C4
723AD4A,40B8E09,BXECK & NCPOMEXP LTD                                             ,2460 DON REID DR                                             ,                                                             ,                                                             ,CA     ,OTTAWA                             ,Canada                                                       ,ON                           ,K1H 1E1    ,BXECK NCPOMEXP,OTTAWA,ON,CA,K1H1E1
F68B6D5,6B225BF,BXECK & NCPOMEXP LTD.                                            ,75 COMMERCE VALLEY DR E                                      ,                                                             ,                                                             ,CA     ,MARKHAM                            ,Canada                                                       ,ON                           ,L3T 7N9    ,BXECK NCPOMEXP,MARKHAM,ON,CA,L3T7N9
F68B6D5,8AB7402,BXECK & NCPOMEXP LTD.                                            ,75 COMMERCE VALLEY DRIVE EAST                                ,                                                             ,                                                             ,CA     ,Markham                            ,Canada                                                       ,ON                           ,L3T 7N9    ,BXECK NCPOMEXP,MARKHAM,ON,CA,L3T7N9
F68B6D5,62B33BD,BXECK & NCPOMEXP LTD.                                            ,TORONTO REGIONAL OFFICE                                      ,31 PULLMAN CRT                                               ,                                                             ,CA     ,SCARBOROUGH                        ,Canada                                                       ,ONTARIO                      ,M1X 1E4    ,BXECK NCPOMEXP,SCARBOROUGH,ON,CA,M1X1E4
F68B6D5,31F1958,BXECK & NCPOMEXP LTD.                                            ,TORONTO REGIONAL OFFICE                                      ,31 PULLMAN CRT                                               ,                                                             ,CA     ,SCARBOROUGH                        ,Canada                                                       ,ON                           ,M1X 1E4    ,BXECK NCPOMEXP,SCARBOROUGH,ON,CA,M1X1E4
8509F07,E334422,BXECK & NCPOMEXP LTD.                                            ,HOTEL CHANTECLERC                                            ,1474 CHEMIN CHANTECLERC                                      ,                                                             ,CA     ,SAINTE ADELE                       ,Canada                                                       ,QUEBEC                       ,J8B 1A2    ,BXECK NCPOMEXP,SAINTE ADELE,QC,CA,J8B1A2
3FC2A04,62B33BD,BXECK & NCPOMEXP LTD                                             ,31 PULLMAN COURT                                             ,                                                             ,                                                             ,CA     ,SCARBOROUGH                        ,Canada                                                       ,ONTARIO                      ,M1X 2E4    ,BXECK NCPOMEXP,SCARBOROUGH,ON,CA,M1X2E4
DA1FA00,A6840C8,BXECK & NCPOMEXP LTD.                                            ,328 GREEN RD                                                 ,                                                             ,                                                             ,CA     ,STONEY CREEK                       ,Canada                                                       ,ONTARIO                      ,L8E 2B2    ,BXECK NCPOMEXP,STONEY CREEK,ON,CA,L8E2B2
02635C9,84636C6,Bxeck & NcPomexp                                                 ,328 Green Road                                               ,                                                             ,                                                             ,CA     ,Stoney Creek                       ,Canada                                                       ,ON                           ,L8E 2B2    ,BXECK NCPOMEXP,STONEY CREEK,ON,CA,L8E2B2
6202996,EB2D608,Bxeck & NcPomexp *                                               ,"3851, chemin Fallowfield                                     ",                                                             ,                                                             ,CA     ,Ottawa                             ,Canada                                                       ,ON                           ,K2J 4S1    ,BXECK NCPOMEXP,OTTAWA,ON,CA,K2J4S1
968DE28,5F6B772,BXEM GROUP INC                                                   ,2740 STEELES AVE WEST                                        ,                                                             ,                                                             ,CA     ,VAUGHAN                            ,Canada                                                       ,ONTARIO                      ,L4K 4T4    ,BXEM GROUP,VAUGHAN,ON,CA,L4K4T4
968DE28,DEBD351,BXEM GROUP INC                                                   ,2740 STEELES AVE W                                           ,                                                             ,                                                             ,CA     ,VAUGHAN                            ,Canada                                                       ,ON                           ,L4K 4T4    ,BXEM GROUP,VAUGHAN,ON,CA,L4K4T4
968DE28,DD764A0,BXEM GROUP INC                                                   ,2740 STEELES AVE W                                           ,                                                             ,                                                             ,CA     ,VAUGHAN                            ,CANADA                                                       ,ON                           ,L4K 4T4    ,BXEM GROUP,VAUGHAN,ON,CA,L4K4T4
968DE28,903B1A8,BXEM GROUP INC                                                   ,2740 STEELES AVE W                                           ,                                                             ,                                                             ,CA     ,VAUGHAN                            ,Canada                                                       ,ON                           ,L4K 4T4    ,BXEM GROUP,VAUGHAN,ON,CA,L4K4T4
FC0D32F,5F6B772,Bxem  Group                                                      ,2740 Steeles Avenue West                                     ,                                                             ,                                                             ,CA     ,Vaughan                            ,Canada                                                       ,ON                           ,L4K 4T4    ,BXEM GROUP,VAUGHAN,ON,CA,L4K4T4
AFEAA42,64E7BFA,BXEZTTAC                                                         ,1461 RUE LEPINE                                              ,                                                             ,                                                             ,CA     ,JOLIETTE                           ,Canada                                                       ,QC                           ,J6E 4B7    ,BXEZTTAC,JOLIETTE,QC,CA,J6E4B7
4FB8CB2,8FF45CF,Bxonbatua Butom                                                  ,951 3e rue                                                   ,                                                             ,                                                             ,CA     ,Chibougameau                       ,Canada                                                       ,QC                           ,G8P 1R4    ,BXONBATUA BUTOM,CHIBOUGAMEAU,QC,CA,G8P1R4
3D17265,F1D7789,Bxoot CT Ecquuzutuomz Inc.                                       ,820 YONGE ST                                                 ,                                                             ,                                                             ,CA     ,TORONTO                            ,Canada                                                       ,ON                           ,M4W 0A9    ,BXOOT CT ECQUUZUTUOMZ,TORONTO,ON,CA,M4W0A9
53FC880,9ADC4B6,Bxumpz To Go Inc                                                 ,300-4150 Sherbrooke West                                     ,                                                             ,                                                             ,CA     ,Westmount                          ,Canada                                                       ,QC                           ,H3Z 1C2    ,BXUMPZ TO GO,WESTMOUNT,QC,CA,H3Z1C2
1FF88F0,2CDD672,BZCC87 c/o  Aeztwey                                              ,250 WATER ST                                                 ,SUITE 202                                                    ,                                                             ,CA     ,WHITBY                             ,Canada                                                       ,ON                           ,L1N 0G5    ,BZCC87 C O AEZTWEY,WHITBY,ON,CA,L1N0G5
34C537D,8091A65,"BZZ, TBB & CXEC                                                  ",300-1 City Centre DR.                                        ,                                                             ,                                                             ,CA     ,Mississauga                        ,Canada                                                       ,ON                           ,L5B 1M2    ,BZZ TBB CXEC,MISSISSAUGA,ON,CA,L5B1M2
5F58DF4,34A1B86,C G PLUMBING & HAETUMG LTD                                       ,360 LACASSE AVENUE                                           ,                                                             ,                                                             ,CA     ,OTTAWA                             ,Canada                                                       ,ONTARIO                      ,K1L 7A9    ,C G PLUMBING HAETUMG,OTTAWA,ON,CA,K1L7A9
89BED1F,45C3F86,C.Z.T.Z & CTCEAPN                                                ,1315 INDUSTRIAL ROAD                                         ,UNIT #3                                                      ,                                                             ,CA     ,CAMBRIDGE                          ,Canada                                                       ,ONTARIO                      ,N3H 4W4    ,C Z T Z CTCEAPN,CAMBRIDGE,ON,CA,N3H4W4
C927F04,E665E40,CAGAB DE ZEUMT-HYECUMTHA                                         ,3000 AV BOULLE                                               ,                                                             ,                                                             ,CA     ,ST-HYACINTHE                       ,Canada                                                       ,QC                           ,J2S 1H9    ,CAGAB DE ZEUMT HYECUMTHA,ST-HYACINTHE,QC,CA,J2S1H9
CFC8CC0,7E1ADF0,CAGAB HATUTEGA COLLEGE                                           ,325 BOULEVARD SITE DES JEUNES                                ,                                                             ,                                                             ,CA     ,GATINEAU                           ,Canada                                                       ,QC                           ,J8Y 6T3    ,CAGAB HATUTEGA COLLEGE,GATINEAU,QC,CA,J8Y6T3
3851B49,48E37DD,Camttatowm Cutuzamz of Ottawa Corporation                        ,415 GILMOUR ST                                               ,SUITE 200                                                    ,                                                             ,CA     ,OTTAWA                             ,Canada                                                       ,ON                           ,K2P 2M8    ,CAMTTATOWM CUTUZAMZ OF OTTAWA,OTTAWA,ON,CA,K2P2M8
751296D,40B8E09,CAMTTEX BTACEZT INC.                                             ,23 BONGARD AVE                                               ,                                                             ,                                                             ,CA     ,OTTAWA                             ,Canada                                                       ,ON                           ,K2E 6V2    ,CAMTTEX BTACEZT,OTTAWA,ON,CA,K2E6V2
720DD8B,46D8581,CAMTUTUOM PROPERTY ASSOCIATES INC                                ,25 SHEPPARD AVENUE WEST                                      ,SUITE 1800                                                   ,                                                             ,CA     ,TORONTO                            ,Canada                                                       ,ON                           ,M2N 6S6    ,CAMTUTUOM PROPERTY ASSOCIATES,TORONTO,ON,CA,M2N6S6
810676C,5FCC0F1,Canada Cxuneta Services Inc.                                     ,80 Adair Ave S                                               ,                                                             ,                                                             ,CA     ,Hamilton                           ,Canada                                                       ,ON                           ,L8K 3S5    ,CANADA CXUNETA SERVICES,HAMILTON,ON,CA,L8K3S5
B73DC34,635AB0C,CANADA HBZ HOMAYWAXX UMT'X                                       ,ACS ACCOUNTS PAYABLE                                         ,PO BOX 982304                                                ,                                                             ,US     ,EL PASO                            ,United States                                                ,TX                           ,79998      ,CANADA HBZ HOMAYWAXX UMTX,EL PASO,TX,US,79998
73BC84C,873DCA2,CANADA XEMPZ COMPANY                                             ,ZZZZZZZ                                                      ,ZZZZZZZ                                                      ,                                                             ,CA     ,MONTREAL                           ,Canada                                                       ,QC                           ,H4N 2N4    ,CANADA XEMPZ,MONTREAL,QC,CA,H4N2N4
19029AE,A47D28B,CANADA ZEFAWEY LTD.                                              ,1780 BROADWAY E. # 189                                       ,STORE # 189 - DISTRICT 5                                     ,                                                             ,CA     ,VANCOUVER                          ,Canada                                                       ,BRITISH COLUMBIA             ,V5N 1W3    ,CANADA ZEFAWEY,VANCOUVER,BC,CA,V5N1W3
DF16AA6,F57108C,CANADIAN NAMTEX HAEXTH EZZOC                                     ,DURHAM BRANCH                                                ,60 BOND ST W                                                 ,                                                             ,CA     ,OSHAWA                             ,Canada                                                       ,ONTARIO                      ,L1G 1A5    ,CANADIAN NAMTEX HAEXTH EZZOC,OSHAWA,ON,CA,L1G1A5
824F729,62B33BD,CANADIAN TACH EUT SYSTEMS                                        ,400 FINCHDENE SQUARE UNITS 9 & 10                            ,                                                             ,                                                             ,CA     ,SCARBOROUGH                        ,Canada                                                       ,ONTARIO                      ,M1X 1E2    ,CANADIAN TACH EUT SYSTEMS,SCARBOROUGH,ON,CA,M1X1E2
C2D3ED1,8091A65,Cattufuap Building Systems                                       ,"256 Britannia Road East, Unit #1                             ",Unit 11                                                      ,                                                             ,CA     ,Mississauga                        ,Canada                                                       ,ON                           ,L4Z 1S6    ,CATTUFUAP BUILDING SYSTEMS,MISSISSAUGA,ON,CA,L4Z1S6
9A04E5A,8091A65,CAZ Plumbing                                                     ,4444 Eastgate Pkwy                                           ,Unit 7                                                       ,                                                             ,CA     ,Mississauga                        ,Canada                                                       ,ON                           ,L6W 4T6    ,CAZ PLUMBING,MISSISSAUGA,ON,CA,L6W4T6
1292655,5A98A43,CAZEM MECHANICAL                                                 ,NXT CONDO                                                    ,                                                             ,103 THE QUEENS WAY                                           ,CA     ,TORONTO                            ,Canada                                                       ,ONTARIO                      ,M9N 2H5    ,CAZEM MECHANICAL,TORONTO,ON,CA,M9N2H5
77DB64A,F1D7789,CBH Neztat Limited Bettmatzhub                                   ,NXS #: 1259946 - 34200                                       ,700-22 St Clair Ave E                                        ,                                                             ,CA     ,Toronto                            ,Canada                                                       ,ON                           ,M4T 2S5    ,CBH NEZTAT BETTMATZHUB,TORONTO,ON,CA,M4T2S5
7B532E9,F1D7789,CBNU as Egamt for 121 Batat Street                               ,"390 Bay Street, Suite 910                                    ",                                                             ,                                                             ,CA     ,Toronto                            ,Canada                                                       ,ON                           ,M5H 2Y2    ,CBNU AS EGAMT FOR 121 BATAT STREET,TORONTO,ON,CA,M5H2Y2
7213747,2A64420,CBNU as egamt for 5010 Yomga Street                              ,5000 Yonge Street                                            ,Suite 1703                                                   ,                                                             ,CA     ,North York                         ,Canada                                                       ,ON                           ,M2N 7E9    ,CBNU AS EGAMT FOR 5010 YOMGA STREET,NORTH YORK,ON,CA,M2N7E9
BC73564,FB25BFD,CBNU AS EGAMT FOR - 55-57 ZHABBETP AVE A                         ,C/O CROWN PROPERTY MANAGEMENT                                ,1500 DON MILLS ROAD                                          ,SUITE 707                                                    ,CA     ,TORONTO                            ,Canada                                                       ,ONTARIO                      ,M3B 3K4    ,CBNU AS EGAMT FOR 55 57 ZHABBETP AVE A,TORONTO,ON,CA,M3B3K4
B78C827,AF6E26D,CBNU AS EGAMT FOR TTBX HOLDINGS (NUPPXAGETA) INC                 ,1004 MIDDLEGATE ROAD                                         ,                                                             ,                                                             ,CA     ,MISSISSAUGA                        ,CA                                                           ,ONTARIO                      ,L4Y 1M4    ,CBNU AS EGAMT FOR TTBX HOLDINGS NUPPXAGETA,MISSISSAUGA,ON,CA,L4Y1M4
37B21D1,F1D7789,CBNU as Egamtz for 121 Batat UE                                  ,"90 Sheppard Ave. East, Suite 305                             ",                                                             ,                                                             ,CA     ,Toronto                            ,Canada                                                       ,ON                           ,M2N 3A1    ,CBNU AS EGAMTZ FOR 121 BATAT UE,TORONTO,ON,CA,M2N3A1
9FED469,F1D7789,CBNU as Egamtz for Pumpez Apwetp Centre                          ,"90 Sheppard Ave. East, Suite 305                             ",                                                             ,                                                             ,CA     ,Toronto                            ,Canada                                                       ,ON                           ,M2N 3A1    ,CBNU AS EGAMTZ FOR PUMPEZ APWETP CENTRE,TORONTO,ON,CA,M2N3A1
02E0846,ACEFD56,CBTA GXOBEX COTBOTETA SERVICES LTD                               ,CBRE LIMITED                                                 ,ZZZZ DO NOT USE  100 GOUGH ROAD                              ,                                                             ,CA     ,MARKHAM                            ,Canada                                                       ,ONTARIO                      ,L3R 4B7    ,CBTA GXOBEX COTBOTETA SERVICES,MARKHAM,ON,CA,L3R4B7
E019D07,C815F61,CCC 381                                                          ,PLACE LAFONTAINE                                             ,200 LAFONTAINE AVENUE                                        ,                                                             ,CA     ,VANIER                             ,Canada                                                       ,ONTARIO                      ,K1L 8K8    ,CCC 381,VANIER,ON,CA,K1L8K8
CE03EF8,40B8E09,CCC #660 CNG Componumuun                                         ,434 QUEEN ST                                                 ,                                                             ,                                                             ,CA     ,OTTAWA                             ,Canada                                                       ,ON                           ,K1R 7V7    ,CCC 660 CNG COMPONUMUUN,OTTAWA,ON,CA,K1R7V7
5387B05,34A1B86,CCC 679                                                          ,ZZZ DO NOT USE C/O CONDOMINIUM MGMT GROUP                    ,101-335 CATHERINE ST                                         ,                                                             ,CA     ,OTTAWA                             ,Canada                                                       ,ON                           ,K1R 5T4    ,CCC 679,OTTAWA,ON,CA,K1R5T4
2A4034F,40B8E09,CCC 735 c/o                                                      ,"1200 Prince of Wales Drive, Suite D                          ",                                                             ,                                                             ,CA     ,Ottawa                             ,Canada                                                       ,ON                           ,K2C 3Y4    ,CCC 735 C O,OTTAWA,ON,CA,K2C3Y4
30ED931,A5EA8FE,CCC #88                                                          ,3564A INNES ROAD                                             ,                                                             ,                                                             ,CA     ,ORLEANS                            ,Canada                                                       ,ON                           ,K1C 1T1    ,CCC 88,ORLEANS,ON,CA,K1C1T1
FCA0099,ABD6890,Ceba Btatom University                                           ,1250 GRAND LAKE ROAD                                         ,PO BOX 5300                                                  ,                                                             ,CA     ,SYDNEY                             ,Canada                                                       ,NS                           ,B1P 6L2    ,CEBA BTATOM UNIVERSITY,SYDNEY,NS,CA,B1P6L2
6F96C77,187D1D8,CEBTAUT                                                          ,CARRIGAN COURT APARTMENTS                                    ,3836 CARRIGAN COURT                                          ,                                                             ,CA     ,BURNABY                            ,Canada                                                       ,BRITISH COLUMBIA             ,V3N 4P7    ,CEBTAUT,BURNABY,BC,CA,V3N4P7
6F96C77,CB2D5EA,CEBTAUT                                                          ,751 CLARK RD                                                 ,                                                             ,                                                             ,CA     ,COQUITLAM                          ,Canada                                                       ,BRITISH COLUMBIA             ,V3J 3V3    ,CEBTAUT,COQUITLAM,BC,CA,V3J3V3
6F96C77,CA8681F,CEBTAUT                                                          ,1360-1422 TYANDAGA PARK                                      ,                                                             ,                                                             ,CA     ,BURLINGTON                         ,Canada                                                       ,ONTARIO                      ,L7P 1N3    ,CEBTAUT,BURLINGTON,ON,CA,L7P1N3
6F96C77,02B3F30,CEBTAUT                                                          ,9100 BONAVENTURE ESTATES                                     ,9100 BONAVENTURE DR                                          ,                                                             ,CA     ,CALGARY                            ,Canada                                                       ,ALBERTA                      ,T2J 6S6    ,CEBTAUT,CALGARY,AB,CA,T2J6S6
6F96C77,582E5C2,CEBTAUT                                                          ,1021 HOWAY ST                                                ,                                                             ,                                                             ,CA     ,NEW WESTMINSTER                    ,Canada                                                       ,BRITISH COLUMBIA             ,V3M 1Z9    ,CEBTAUT,NEW WESTMINSTER,BC,CA,V3M1Z9
6F96C77,FD760F5,CEBTAUT                                                          ,1920 BRUNSWICK STREET                                        ,                                                             ,                                                             ,CA     ,HALIFAX                            ,Canada                                                       ,NOVA SCOTIA                  ,B3J 3L8    ,CEBTAUT,HALIFAX,NS,CA,B3J3L8
6F96C77,62010CF,CEBTAUT                                                          ,85 CHIPSTONE CLOSE                                           ,                                                             ,                                                             ,CA     ,HALIFAX                            ,Canada                                                       ,NS                           ,B3M 4H7    ,CEBTAUT,HALIFAX,NS,CA,B3M4H7
6F96C77,DCFC9B3,CEBTAUT                                                          ,CAPREIT 2 LP BLDGS IN TORONTO                                ,VARIOUS LOCATIONS                                            ,                                                             ,CA     ,TORONTO                            ,Canada                                                       ,ONTARIO                      ,M5E 1W1    ,CEBTAUT,TORONTO,ON,CA,M5E1W1
6F96C77,A944073,CEBTAUT                                                          ,148 ISLINGTON                                                ,                                                             ,                                                             ,CA     ,TORONTO                            ,Canada                                                       ,ONTARIO                      ,M8V 3B6    ,CEBTAUT,TORONTO,ON,CA,M8V3B6
6F96C77,FDADB8A,CEBTAUT                                                          ,170 ISLINGTON                                                ,                                                             ,                                                             ,CA     ,TORONTO                            ,Canada                                                       ,ONTARIO                      ,M8V 3B6    ,CEBTAUT,TORONTO,ON,CA,M8V3B6
6F96C77,93D7788,CEBTAUT                                                          ,1757 VICTORIA PARK AVE                                       ,                                                             ,                                                             ,CA     ,TORONTO                            ,Canada                                                       ,ONTARIO                      ,M1R 1S3    ,CEBTAUT,TORONTO,ON,CA,M1R1S3
CD26CF7,F1D7789,CEBTAUT LIMITED BETTMATZHUB                                      ,370 MCCOWAN RD                                               ,                                                             ,                                                             ,CA     ,TORONTO                            ,Canada                                                       ,ON                           ,M1J 1J3    ,CEBTAUT BETTMATZHUB,TORONTO,ON,CA,M1J1J3
91A5F16,FB25BFD,CEBUTOX BUUXPUMGZ PROPERTIES INC                                 ,ZZZZZZ DO NOT USE - SEE # 136169                             ,110 SPADINA AVE                                              ,                                                             ,CA     ,TORONTO                            ,Canada                                                       ,ONTARIO                      ,M5V 2K4    ,CEBUTOX BUUXPUMGZ PROPERTIES,TORONTO,ON,CA,M5V2K4
A303184,7486AE7,Cégab de Zeumt-Jétôna                                            ,455 RUE FOURNIER                                             ,                                                             ,                                                             ,CA     ,SAINT-JEROME                       ,Canada                                                       ,QC                           ,J7Z 4V2    ,CEGAB DE ZEUMT JETONA,SAINT-JEROME,QC,CA,J7Z4V2
5F8FFBC,6B2C92B,CEMXEM UCA ZBOTTZ                                                ,ICE SPORTS SCARBOROUGH                                       ,159 DYNAMIC DRIVE                                            ,                                                             ,CA     ,SCARBOROUGH                        ,CA                                                           ,ONTARIO                      ,M1V 5L8    ,CEMXEM UCA ZBOTTZ,SCARBOROUGH,ON,CA,M1V5L8
0F15387,7CD470B,CETNUCHEAX AMGUMAATUMG LTD                                       ,THE BAY RICHMOND CENTRE - 1111                               ,6060 MINORU BLVD #100                                        ,                                                             ,CA     ,RICHMOND                           ,Canada                                                       ,BC                           ,V6Y 1Y2    ,CETNUCHEAX AMGUMAATUMG,RICHMOND,BC,CA,V6Y1Y2
0463491,D81A892,CETNUCHEAX AMGUMAATUMG LTD                                       ,3151 LENWORTH DR                                             ,                                                             ,                                                             ,CA     ,MISSISSAUGA                        ,Canada                                                       ,ON                           ,L4X 2G6    ,CETNUCHEAX AMGUMAATUMG,MISSISSAUGA,ON,CA,L4X2G6
0463491,5A98A43,CETNUCHEAX AMGUMAATUMG LTD                                       ,AQUA VISTA CONDOS                                            ,1 EDGEWATER DRIVE                                            ,                                                             ,CA     ,TORONTO                            ,CA                                                           ,ON                           ,M5A 0L1    ,CETNUCHEAX AMGUMAATUMG,TORONTO,ON,CA,M5A0L1
0463491,9F03BA0,CETNUCHEAX AMGUMAATUMG LTD                                       ,1000 BAY STREET                                              ,                                                             ,                                                             ,CA     ,TORONTO                            ,Canada                                                       ,ONTARIO                      ,M5S 3A8    ,CETNUCHEAX AMGUMAATUMG,TORONTO,ON,CA,M5S3A8
0463491,B1F2FE6,CETNUCHEAX AMGUMAATUMG LTD                                       ,18 MERTON ST                                                 ,                                                             ,                                                             ,CA     ,TORONTO                            ,Canada                                                       ,ONTARIO                      ,M4S 3G9    ,CETNUCHEAX AMGUMAATUMG,TORONTO,ON,CA,M4S3G9
0463491,B886876,CETNUCHEAX AMGUMAATUMG LTD                                       ,8 SCOLLARD BLDG                                              ,                                                             ,8 SCOLLARD ST                                                ,CA     ,TORONTO                            ,Canada                                                       ,ONTARIO                      ,M5R 1M2    ,CETNUCHEAX AMGUMAATUMG,TORONTO,ON,CA,M5R1M2
91DFD65,8ED1B78,Cetnucheax Amgumaatumg Ltd.                                      ,3146 Lenworth Drive                                          ,                                                             ,                                                             ,CA     ,Mississauga                        ,Canada                                                       ,ON                           ,L4X 2G1    ,CETNUCHEAX AMGUMAATUMG,MISSISSAUGA,ON,CA,L4X2G1
35EE2DD,,Cetnucheax  Amgumaatumg  Ltd                                     ,                                                             ,                                                             ,                                                             ,       ,                                   ,                                                             ,                             ,           ,CETNUCHEAX AMGUMAATUMG,,,,
35EE2DD,9B822B1,Cetnucheax  Amgumaatumg  Ltd                                     ,2389 Scanlan Street                                          ,                                                             ,                                                             ,CA     ,London                             ,Canada                                                       ,ON                           ,N5W 6G9    ,CETNUCHEAX AMGUMAATUMG,LONDON,ON,CA,N5W6G9
2398E69,902AD87,Cetnucheax Amgumaatumg                                           ,875 Foster Ave.                                              ,                                                             ,                                                             ,CA     ,Windsor                            ,Canada                                                       ,ON                           ,N8X 4W3    ,CETNUCHEAX AMGUMAATUMG,WINDSOR,ON,CA,N8X4W3
BB2ADFE,FD6D013,CETPUMEXHAEXTH                                                   ,215 HERBERT ST                                               ,                                                             ,                                                             ,CA     ,GANANOQUE                          ,Canada                                                       ,ON                           ,K7G 2Y7    ,CETPUMEXHAEXTH,GANANOQUE,ON,CA,K7G2Y7
78A81EC,70E1FA8,CETTUAT CONNATCUEX SERVICE                                       ,HAMPTON IV CONDOMINIUMS                                      ,160 TUXEDO BLVD                                              ,                                                             ,CA     ,Winnipeg                           ,Canada                                                       ,MB                           ,R3P 1B2    ,CETTUAT CONNATCUEX SERVICE,WINNIPEG,MB,CA,R3P1B2
1B3D637,26C22B8,CETTUAT CONNATCUEX SERVICE                                       ,MTCC 1081                                                    ,1 WATERGARDEN WAY                                            ,                                                             ,CA     ,NORTH YORK                         ,Canada                                                       ,ONTARIO                      ,M2K 2Z7    ,CETTUAT CONNATCUEX SERVICE,NORTH YORK,ON,CA,M2K2Z7
1B3D637,8091A65,CETTUAT CONNATCUEX SERVICE                                       ,A DIVISION OF UTC CANADA CORP                                ,1515 DREW RD.                                                ,                                                             ,CA     ,MISSISSAUGA                        ,Canada                                                       ,ONTARIO                      ,L5S 1Y8    ,CETTUAT CONNATCUEX SERVICE,MISSISSAUGA,ON,CA,L5S1Y8
1B3D637,3391BEB,CETTUAT CONNATCUEX SERVICE                                       ,200 RONSON DRIVE                                             ,                                                             ,                                                             ,CA     ,MISSISSAUGA                        ,Canada                                                       ,ONTARIO                      ,M9W 5Z9    ,CETTUAT CONNATCUEX SERVICE,MISSISSAUGA,ON,CA,M9W5Z9
1B3D637,ED3F0CE,CETTUAT CONNATCUEX SERVICE                                       ,1883 MCNICOLL AVE                                            ,                                                             ,                                                             ,CA     ,SCARBOROUGH                        ,Canada                                                       ,ONTARIO                      ,M1V 5M2    ,CETTUAT CONNATCUEX SERVICE,SCARBOROUGH,ON,CA,M1V5M2
1B3D637,82A2D8B,CETTUAT CONNATCUEX SERVICE                                       ,NATIONAL BALLET                                              ,470 QUEEN'S QUAY WEST                                        ,                                                             ,CA     ,TORONTO                            ,Canada                                                       ,ONTARIO                      ,M5V 3K4    ,CETTUAT CONNATCUEX SERVICE,TORONTO,ON,CA,M5V3K4
1B3D637,D0C8224,CETTUAT CONNATCUEX SERVICE                                       ,TSCC 1423                                                    ,2627 MCCOWAN RD                                              ,                                                             ,CA     ,TORONTO                            ,Canada                                                       ,ONTARIO                      ,M1S 5T1    ,CETTUAT CONNATCUEX SERVICE,TORONTO,ON,CA,M1S5T1
1B3D637,D271BF8,CETTUAT CONNATCUEX SERVICE                                       ,MASTER                                                       ,2179 YONGE ST                                                ,                                                             ,CA     ,TORONTO                            ,Canada                                                       ,ONTARIO                      ,M4S 2A9    ,CETTUAT CONNATCUEX SERVICE,TORONTO,ON,CA,M4S2A9
1B3D637,860C926,CETTUAT CONNATCUEX SERVICE                                       ,YCC 427                                                      ,86 GLOUCESTER AVE                                            ,                                                             ,CA     ,TORONTO                            ,Canada                                                       ,ONTARIO                      ,M4Y 2S2    ,CETTUAT CONNATCUEX SERVICE,TORONTO,ON,CA,M4Y2S2
1B3D637,4802EA3,CETTUAT CONNATCUEX SERVICE                                       ,HARBOUR VIEW ESTATES                                         ,9 SPADINA AVE                                                ,                                                             ,CA     ,TORONTO                            ,Canada                                                       ,ONTARIO                      ,M5V 3V5    ,CETTUAT CONNATCUEX SERVICE,TORONTO,ON,CA,M5V3V5
D8B1E07,A0249EF,CETTUAT CONNATCUEX SERVICE                                       ,2740 MATHESON BLVD E                                         ,UNIT 1                                                       ,                                                             ,CA     ,MISSISSAUGA                        ,Canada                                                       ,ON                           ,L4W 4X3    ,CETTUAT CONNATCUEX SERVICE,MISSISSAUGA,ON,CA,L4W4X3
CA083EC,4BEF493,Cettuat Connatcuex Service C/O Compuamt                          ,225 Bamburgh Circle                                          ,                                                             ,                                                             ,CA     ,Scarborough                        ,Canada                                                       ,ON                           ,M1W 3X9    ,CETTUAT CONNATCUEX SERVICE C O COMPUAMT,SCARBOROUGH,ON,CA,M1W3X9
52B9F13,4E68982,Cetxtom Towat Limited                                            ,"235 Yorkland Blvd, Suite 105                                 ",                                                             ,                                                             ,CA     ,Toronto                            ,Canada                                                       ,                             ,ON         ,CETXTOM TOWAT,TORONTO,,CA,ON
4F23238,5A98A43,CETXTOM TOWATZ LTD                                               ,245 YORKLAND BLVD                                            ,                                                             ,                                                             ,CA     ,TORONTO                            ,Canada                                                       ,ONTARIO                      ,M2J 4W9    ,CETXTOM TOWATZ,TORONTO,ON,CA,M2J4W9
E87C22E,34A1B86,CETXUMG SQUARE UU                                                ,785 CARLING AVE                                              ,                                                             ,                                                             ,CA     ,OTTAWA                             ,Canada                                                       ,ONTARIO                      ,K1S 5H4    ,CETXUMG SQUARE UU,OTTAWA,ON,CA,K1S5H4
0C87F9D,F1D7789,Ceztxaboumt Euto BXPG Inc c/o Kubxumg Taexty                     ,"65 Queen St W, Suite 700                                     ",                                                             ,                                                             ,CA     ,Toronto                            ,Canada                                                       ,ON                           ,M5H 2M5    ,CEZTXABOUMT EUTO BXPG C O KUBXUMG TAEXTY,TORONTO,ON,CA,M5H2M5
E0D2439,CA09A36,Cezumo Move Zcotue                                               ,1983 UPPER WATER ST                                          ,                                                             ,                                                             ,CA     ,HALIFAX                            ,Canada                                                       ,NS                           ,B3J 3Y5    ,CEZUMO MOVE ZCOTUE,HALIFAX,NS,CA,B3J3Y5
3500E83,7E90BDC,"Châtaeu Cettuat Hotel & Tazott, Ezcamp Hotel Coxxact             ",Double Tree par Hilton Gatineau                              ,1170 Chemin Aylmer                                           ,                                                             ,CA     ,Gatineau                           ,Canada                                                       ,QU??BEC                      ,J9H 7L3    ,CHATAEU CETTUAT HOTEL TAZOTT EZCAMP HOTEL COXXACT,GATINEAU,QU??BEC,CA,J9H7L3
3B376C0,BC824E3,Chetem Property Management                                       ,3889 Arcola Ave E                                            ,                                                             ,                                                             ,CA     ,Regina                             ,Canada                                                       ,SK                           ,S4V 1P5    ,CHETEM PROPERTY MANAGEMENT,REGINA,SK,CA,S4V1P5
0ED1332,247EC7C,Chouca Properties LP                                             ,12/22 St. Clair Ave E                                        ,                                                             ,                                                             ,CA     ,Toronto                            ,Canada                                                       ,ON                           ,M4T 2S5    ,CHOUCA PROPERTIES,TORONTO,ON,CA,M4T2S5
2EA7B82,DCFC9B3,Chouca Properties LP                                             ,OFFICE                                                       ,12/22 St. Clair Ave E                                        ,                                                             ,CA     ,Toronto                            ,Canada                                                       ,ON                           ,M4T 2S5    ,CHOUCA PROPERTIES,TORONTO,ON,CA,M4T2S5
2EA7B82,B9FF294,Chouca Properties LP                                             ,30242_12/22 St. Clair Ave E-Office                           ,12/22 St. Clair Ave E                                        ,                                                             ,CA     ,Toronto                            ,Canada                                                       ,ON                           ,M4T 2S5    ,CHOUCA PROPERTIES,TORONTO,ON,CA,M4T2S5
39FBA56,F1D7789,Chouca Properties Limited Bettmatzhub                            ,700-22 ST. CLAIR AVE E                                       ,                                                             ,                                                             ,CA     ,TORONTO                            ,Canada                                                       ,ON                           ,M4T 2S5    ,CHOUCA PROPERTIES BETTMATZHUB,TORONTO,ON,CA,M4T2S5
4F114C0,F1D7789,CHOUCA PROPERTIES REIT                                           ,22 ST CLAIR AVENUE EAST                                      ,SUITE 700                                                    ,                                                             ,CA     ,TORONTO                            ,Canada                                                       ,ONTARIO                      ,M4W 3R8    ,CHOUCA PROPERTIES REIT,TORONTO,ON,CA,M4W3R8
4F114C0,DCFC9B3,CHOUCA PROPERTIES REIT                                           ,22 ST CLAIR AVENUE EAST                                      ,SUITE 700                                                    ,                                                             ,CA     ,TORONTO                            ,Canada                                                       ,ONTARIO                      ,M4W 3R8    ,CHOUCA PROPERTIES REIT,TORONTO,ON,CA,M4W3R8
4F114C0,E45E887,CHOUCA PROPERTIES REIT                                           ,C/O WESTIN CENTRE                                            ,22 ST. CLAIR AVENUE EAST                                     ,                                                             ,CA     ,TORONTO                            ,CA                                                           ,ONTARIO                      ,M4T 2S5    ,CHOUCA PROPERTIES REIT,TORONTO,ON,CA,M4T2S5
CAA1A0C,9060A92,Chouca Properties LP Toronto Region - CBXB                       ,700-22 St Clair Ave E                                        ,                                                             ,                                                             ,CA     ,"Toronto,                           ",Canada                                                       ,ON                           ,M4T 2S5    ,CHOUCA PROPERTIES TORONTO REGION CBXB,TORONTO,ON,CA,M4T2S5
CAA1A0C,F1D7789,Chouca Properties LP Toronto Region - CBXB                       ,30241_12/22 St. Clair Ave E-Retail                           ,12/22 St. Clair Ave E                                        ,                                                             ,CA     ,Toronto                            ,Canada                                                       ,ON                           ,M4T 2S5    ,CHOUCA PROPERTIES TORONTO REGION CBXB,TORONTO,ON,CA,M4T2S5
CAA1A0C,710EA99,Chouca Properties LP Toronto Region - CBXB                       ,12/22 St. Clair Ave E (Retail)                               ,                                                             ,                                                             ,CA     ,Toronto                            ,CANADA                                                       ,ON                           ,M4T 2S5    ,CHOUCA PROPERTIES TORONTO REGION CBXB,TORONTO,ON,CA,M4T2S5
E12EEB5,5FF20D4,Church Btawumg                                                   ,329 MAIN ST                                                  ,                                                             ,                                                             ,CA     ,WOLFVILLE                          ,Canada                                                       ,NS                           ,B4P 1C8    ,CHURCH BTAWUMG,WOLFVILLE,NS,CA,B4P1C8
9AA25DA,7EB16FE,CHUXXNETK MECHANICAL                                             ,WESTMOUNT CONDO                                              ,2737 KEELE STREET                                            ,                                                             ,CA     ,NORTH YORK                         ,Canada                                                       ,ON                           ,M3M 2E9    ,CHUXXNETK MECHANICAL,NORTH YORK,ON,CA,M3M2E9
9AA25DA,111CA43,CHUXXNETK MECHANICAL                                             ,BEVERLY HILLS RESORT RESIDENCES                              ,9201 & 9205 YONGE ST                                         ,                                                             ,CA     ,RICHMOND HILL                      ,Canada                                                       ,ONTARIO                      ,l4c 6z2    ,CHUXXNETK MECHANICAL,RICHMOND HILL,ON,CA,L4C6Z2
0940768,ACF5B2E,City Cota Mechanical Ltd.                                        ,813 Brock Rd. Unit 5&6                                       ,                                                             ,                                                             ,CA     ,Pickering                          ,Canada                                                       ,ON                           ,L1W 3L8    ,CITY COTA MECHANICAL,PICKERING,ON,CA,L1W3L8
124AAFD,95EF8CB,CITY OF BOTT NOOPY                                               ,PORT MOODY PUBLIC SAFETY BUILDING                            ,                                                             ,3051 ST. JOHN STREET                                         ,CA     ,PORT MOODY                         ,Canada                                                       ,BRITISH COLUMBIA             ,V3H 2C4    ,CITY OF BOTT NOOPY,PORT MOODY,BC,CA,V3H2C4
6EADDCC,5987953,CITY OF BTENBTOM                                                 ,TERRY MILLER RECREATION CENTRE                               ,1295 WILLIAMS PKY                                            ,                                                             ,CA     ,BRAMPTON                           ,Canada                                                       ,ON                           ,L6S 3J8    ,CITY OF BTENBTOM,BRAMPTON,ON,CA,L6S3J8
6EADDCC,DC69474,CITY OF BTENBTOM                                                 ,SOUTH FLETCHERS SPORTSPLEX (RINK 1 & 2)                      ,500 RAY LAWSON BLVD                                          ,                                                             ,CA     ,BRAMPTON                           ,Canada                                                       ,ON                           ,L6Y 5B3    ,CITY OF BTENBTOM,BRAMPTON,ON,CA,L6Y5B3
1671FA4,FC918F2,CITY OF BUTMEBY                                                  ,BONSOR COMPLEX                                               ,6550 BONSOR AVE                                              ,                                                             ,CA     ,BURNABY                            ,Canada                                                       ,BC                           ,V5H 3G4    ,CITY OF BUTMEBY,BURNABY,BC,CA,V5H3G4
B982D0C,6B225BF,City of Netkhen                                                  ,101 Town Centre Blvd                                         ,                                                             ,                                                             ,CA     ,Markham                            ,Canada                                                       ,ON                           ,L4R 9W3    ,CITY OF NETKHEN,MARKHAM,ON,CA,L4R9W3
C7DCED8,A16D63A,CITY OF NUZZUZZEUGE                                              ,MISSISSAUGA CIVIC CENTRE - HWH                               ,300 CITY CENTRE DR                                           ,                                                             ,CA     ,MISSISSAUGA                        ,Canada                                                       ,ONTARIO                      ,L5B 3C1    ,CITY OF NUZZUZZEUGE,MISSISSAUGA,ON,CA,L5B3C1
C7DCED8,D706323,CITY OF NUZZUZZEUGE                                              ,DAVID RAMSAY POOL                                            ,2470 THORN LODGE DRIVE                                       ,                                                             ,CA     ,MISSISSAUGA                        ,Canada                                                       ,ONTARIO                      ,L5P 3P5    ,CITY OF NUZZUZZEUGE,MISSISSAUGA,ON,CA,L5P3P5
C7DCED8,BFA3B80,CITY OF NUZZUZZEUGE                                              ,MISSISSAUGA CIVIC CTR                                        ,300 CITY CENTRE DR.                                          ,                                                             ,CA     ,MISSISSAUGA                        ,Canada                                                       ,ON                           ,L5B 3C1    ,CITY OF NUZZUZZEUGE,MISSISSAUGA,ON,CA,L5B3C1
A9FCEA2,B60E87F,CITY OF OWAM ZOUMP                                               ,JULIE McARTHUR REGIONAL REC CENTRE                           ,700 10TH ST E                                                ,                                                             ,CA     ,OWEN SOUND                         ,Canada                                                       ,ONTARIO                      ,N4K 0C6    ,CITY OF OWAM ZOUMP,OWEN SOUND,ON,CA,N4K0C6
B53F632,BC824E3,City of Tagume                                                   ,PO Box 5095                                                  ,                                                             ,                                                             ,CA     ,Regina                             ,Canada                                                       ,SK                           ,S4P 3M3    ,CITY OF TAGUME,REGINA,SK,CA,S4P3M3
2F8E85D,7FB2547,CITY OF TORONTO-AEZT & WAZT DISTRICT                             ,BIRCHMOUNT RECREATION CENTRE                                 ,93 BIRCHMOUNT RD                                             ,                                                             ,CA     ,TORONTO                            ,Canada                                                       ,ON                           ,M1N 3J7    ,CITY OF TORONTO AEZT WAZT DISTRICT,TORONTO,ON,CA,M1N3J7
2F8E85D,6F4CEF0,CITY OF TORONTO-AEZT & WAZT DISTRICT                             ,TORONTO WATER LABORATORY                                     ,30 DEE AVE                                                   ,                                                             ,CA     ,TORONTO                            ,Canada                                                       ,ON                           ,M9N 1S9    ,CITY OF TORONTO AEZT WAZT DISTRICT,TORONTO,ON,CA,M9N1S9
2F8E85D,6329BB4,CITY OF TORONTO-AEZT & WAZT DISTRICT                             ,NORTH ANIMAL SERVICES                                        ,1300 SHEPPARD AVE W                                          ,                                                             ,CA     ,TORONTO                            ,Canada                                                       ,ON                           ,M3K 2A6    ,CITY OF TORONTO AEZT WAZT DISTRICT,TORONTO,ON,CA,M3K2A6
CC23301,621A973,CITY OF TORONTO-BOXUCA FECUXUTUAZ                                ,DIVISION 32                                                  ,30 ELLERSLIE AVE                                             ,NAT SCARAMOZZINO                                             ,CA     ,TORONTO                            ,Canada                                                       ,ONTARIO                      ,M2N 1X8    ,CITY OF TORONTO BOXUCA FECUXUTUAZ,TORONTO,ON,CA,M2N1X8
68E9F04,F1D7789,CITY OF TORONTO - CTUTUCEX BUUXPUMGZ                             ,55 JOHN ST 14TH FL                                           ,                                                             ,                                                             ,CA     ,TORONTO                            ,Canada                                                       ,ON                           ,M5V 3C6    ,CITY OF TORONTO CTUTUCEX BUUXPUMGZ,TORONTO,ON,CA,M5V3C6
96AF3AE,A0F704B,CITY OF XOMPOM                                                   ,RIVER ROAD GOLF COURSE                                       ,2115 RIVER RD                                                ,                                                             ,CA     ,LONDON                             ,Canada                                                       ,ONTARIO                      ,N5W 6C4    ,CITY OF XOMPOM,LONDON,ON,CA,N5W6C4
04D5A8B,82B0067,City Of Zexnom Etn Wotkz Yetp                                    ,#100-30th St SE                                              ,                                                             ,                                                             ,CA     ,Salmon Arm                         ,Canada                                                       ,BC                           ,V1E 1J5    ,CITY OF ZEXNOM ETN WOTKZ YETP,SALMON ARM,BC,CA,V1E1J5
B94A0FC,894AD76,CITY OF ZEZKETOOM                                                ,202 4TH AVE N                                                ,                                                             ,                                                             ,CA     ,SASKATOON                          ,Canada                                                       ,SK                           ,S7K 0K1    ,CITY OF ZEZKETOOM,SASKATOON,SK,CA,S7K0K1
3974968,56AD024,CITY OF ZTTETFOTP                                                ,BRITANNIA STREET HOUSING                                     ,230 BRITANNIA STREET                                         ,                                                             ,CA     ,STRATFORD                          ,Canada                                                       ,ON                           ,N5A 5X5    ,CITY OF ZTTETFOTP,STRATFORD,ON,CA,N5A5X5
C705DBC,2E8B0AF,CJZ AXBTAZZ PLUMBING AND AXACTTUCEX LTD                          ,PARKWOOD                                                     ,772 PAISLEY ROAD                                             ,                                                             ,CA     ,GUELPH                             ,Canada                                                       ,ON                           ,N1K 0A2    ,CJZ AXBTAZZ PLUMBING AND AXACTTUCEX,GUELPH,ON,CA,N1K0A2
3C2C377,62B33BD,CNZ - Connatcuex Mechanical Services Ltd.                        ,"2721 Markham Road, Unit 10                                   ",                                                             ,                                                             ,CA     ,Scarborough                        ,Canada                                                       ,ON                           ,M1X 1L5    ,CNZ CONNATCUEX MECHANICAL SERVICES,SCARBOROUGH,ON,CA,M1X1L5
CD9617C,09F14B0,Cobbaz Plumbing & Haetumg LTD                                    ,1800 Saskatchewan Ave E                                      ,                                                             ,                                                             ,CA     ,Portage Laprairie                  ,Canada                                                       ,MANITOBA                     ,R1N 4A1    ,COBBAZ PLUMBING HAETUMG,PORTAGE LAPRAIRIE,MB,CA,R1N4A1
423AF3F,B169E8D,Cobutg Tamtexz Limited                                           ,100-49 Friesian Court                                        ,                                                             ,                                                             ,CA     ,Halifax                            ,Canada                                                       ,NS                           ,B3M 0J8    ,COBUTG TAMTEXZ,HALIFAX,NS,CA,B3M0J8
C159161,9BA5DB4,College Btaumuvatzuteuta Mouvaxxaz Ftomtuataz                    ,250 RUE GAMELIN                                              ,                                                             ,                                                             ,CA     ,GATINEAU                           ,Canada                                                       ,QC                           ,J8Y 1W9    ,COLLEGE BTAUMUVATZUTEUTA MOUVAXXAZ FTOMTUATAZ,GATINEAU,QC,CA,J8Y1W9
A5EC03A,5FCC0F1,COMAZTOGO MECHANICAL INC                                         ,PH MILLING                                                   ,231 BURLINGTON STREET E                                      ,                                                             ,CA     ,Hamilton                           ,Canada                                                       ,ON                           ,L8L 4H2    ,COMAZTOGO MECHANICAL,HAMILTON,ON,CA,L8L4H2
A5EC03A,88C339D,COMAZTOGO MECHANICAL INC                                         ,650 RIVERBEND DR                                             ,                                                             ,                                                             ,CA     ,KITCHENER                          ,Canada                                                       ,ON                           ,N2K 3S2    ,COMAZTOGO MECHANICAL,KITCHENER,ON,CA,N2K3S2
A5EC03A,E57399B,COMAZTOGO MECHANICAL INC                                         ,201 FRONT ST N                                               ,                                                             ,                                                             ,CA     ,SARNIA                             ,Canada                                                       ,ON                           ,N7T 7T9    ,COMAZTOGO MECHANICAL,SARNIA,ON,CA,N7T7T9
8028DEA,39F38A2,Comcabt JTC Inc.                                                 ,454 rue Edouard                                              ,                                                             ,                                                             ,CA     ,Granby                             ,Canada                                                       ,QC                           ,J2G 3Z3    ,COMCABT JTC,GRANBY,QC,CA,J2G3Z3
F839886,6B225BF,COMCOTP COTBOTETA CENTRE                                         ,ZZZZZ DO NOT USE C/O COLLIERS INTERNATIONAL REMS             ,E6112                                                        ,3100 STEELES AVE E SUITE 201                                 ,CA     ,MARKHAM                            ,Canada                                                       ,ON                           ,L3R 8T3    ,COMCOTP COTBOTETA CENTRE,MARKHAM,ON,CA,L3R8T3
A318AFA,ECEB307,Comfapatetuom Ftaazatz Inc.                                      ,250 Summerlea Road                                           ,                                                             ,                                                             ,CA     ,Brampton                           ,Canada                                                       ,ON                           ,L6T 5H4    ,COMFAPATETUOM FTAAZATZ,BRAMPTON,ON,CA,L6T5H4
EF2490B,87E6838,Comttoxxap Amvutomnamt Technologies Ltd.                         ,299 Knottwood Road                                           ,                                                             ,                                                             ,CA     ,Edmonton                           ,Canada                                                       ,ALBERTA                      ,T6K 2G5    ,COMTTOXXAP AMVUTOMNAMT TECHNOLOGIES,EDMONTON,AB,CA,T6K2G5
90E65F0,318B60D,Comtumuouz Coxout Coet Ltd.                                      ,1430 Martin Grove Rd                                         ,                                                             ,                                                             ,CA     ,Rexdale                            ,Canada                                                       ,ON                           ,M9W 4Y1    ,COMTUMUOUZ COXOUT COET,REXDALE,ON,CA,M9W4Y1
9D630A0,A94197A,COMZAUX ZCOXEUTA VUENOMPA                                        ,ECOLE ELEMENTAIRE LA FONTAINE                                ,10110 AVE ISLINGTON CP 279                                   ,                                                             ,CA     ,KLEINBURG                          ,Canada                                                       ,ONTARIO                      ,L0J 1C0    ,COMZAUX ZCOXEUTA VUENOMPA,KLEINBURG,ON,CA,L0J1C0
5A45D16,C067BF0,COMZOXUPETAP PAEXATZ CO-OB INC                                   ,78 MAPLEVIEW DR W                                            ,                                                             ,                                                             ,CA     ,BARRIE                             ,Canada                                                       ,ON                           ,L4N 9H6    ,COMZOXUPETAP PAEXATZ OB,BARRIE,ON,CA,L4N9H6
4727FF6,8091A65,COMZTUTUTUOM PLACE TATUTANAMT HONA                               ,3051 CONSTITUTION BLVD.                                      ,                                                             ,                                                             ,CA     ,MISSISSAUGA                        ,Canada                                                       ,ON                           ,L4Y 2Z1    ,COMZTUTUTUOM PLACE TATUTANAMT HONA,MISSISSAUGA,ON,CA,L4Y2Z1
498270A,8B2C4B9,CONBUMAP MECHANICAL COMTTECTOTZ (2029) LTD                       ,2110 GOVERNMENT ST                                           ,                                                             ,                                                             ,CA     ,PENTICTON                          ,Canada                                                       ,BC                           ,V2A 8B5    ,CONBUMAP MECHANICAL COMTTECTOTZ 2029,PENTICTON,BC,CA,V2A8B5
C2525EA,EB8E645,CONNATCUEX NACH SERVICES LTD                                     ,2721 MARKHAM RD                                              ,UNIT 10                                                      ,                                                             ,CA     ,SCARBOROUGH                        ,Canada                                                       ,ON                           ,M1X 1L5    ,CONNATCUEX NACH SERVICES,SCARBOROUGH,ON,CA,M1X1L5
56BBA5D,D1A4F34,Connatcuex Properties Limited                                    ,79 McIlveen Drive                                            ,                                                             ,                                                             ,CA     ,Saint John                         ,Canada                                                       ,NB                           ,E2J 4Y6    ,CONNATCUEX PROPERTIES,SAINT JOHN,NB,CA,E2J4Y6
A5F62EB,9BA5DB4,Coob Le Vuu                                                      ,185 LAURIER ST                                               ,SUITE 200                                                    ,                                                             ,CA     ,GATINEAU                           ,Canada                                                       ,QC                           ,J8X 0B2    ,COOB LE VUU,GATINEAU,QC,CA,J8X0B2
2D83331,46D8581,COOX CHACK EUT COMPUTUOMUMG LTD                                  ,4-25 CORONET RD                                              ,                                                             ,                                                             ,CA     ,TORONTO                            ,Canada                                                       ,ONTARIO                      ,M8Z 2L8    ,COOX CHACK EUT COMPUTUOMUMG,TORONTO,ON,CA,M8Z2L8
2D83331,0E54BCC,COOX CHACK EUT COMPUTUOMUMG LTD                                  ,4-25 CORONET RD                                              ,                                                             ,                                                             ,CA     ,TORONTO                            ,Canada                                                       ,ON                           ,M8Z 2L8    ,COOX CHACK EUT COMPUTUOMUMG,TORONTO,ON,CA,M8Z2L8
8883DFE,6B225BF,Cooxtowm Cxuneta Comttox Corp.                                   ,310-7270 Woodbine Ave                                        ,                                                             ,                                                             ,CA     ,Markham                            ,Canada                                                       ,ON                           ,L3R 4B9    ,COOXTOWM CXUNETA COMTTOX,MARKHAM,ON,CA,L3R4B9
CE66040,5160716,COTEX CANADA WUPA LTD                                            ,THE PALACE PIER                                              ,1 PALACE PIER CT                                             ,                                                             ,CA     ,ETOBICOKE                          ,Canada                                                       ,ONTARIO                      ,M8V 3W9    ,COTEX CANADA WUPA,ETOBICOKE,ON,CA,M8V3W9
9882818,8DDA2AF,Cottume Kutchamz Inc.                                            ,70 Regina Road                                               ,                                                             ,                                                             ,CA     ,Woodbridge                         ,Canada                                                       ,ON                           ,L4L 8L6    ,COTTUME KUTCHAMZ,WOODBRIDGE,ON,CA,L4L8L6
4E03146,FABDCF6,Coumttytoep Enterprises                                          ,COUNTRY ROAD ENTERPRISES                                     ,"1021 HALDIMAND ROAD 20, RR#2,                                ",C.R.E.                                                       ,CA     ,HAGERSVILLE                        ,Canada                                                       ,ONTARIO                      ,N0A 1H0    ,COUMTTYTOEP ENTERPRISES,HAGERSVILLE,ON,CA,N0A1H0
F22BBD2,B9A07E9,COUMTY OF HUTOM                                                  ,50 ALFRED STREET                                             ,                                                             ,                                                             ,CA     ,WINGHAM                            ,Canada                                                       ,ONTARIO                      ,N0G 2W0    ,COUMTY OF HUTOM,WINGHAM,ON,CA,N0G2W0
5DEC129,9BA5DB4,Coxommepa BtupgaBott Egamtz for 6149636 Canada Inc.              ,"16 Concourse Gate, Suite 200                                 ",                                                             ,                                                             ,CA     ,Ottawa                             ,Canada                                                       ,ON                           ,K2E 7S8    ,COXOMMEPA BTUPGABOTT EGAMTZ FOR 6149636 CANADA,OTTAWA,ON,CA,K2E7S8
0CFBA7C,40B8E09,Coxommepa Btupgabott UTF                                         ,"16 Concourse Gate, Suite 200                                 ",                                                             ,                                                             ,CA     ,Ottawa                             ,Canada                                                       ,ON                           ,K2E 7S8    ,COXOMMEPA BTUPGABOTT UTF,OTTAWA,ON,CA,K2E7S8
A233F59,40B8E09,COXOMMEPA MANAGEMENT INC UTF                                     ,CRESTPOINT REAL ESTATE (YCC) INC                             ,16 CONCOURSE GATE SUITE 200                                  ,                                                             ,CA     ,OTTAWA                             ,Canada                                                       ,ON                           ,K2E 7S8    ,COXOMMEPA MANAGEMENT UTF,OTTAWA,ON,CA,K2E7S8
F91C373,40B8E09,Coxommepa Management Inc. UTF                                    ,"16 Concourse Gate, Suite 200                                 ",                                                             ,                                                             ,CA     ,Ottawa                             ,Canada                                                       ,ON                           ,K2E 7S8    ,COXOMMEPA MANAGEMENT UTF,OTTAWA,ON,CA,K2E7S8
F783507,DCFC9B3,COXXUATZ INTERNATIONAL                                           ,181 BAY ST                                                   ,NX# V0021346 - E6033                                         ,SUITE 1400                                                   ,CA     ,TORONTO                            ,Canada                                                       ,ON                           ,M5J 2T3    ,COXXUATZ INTERNATIONAL,TORONTO,ON,CA,M5J2T3
2184318,E45E887,COXXUATZ NECEUXEY MUCOXXZ INC                                    ,ZZZZZZZ DO NOT USEREMS AP OFFICE EAST                        ,NXS# V0004076 -E4891                                         ,1 QUEEN ST E SUITE 2200                                      ,CA     ,TORONTO                            ,Canada                                                       ,ON                           ,M5C 2W5    ,COXXUATZ NECEUXEY MUCOXXZ,TORONTO,ON,CA,M5C2W5
3178864,E45E887,CT UU LP As Egamt For 100 Zhabbetp Avenue Aezt                    ,90 SHEPPARD AVE E                                            ,                                                             ,                                                             ,CA     ,TORONTO                            ,CANADA                                                       ,ON                           ,M2N 3A1    ,CT UU AS EGAMT FOR 100 ZHABBETP AVENUE AEZT,TORONTO,ON,CA,M2N3A1
749D93D,F1D7789,Ctaztboumt T.A.(1939 Beyvuaw Inc.)                               ,Management Services Ontario Inc                              ,1929 Bayview Ave                                             ,                                                             ,CA     ,Toronto                            ,Canada                                                       ,ON                           ,M4G 3E8    ,CTAZTBOUMT T A 1939 BEYVUAW,TORONTO,ON,CA,M4G3E8
79F050D,48F9C14,CTYZTEX GXEZZ CANADA LTD.                                        ,9508  45TH AVENUE NW                                         ,                                                             ,                                                             ,CA     ,EDMONTON                           ,Canada                                                       ,ALBERTA                      ,T6E 5Y9    ,CTYZTEX GXEZZ CANADA,EDMONTON,AB,CA,T6E5Y9
C7C4416,F1D7789,Cumabxax Inc.                                                    ,1303 Yonge Street                                            ,                                                             ,                                                             ,CA     ,Toronto                            ,Canada                                                       ,ON                           ,M4T 2Y9    ,CUMABXAX,TORONTO,ON,CA,M4T2Y9
26984ED,F1D7789,Cumazbeca Fuxn Ztupuoz                                           ,"777 Kipling Avenue, Suite 300                                ",                                                             ,                                                             ,CA     ,Toronto                            ,Canada                                                       ,ON                           ,M8Z 5Z4    ,CUMAZBECA FUXN ZTUPUOZ,TORONTO,ON,CA,M8Z5Z4
D379D77,1865E52,CUNCO DIVISION OF TOTONOMT                                       ,1551 CORPORATE DR                                            ,                                                             ,                                                             ,CA     ,BURLINGTON                         ,Canada                                                       ,ON                           ,L7L 6M3    ,CUNCO DIVISION OF TOTONOMT,BURLINGTON,ON,CA,L7L6M3
E78B41D,938F895,CUNCO DIVISION OF TOTONOMT                                       ,W.C. KENNEDY RECREATION COMPLEX                              ,6050 WELLS RD.                                               ,                                                             ,US     ,ST LOUIS                           ,United States                                                ,MO                           ,63128      ,CUNCO DIVISION OF TOTONOMT,SAINT LOUIS,MO,US,63128
E78B41D,1237B7C,CUNCO DIVISION OF TOTONOMT                                       ,ROYALCREST RINK                                              ,50 CABERNET CIR                                              ,                                                             ,CA     ,ETOBICOKE                          ,Canada                                                       ,ON                           ,M9V 5B4    ,CUNCO DIVISION OF TOTONOMT,ETOBICOKE,ON,CA,M9V5B4
E78B41D,2A64420,CUNCO DIVISION OF TOTONOMT                                       ,VICTORIA VILLAGE ARENA                                       ,190 BERMONDSEY RD                                            ,                                                             ,CA     ,NORTH YORK                         ,Canada                                                       ,ON                           ,M4A 1Y1    ,CUNCO DIVISION OF TOTONOMT,NORTH YORK,ON,CA,M4A1Y1
3222B8E,3118D1E,CUXXUTOM INC                                                     ,SIMCOE REC CENTRE                                            ,182 SOUTH DRIVE                                              ,                                                             ,CA     ,SIMCOE                             ,Canada                                                       ,ONTARIO                      ,N3Y 1G5    ,CUXXUTOM,SIMCOE,ON,CA,N3Y1G5
3222B8E,BBF923A,CUXXUTOM INC                                                     ,JENNY TROUT CENTRE                                           ,342 ERIE ST                                                  ,                                                             ,CA     ,STRATFORD                          ,Canada                                                       ,ONTARIO                      ,N5A 2N4    ,CUXXUTOM,STRATFORD,ON,CA,N5A2N4
E56F44E,2641CFD,Cuzton Bxeztucz Ltd.                                             ,887 D'Arcy Street                                            ,                                                             ,                                                             ,CA     ,Cobourg                            ,Canada                                                       ,ON                           ,K9A 4B4    ,CUZTON BXEZTUCZ,COBOURG,ON,CA,K9A4B4
EE175C8,,CUZTON ZBTUMG CORP.                                              ,                                                             ,                                                             ,                                                             ,       ,                                   ,                                                             ,                             ,           ,CUZTON ZBTUMG,,,,
31167C9,4EE2691,CUZTON ZTAEN SOLUTIONS INC.                                      ,55 WOODSLEE AVE                                              ,                                                             ,                                                             ,CA     ,PARIS                              ,Canada                                                       ,ON                           ,N3L 3V1    ,CUZTON ZTAEN SOLUTIONS,PARIS,ON,CA,N3L3V1
58012CC,F5142A1,CUZZZ DE LA NOMTATAGUA CENTRE                                    ,3120 BOUL TASCHEREAU                                         ,                                                             ,                                                             ,CA     ,GREENFIELD PARK                    ,Canada                                                       ,QC                           ,J4V 2H1    ,CUZZZ DE LA NOMTATAGUA CENTRE,GREENFIELD PARK,QC,CA,J4V2H1
0EC4A3B,3A7BDCE,CUZZZ de Xevex - Conbtebuxuta                                    ,"1515, boul. Chomedey                                         ",                                                             ,                                                             ,CA     ,Laval                              ,Canada                                                       ,QC                           ,H7V 3Y7    ,CUZZZ DE XEVEX CONBTEBUXUTA,LAVAL,QC,CA,H7V3Y7
0EC4A3B,E9F2AE8,CUZZZ de Xevex - Conbtebuxuta                                    ,de Laval                                                     ,1515 Boul. Chomedey                                          ,                                                             ,CA     ,Laval                              ,Canada                                                       ,QC                           ,H7V 3Y7    ,CUZZZ DE XEVEX CONBTEBUXUTA,LAVAL,QC,CA,H7V3Y7
0EC4A3B,9414E90,CUZZZ de Xevex - Conbtebuxuta                                    ,1515 BOUL CHOMEDEY                                           ,                                                             ,                                                             ,CA     ,LAVAL                              ,Canada                                                       ,QC                           ,H7V 3Y7    ,CUZZZ DE XEVEX CONBTEBUXUTA,LAVAL,QC,CA,H7V3Y7
5BE1C02,5594F98,Cxec & Amtught -Ztock                                            ,1900-530 8 AVE SW                                            ,"SUITE 200, 300 - 5 AVENUE SW                                 ",                                                             ,CA     ,CALGARY                            ,Canada                                                       ,AB                           ,T2P 3S8    ,CXEC AMTUGHT ZTOCK,CALGARY,AB,CA,T2P3S8
869A565,DCFC9B3,CXUC & CXEC                                                      ,C/O GWL REALTY ADVISORS INC                                  ,56 WELLESLEY ST W                                            ,                                                             ,CA     ,TORONTO                            ,Canada                                                       ,ON                           ,M5S 2S3    ,CXUC CXEC,TORONTO,ON,CA,M5S2S3
5817F54,F1291FA,CXUNE MECHANICAL                                                 ,6 154 CASTER AVE                                             ,                                                             ,                                                             ,CA     ,WOODBRIDGE                         ,Canada                                                       ,ONTARIO                      ,L4L 5Y5    ,CXUNE MECHANICAL,WOODBRIDGE,ON,CA,L4L5Y5
2388BC7,3A7BDCE,CXUNET-COMTTOX ZB INC-ZATO-C                                     ,RIVE-NORD                                                    ,3154 BOUL LE CORBUSIER                                       ,                                                             ,CA     ,LAVAL                              ,Canada                                                       ,QC                           ,H7L 4S8    ,CXUNET COMTTOX ZB ZATO C,LAVAL,QC,CA,H7L4S8
2388BC7,83D232F,CXUNET-COMTTOX ZB INC-ZATO-C                                     ,1061 RUE MARIE-VICTORIN                                      ,                                                             ,                                                             ,CA     ,SAINT-BRUNO                        ,Canada                                                       ,QC                           ,J3V 0M7    ,CXUNET COMTTOX ZB ZATO C,SAINT-BRUNO,QC,CA,J3V0M7
E4EA551,6FAE266,CXUNETACH INC                                                    ,2 HANOVER DR                                                 ,                                                             ,                                                             ,CA     ,BRAMPTON                           ,Canada                                                       ,ONTARIO                      ,L6S 4H9    ,CXUNETACH,BRAMPTON,ON,CA,L6S4H9
8922179,4B0F64D,Cxunetuzetuom Beuxeut Inc.                                       ,"120-50, Boul. Taschereau                                     ",                                                             ,                                                             ,CA     ,La Prairie                         ,Canada                                                       ,QC                           ,J5R 4V3    ,CXUNETUZETUOM BEUXEUT,LA PRAIRIE,QC,CA,J5R4V3
7C8BF89,B169E8D,Cxypa Street Developments Ltd.                                   ,1 Craigmore Dr. Suite 201                                    ,                                                             ,                                                             ,CA     ,Halifax                            ,Canada                                                       ,NS                           ,B3N 0C6    ,CXYPA STREET DEVELOPMENTS,HALIFAX,NS,CA,B3N0C6
1F04038,52294EE,E.G. ZUNBZOM EUTONOTUVA INC                                      ,E2Z COATINGS & TECHNOLOGIES INC                              ,560 CONESTOGA BLVD  DOCK#16                                  ,                                                             ,CA     ,CAMBRIDGE                          ,Canada                                                       ,ONTARIO                      ,N1R 7L7    ,E G ZUNBZOM EUTONOTUVA,CAMBRIDGE,ON,CA,N1R7L7
ACF3D13,99F5F6B,EAN Ltd.                                                         ,60 DOREY AVE                                                 ,SUITE 103                                                    ,                                                             ,CA     ,DARTMOUTH                          ,Canada                                                       ,NS                           ,B3B 0B1    ,EAN,DARTMOUTH,NS,CA,B3B0B1
046A1B5,D40B48E,EATCONFOTT MECHANICAL                                            ,2225 MARKHAM ROAD                                            ,                                                             ,                                                             ,CA     ,SCARBOROUGH                        ,CA                                                           ,ON                           ,M1B 2W4    ,EATCONFOTT MECHANICAL,SCARBOROUGH,ON,CA,M1B2W4
52C79A3,91BF2B5,Ebbtovap Coxp Ztotega Inc.                                       ,5100 Harvester Road                                          ,                                                             ,                                                             ,CA     ,Burlington                         ,Canada                                                       ,ON                           ,L7L 4X4    ,EBBTOVAP COXP ZTOTEGA,BURLINGTON,ON,CA,L7L4X4
EFE6BDB,6FB8EE7,EBBXUAP SYSTEMS TECHNOLOGIES INC                                 ,ART ON MAIN                                                  ,1050 MAIN ST                                                 ,                                                             ,CA     ,MILTON                             ,Canada                                                       ,ON                           ,L9T 6H7    ,EBBXUAP SYSTEMS TECHNOLOGIES,MILTON,ON,CA,L9T6H7
EFE6BDB,48C97B8,EBBXUAP SYSTEMS TECHNOLOGIES INC                                 ,88 QUEEN ST E                                                ,                                                             ,                                                             ,CA     ,TORONTO                            ,Canada                                                       ,ON                           ,M5H 2M5    ,EBBXUAP SYSTEMS TECHNOLOGIES,TORONTO,ON,CA,M5H2M5
EFE6BDB,40EE866,EBBXUAP SYSTEMS TECHNOLOGIES INC                                 ,910 ROWNTREE DAIRY RD UNIT 5                                 ,                                                             ,                                                             ,CA     ,WOODBRIDGE                         ,Canada                                                       ,ONTARIO                      ,L4L 5W4    ,EBBXUAP SYSTEMS TECHNOLOGIES,WOODBRIDGE,ON,CA,L4L5W4
EFE6BDB,676CC21,EBBXUAP SYSTEMS TECHNOLOGIES INC                                 ,910 ROWNTREE DAIRY RD                                        ,UNIT 5                                                       ,                                                             ,CA     ,WOODBRIDGE                         ,CA                                                           ,ON                           ,L4L 5W4    ,EBBXUAP SYSTEMS TECHNOLOGIES,WOODBRIDGE,ON,CA,L4L5W4
EFE6BDB,A3ECE35,EBBXUAP SYSTEMS TECHNOLOGIES INC                                 ,155 ROWNTREE DAIRY RD                                        ,UNIT 6                                                       ,                                                             ,CA     ,WOODBRIDGE                         ,Canada                                                       ,ON                           ,L4L 6E1    ,EBBXUAP SYSTEMS TECHNOLOGIES,WOODBRIDGE,ON,CA,L4L6E1
7DFDE7C,8DDA2AF,EBBXUAP SYSTEMS  TECHNOLOGIES INC.                               ,910 Rowntree Dairy Road Unit 5/6                             ,                                                             ,                                                             ,CA     ,Woodbridge                         ,Canada                                                       ,ON                           ,L4L 5W4    ,EBBXUAP SYSTEMS TECHNOLOGIES,WOODBRIDGE,ON,CA,L4L5W4
8310BDC,3AA8CA3,EC Mechanical Comttectotz Ltd                                    ,17-2857 Sherwood Heights Drive                               ,                                                             ,                                                             ,CA     ,Oakville                           ,Canada                                                       ,ON                           ,L6J 7J9    ,EC MECHANICAL COMTTECTOTZ,OAKVILLE,ON,CA,L6J7J9
882F1DC,5995167,EC Puzbamzumg Equipment                                          ,100 Dispensing Way                                           ,                                                             ,                                                             ,CA     ,Lower Sackville                    ,Canada                                                       ,NS                           ,B4C 4H2    ,EC PUZBAMZUMG EQUIPMENT,LOWER SACKVILLE,NS,CA,B4C4H2
68B4F27,8547D2C,ECCOTP BXEZTUCZ                                                  ,60 COURTLAND AVE                                             ,                                                             ,                                                             ,CA     ,CONCORD                            ,Canada                                                       ,ONTARIO                      ,L4K 5B3    ,ECCOTP BXEZTUCZ,CONCORD,ON,CA,L4K5B3
4B4C683,CA92BEA,Effumuty Ctaput Umuom                                            ,833 4TH ST                                                   ,                                                             ,                                                             ,CA     ,ESTEVAN                            ,Canada                                                       ,SK                           ,S4A 0V8    ,EFFUMUTY CTAPUT UMUOM,ESTEVAN,SK,CA,S4A0V8
C2B702B,5590F84,Egamca Cemepuamma p'umzbactuom des exunamtz                      ,3400 BOUL CASAVANT O                                         ,                                                             ,                                                             ,CA     ,ST-HYACINTHE                       ,Canada                                                       ,QC                           ,J2S 8E3    ,EGAMCA CEMEPUAMMA PUMZBACTUOM DES EXUNAMTZ,ST-HYACINTHE,QC,CA,J2S8E3
14C909B,ECEB307,EMTTUN MECHANICAL LTD                                            ,8560 TORBRAM RD UNIT 36                                      ,                                                             ,                                                             ,CA     ,BRAMPTON                           ,Canada                                                       ,ON                           ,L6T 5C9    ,EMTTUN MECHANICAL,BRAMPTON,ON,CA,L6T5C9
EDD9268,8ED1B78,EMVU SERVICES LTD                                                ,CONTRACTORS AND PROJECT MANAGERS                             ,1332 KHALSA DR UNIT 22                                       ,                                                             ,CA     ,MISSISSAUGA                        ,Canada                                                       ,ONTARIO                      ,L5S 0A2    ,EMVU SERVICES,MISSISSAUGA,ON,CA,L5S0A2
71B5D63,F1D7789,Enaxom Property Management Inc.                                  ,Suite 505 - 250 Ferrand Drive                                ,                                                             ,                                                             ,CA     ,Toronto                            ,Canada                                                       ,ON                           ,M3C 3G8    ,ENAXOM PROPERTY MANAGEMENT,TORONTO,ON,CA,M3C3G8
71B5D63,A02F15E,Enaxom Property Management Inc.                                  ,250 Ferrand Dr (Sports Club)                                 ,                                                             ,                                                             ,CA     ,Toronto                            ,CANADA                                                       ,ON                           ,M3C 3G8    ,ENAXOM PROPERTY MANAGEMENT,TORONTO,ON,CA,M3C3G8
70E8239,8547D2C,ENBUAMT MECHANICAL LTD                                           ,"191 CALDARI ROAD, UNIT 2                                     ",                                                             ,                                                             ,CA     ,CONCORD                            ,Canada                                                       ,ONTARIO                      ,L4K 4A1    ,ENBUAMT MECHANICAL,CONCORD,ON,CA,L4K4A1
70E8239,E78C34F,ENBUAMT MECHANICAL LTD                                           ,191 CALDARI RD UNIT 2                                        ,                                                             ,                                                             ,CA     ,CONCORD                            ,Canada                                                       ,ONTARIO                      ,L4K 4A1    ,ENBUAMT MECHANICAL,CONCORD,ON,CA,L4K4A1
70E8239,ED6B6B1,ENBUAMT MECHANICAL LTD                                           ,2-191 CALDARI RD                                             ,                                                             ,                                                             ,CA     ,CONCORD                            ,Canada                                                       ,ON                           ,L4K 4A1    ,ENBUAMT MECHANICAL,CONCORD,ON,CA,L4K4A1
70E8239,02F2F47,ENBUAMT MECHANICAL LTD                                           ,2 BRAHMS                                                     ,191 CALDARI RD UNIT 2                                        ,                                                             ,CA     ,CONCORD                            ,Canada                                                       ,ON                           ,L4K 4A1    ,ENBUAMT MECHANICAL,CONCORD,ON,CA,L4K4A1
70E8239,4769C08,ENBUAMT MECHANICAL LTD                                           ,191 CALDARI RD                                               ,                                                             ,UNIT 2                                                       ,CA     ,CONCORD                            ,Canada                                                       ,ON                           ,L4K 4A1    ,ENBUAMT MECHANICAL,CONCORD,ON,CA,L4K4A1
70E8239,E47B20B,ENBUAMT MECHANICAL LTD                                           ,THE SUMACH                                                   ,146 SUMACH STREET                                            ,                                                             ,CA     ,TORONTO                            ,Canada                                                       ,ON                           ,M5A 3M4    ,ENBUAMT MECHANICAL,TORONTO,ON,CA,M5A3M4
70E8239,A9AD512,ENBUAMT MECHANICAL LTD                                           ,25 GEORGE STREET                                             ,                                                             ,                                                             ,CA     ,TORONTO                            ,Canada                                                       ,ONTARIO                      ,M5A 4L8    ,ENBUAMT MECHANICAL,TORONTO,ON,CA,M5A4L8
8818B62,173B08A,Enbuamt Mechanical Ltd.                                          ,191 Caldari Road                                             ,                                                             ,                                                             ,CA     ,CONCORD                            ,Canada                                                       ,ON                           ,L4K 4A1    ,ENBUAMT MECHANICAL,CONCORD,ON,CA,L4K4A1
1BD475C,B33F7A9,EO ZNUTH WBC CANADA                                              ,599 HILL STREET W.                                           ,Attn Accounts Payable                                        ,                                                             ,CA     ,FERGUS                             ,Canada                                                       ,ONTARIO                      ,N1M 2X1    ,EO ZNUTH WBC CANADA,FERGUS,ON,CA,N1M2X1
74BF45D,C67372D,Épufuca 1210 Bebumaeu Inc.                                       ,630 Rue St-Paul Ouest #600                                   ,                                                             ,                                                             ,CA     ,Montréal                           ,Canada                                                       ,QC                           ,H3C 1L9    ,EPUFUCA 1210 BEBUMAEU,MONTREAL,QC,CA,H3C1L9
CE98E12,765812E,Épufuca 1610 Tamé-Xévazqua Ouazt Inc.                            ,600-630 RUE SAINT-PAUL O                                     ,                                                             ,                                                             ,CA     ,MONTREAL                           ,Canada                                                       ,QC                           ,H3C 1L9    ,EPUFUCA 1610 TAME XEVAZQUA OUAZT,MONTREAL,QC,CA,H3C1L9
C036E18,C67372D,Épufuca 2011 NcGuxx Inc.                                         ,630 Rue Saint-Paul Ouest                                     ,#600                                                         ,                                                             ,CA     ,Montréal                           ,Canada                                                       ,QC                           ,H3C 1L9    ,EPUFUCA 2011 NCGUXX,MONTREAL,QC,CA,H3C1L9
411D03A,C67372D,Épufuca 211 Xeutuat Inc.                                         ,630 Rue Saint-Paul Ouest                                     ,#600                                                         ,                                                             ,CA     ,Montréal                           ,Canada                                                       ,QC                           ,H3C 1L9    ,EPUFUCA 211 XEUTUAT,MONTREAL,QC,CA,H3C1L9
55F9E5D,C67372D,Épufuca 5110 Zhatbtooka Inc.                                     ,630 Rue Saint-Paul Ouest                                     ,#600                                                         ,                                                             ,CA     ,Montréal                           ,Canada                                                       ,QC                           ,H3C 1L9    ,EPUFUCA 5110 ZHATBTOOKA,MONTREAL,QC,CA,H3C1L9
5D6D116,C67372D,Épufuca 635 Tamé-Xévazqua Ouazt Inc.                             ,630 rue Saint-Paul Ouest #600                                ,                                                             ,                                                             ,CA     ,Montréal                           ,Canada                                                       ,QC                           ,H3C 1L9    ,EPUFUCA 635 TAME XEVAZQUA OUAZT,MONTREAL,QC,CA,H3C1L9
6E1D6DF,C67372D,Épufuca Unbétuex                                                 ,"630, rue Saint-Paul Ouest                                    ",Bureau 600                                                   ,                                                             ,CA     ,Montréal                           ,Canada                                                       ,QC                           ,H3C 1L9    ,EPUFUCA UNBETUEX,MONTREAL,QC,CA,H3C1L9
BF91508,8091A65,Epvemcap Habe Technologies Inc.                                  ,2601 Matheson Blvd E.                                        ,Unit #12                                                     ,                                                             ,CA     ,Mississauga                        ,Canada                                                       ,ON                           ,L4W 5A8    ,EPVEMCAP HABE TECHNOLOGIES,MISSISSAUGA,ON,CA,L4W5A8
2E3D142,5A98A43,EPVEMTEGA NEUMTAMEMCA PRODUCTS LTD.                              ,105 GEORGE ST                                                ,LPH06                                                        ,                                                             ,CA     ,TORONTO                            ,Canada                                                       ,ON                           ,M5A 0L4    ,EPVEMTEGA NEUMTAMEMCA PRODUCTS,TORONTO,ON,CA,M5A0L4
0FA6593,173B08A,Equezoft Bazt Wetat Ltd.                                         ,"8540 Keele Street, Unit 2                                    ",                                                             ,                                                             ,CA     ,Concord                            ,Canada                                                       ,ON                           ,L4K 2N2    ,EQUEZOFT BAZT WETAT,CONCORD,ON,CA,L4K2N2
FD95548,,Etthut Btazz Ltd.                                                ,                                                             ,                                                             ,                                                             ,       ,                                   ,                                                             ,                             ,           ,ETTHUT BTAZZ,,,,
9C7D772,6F5FA7B,Ettuz REIT                                                       ,600-220 Portage Avenue                                       ,                                                             ,                                                             ,CA     ,Winnipeg                           ,Canada                                                       ,MB                           ,R3C 0A5    ,ETTUZ REIT,WINNIPEG,MB,CA,R3C0A5
3628271,A6840C8,ETVUM EUT SYSTEMS                                                ,331 GLOVER RD                                                ,                                                             ,                                                             ,CA     ,STONEY CREEK                       ,Canada                                                       ,ONTARIO                      ,L8E 5M2    ,ETVUM EUT SYSTEMS,STONEY CREEK,ON,CA,L8E5M2
C66D42E,62B33BD,Etxemtuc Beckegumg -                                             ,111 Progress Ave                                             ,                                                             ,                                                             ,CA     ,Scarborough                        ,Canada                                                       ,ON                           ,M1P 2Y9    ,ETXEMTUC BECKEGUMG,SCARBOROUGH,ON,CA,M1P2Y9
19AD18E,8D65B1B,Etxemtuc Fetn Services Inc.                                      ,PO BOX 750                                                   ,350 ELMWOOD DR                                               ,                                                             ,CA     ,MONCTON                            ,Canada                                                       ,NB                           ,E1A 8R5    ,ETXEMTUC FETN SERVICES,MONCTON,NB,CA,E1A8R5
FAEE954,52CF224,Etxemtuc Technology Center                                       ,176 Great George St                                          ,                                                             ,                                                             ,CA     ,Charlottetown                      ,Canada                                                       ,PE                           ,C1A 4K9    ,ETXEMTUC TECHNOLOGY CENTER,CHARLOTTETOWN,PE,CA,C1A4K9
AC83A83,99F5F6B,Etxemtuce                                                        ,9 Ralston Avenue                                             ,                                                             ,                                                             ,CA     ,Dartmouth                          ,Canada                                                       ,NS                           ,B3B 1H5    ,ETXEMTUCE,DARTMOUTH,NS,CA,B3B1H5
0C0FC9F,BC824E3,Etxez Zemutety Zawat Services                                    ,2333 6th Ave.                                                ,                                                             ,                                                             ,CA     ,Regina                             ,Canada                                                       ,SK                           ,S4R 1B4    ,ETXEZ ZEMUTETY ZAWAT SERVICES,REGINA,SK,CA,S4R1B4
45EF056,8ED1B78,EUMZWOTTH INC                                                    ,"6300 VISCOUNT RD, UNIT 1                                     ",                                                             ,                                                             ,CA     ,MISSISSAUGA                        ,Canada                                                       ,ONTARIO                      ,L4V 1H3    ,EUMZWOTTH,MISSISSAUGA,ON,CA,L4V1H3
45EF056,A890304,EUMZWOTTH INC                                                    ,SEARS CANADA                                                 ,LES GALERIES RIVE-NORD                                       ,100 BOUL BRIEN                                               ,CA     ,REPENTIGNY                         ,Canada                                                       ,QUEBEC                       ,J6A 5N4    ,EUMZWOTTH,REPENTIGNY,QC,CA,J6A5N4
A3E0A94,69F849A,EUMZWOTTH INC                                                    ,131 BERMONDSEY RD                                            ,                                                             ,                                                             ,CA     ,TORONTO                            ,Canada                                                       ,ON                           ,M4A 1X4    ,EUMZWOTTH,TORONTO,ON,CA,M4A1X4
A3E0A94,9F815E7,EUMZWOTTH INC                                                    ,131 BERMONDSEY RD                                            ,                                                             ,                                                             ,CA     ,TORONTO                            ,Canada                                                       ,ON                           ,M4A 1X4    ,EUMZWOTTH,TORONTO,ON,CA,M4A1X4
F62EA71,13D5ED2,EUMZWOTTH INC                                                    ,NIAGARA FALLS BRIDGE COMMISSION CUSTOMS OFFICE               ,1541 NIAGARA PKWY                                            ,QUEENSTON HEIGHTS                                            ,CA     ,NIAGARA ON THE LAKE                ,Canada                                                       ,ONTARIO                      ,L0S 1J0    ,EUMZWOTTH,NIAGARA ON THE LAKE,ON,CA,L0S1J0
F62EA71,247EC7C,EUMZWOTTH INC                                                    ,131 BERMONDSEY RD                                            ,                                                             ,                                                             ,CA     ,TORONTO                            ,Canada                                                       ,ON                           ,M4A 1X4    ,EUMZWOTTH,TORONTO,ON,CA,M4A1X4
F62EA71,12D9AC2,EUMZWOTTH INC                                                    ,AINSWORTH MECHANICAL SERVICES INC                            ,131 BERMONDSEY RD.                                           ,                                                             ,CA     ,TORONTO                            ,Canada                                                       ,ON                           ,M4A 1X4    ,EUMZWOTTH,TORONTO,ON,CA,M4A1X4
F62EA71,E7C9F56,EUMZWOTTH INC                                                    ,131 BERMONDSEY RD                                            ,                                                             ,                                                             ,CA     ,TORONTO                            ,Canada                                                       ,ONTARIO                      ,M4A 1X4    ,EUMZWOTTH,TORONTO,ON,CA,M4A1X4
F62EA71,C00C1B5,EUMZWOTTH INC                                                    ,ATTN ACCOUNTS PAYABLE                                        ,131 BERMONDSEY RD                                            ,                                                             ,CA     ,TORONTO                            ,Canada                                                       ,ON                           ,M4A 1X4    ,EUMZWOTTH,TORONTO,ON,CA,M4A1X4
F62EA71,EF6071C,EUMZWOTTH INC                                                    ,THE BAY QUEEN ST                                             ,176 YONGE ST                                                 ,                                                             ,CA     ,TORONTO                            ,Canada                                                       ,ON                           ,M5C 2L7    ,EUMZWOTTH,TORONTO,ON,CA,M5C2L7
745CF92,99F5F6B,Eumzwotth Inc. - MZ                                              ,131 ILSLEY AVE                                               ,# AB                                                         ,                                                             ,CA     ,DARTMOUTH                          ,Canada                                                       ,NS                           ,B3B 1T1    ,EUMZWOTTH MZ,DARTMOUTH,NS,CA,B3B1T1
3806F94,,Eut Cuttamt Umpuzttuex Inc.                                      ,                                                             ,                                                             ,                                                             ,       ,                                   ,                                                             ,                             ,           ,EUT CUTTAMT UMPUZTTUEX,,,,
3806F94,F1D7789,Eut Cuttamt Umpuzttuex Inc.                                      ,21 Sable Street                                              ,                                                             ,                                                             ,CA     ,Toronto                            ,Canada                                                       ,ON                           ,M6M 3K8    ,EUT CUTTAMT UMPUZTTUEX,TORONTO,ON,CA,M6M3K8
1528CF9,71533BE,EUTCOM MECHANICAL SYSTEMS                                        ,1001 BAY ST                                                  ,                                                             ,                                                             ,CA     ,TORONTO                            ,canada                                                       ,ON                           ,M5S 3A6    ,EUTCOM MECHANICAL SYSTEMS,TORONTO,ON,CA,M5S3A6
1528CF9,E13E54A,EUTCOM MECHANICAL SYSTEMS                                        ,FIVE THIRTY TSCC 2334                                        ,530 ST CLAIR AVE W                                           ,                                                             ,CA     ,TORONTO                            ,Canada                                                       ,ON                           ,M6C 0A2    ,EUTCOM MECHANICAL SYSTEMS,TORONTO,ON,CA,M6C0A2
1528CF9,7FFB3AB,EUTCOM MECHANICAL SYSTEMS                                        ,TSCC 1457                                                    ,1000 KING ST W                                               ,                                                             ,CA     ,TORONTO                            ,Canada                                                       ,ON                           ,M6K 3N1    ,EUTCOM MECHANICAL SYSTEMS,TORONTO,ON,CA,M6K3N1
1528CF9,71B13DA,EUTCOM MECHANICAL SYSTEMS                                        ,2525 BATHURST ST                                             ,                                                             ,                                                             ,CA     ,TORONTO                            ,Canada                                                       ,ON                           ,M6B 2Y9    ,EUTCOM MECHANICAL SYSTEMS,TORONTO,ON,CA,M6B2Y9
0204E8F,9369B8B,EUTOTE VILLAGE CO-OB                                             ,100-1 CARUSO GARDENS                                         ,                                                             ,                                                             ,CA     ,AURORA                             ,Canada                                                       ,ONTARIO                      ,L4G 3W4    ,EUTOTE VILLAGE OB,AURORA,ON,CA,L4G3W4
3D83CDD,40B8E09,Euttach Zymatgy                                                  ,104-1671 Vimont Crt                                          ,                                                             ,                                                             ,CA     ,Ottawa                             ,Canada                                                       ,ON                           ,K4A 3M3    ,EUTTACH ZYMATGY,OTTAWA,ON,CA,K4A3M3
6297455,3B97236,Eutunm HVEC Inc                                                  ,613  Irwin Crescent                                          ,                                                             ,                                                             ,CA     ,Newmarket                          ,Canada                                                       ,ON                           ,L3Y 5A1    ,EUTUNM HVEC,NEWMARKET,ON,CA,L3Y5A1
7E93984,9A081D4,Euxxy-Chetxottatowm                                              ,11 REGIS DUFFY DR                                            ,                                                             ,                                                             ,CA     ,CHARLOTTETOWN                      ,Canada                                                       ,PE                           ,C1E 0K5    ,EUXXY CHETXOTTATOWM,CHARLOTTETOWN,PE,CA,C1E0K5
4A02B0A,BC824E3,Evame Foopz Ltd.                                                 ,316 1ST AVE E                                                ,                                                             ,                                                             ,CA     ,REGINA                             ,Canada                                                       ,SK                           ,S4N 5H2    ,EVAME FOOPZ,REGINA,SK,CA,S4N5H2
D0B103B,2CDD672,EVATY PRODUCTS (CANADA)                                          ,"240 SOUTH BLAIR STREET, UNIT 4                               ",                                                             ,                                                             ,CA     ,WHITBY                             ,Canada                                                       ,ONTARIO                      ,L1N 0G3    ,EVATY PRODUCTS CANADA,WHITBY,ON,CA,L1N0G3
F737B80,F1D7789,EX Property Management Services LP c/o 425 Yomga                 ,"415 Yonge Street, Suite 1803                                 ",                                                             ,                                                             ,CA     ,Toronto                            ,Canada                                                       ,ON                           ,M5B 2E6    ,EX PROPERTY MANAGEMENT SERVICES C O 425 YOMGA,TORONTO,ON,CA,M5B2E6
9ABF52A,2D901DB,Exbemy International Canada Inc.                                 ,300 Rue de Westmount                                         ,                                                             ,                                                             ,CA     ,Cowansville                        ,Canada                                                       ,QC                           ,J2K 1S9    ,EXBEMY INTERNATIONAL CANADA,COWANSVILLE,QC,CA,J2K1S9
C13F4D5,9301535,Exgomquum College - Banbtoka Campus                              ,1 College Way                                                ,                                                             ,                                                             ,CA     ,Pembroke                           ,Canada                                                       ,ON                           ,K8A 0C8    ,EXGOMQUUM COLLEGE BANBTOKA CAMPUS,PEMBROKE,ON,CA,K8A0C8
9DC524F,6B526EA,EXTUUN BECKEGUMG CANADA                                          ,C/O ANDREA CONNORS                                           ,7464 132ND ST                                                ,                                                             ,CA     ,SURREY                             ,Canada                                                       ,BRITISH COLUMBIA             ,V3W 4M7    ,EXTUUN BECKEGUMG CANADA,SURREY,BC,CA,V3W4M7
7118DCC,F1D7789,EZVB INC.                                                        ,Forest Ridge Inc                                             ,"240 Duncan Mill Road, Suite 303                              ",                                                             ,CA     ,Toronto                            ,Canada                                                       ,ON                           ,M3B 3S6    ,EZVB,TORONTO,ON,CA,M3B3S6
93DE6D7,4EB3174,FATGUZ PLACE                                                     ,164 FERGUS AVE                                               ,                                                             ,                                                             ,CA     ,KITCHENER                          ,Canada                                                       ,ON                           ,N2A 2H2    ,FATGUZ PLACE,KITCHENER,ON,CA,N2A2H2
C63161A,ED849F1,FATGUZXAE PROPERTIES LTD                                         ,ACCORA THS - 83                                              ,83 WOODRIDGE CRES                                            ,                                                             ,CA     ,Ottawa                             ,Canada                                                       ,ON                           ,K2B 7S9    ,FATGUZXAE PROPERTIES,OTTAWA,ON,CA,K2B7S9
C63161A,2292B2F,FATGUZXAE PROPERTIES LTD                                         ,ACCORA THS - 134                                             ,134 WOODRIDGE CRES                                           ,                                                             ,CA     ,OTTAWA                             ,Canada                                                       ,ON                           ,K2B 7S9    ,FATGUZXAE PROPERTIES,OTTAWA,ON,CA,K2B7S9
5CFAB46,F1D7789,Feme Butmhenthotba Corp c/o                                      ,"895 Don Mills Road, Suite 110                                ",                                                             ,                                                             ,CA     ,Toronto                            ,Canada                                                       ,ON                           ,M3C 1W3    ,FEME BUTMHENTHOTBA C O,TORONTO,ON,CA,M3C1W3
8AC3AB0,F38546F,FEMZHEWA COLLEGE                                                 ,FALCON HOUSE -MAIN CAMPUS                                    ,                                                             ,                                                             ,CA     ,LONDON                             ,Canada                                                       ,ONTARIO                      ,N5Y 5R6    ,FEMZHEWA COLLEGE,LONDON,ON,CA,N5Y5R6
8AC3AB0,D61F54A,FEMZHEWA COLLEGE                                                 ,MERLIN HOUSE RES C                                           ,                                                             ,                                                             ,CA     ,LONDON                             ,Canada                                                       ,ONTARIO                      ,N5Y 5R6    ,FEMZHEWA COLLEGE,LONDON,ON,CA,N5Y5R6
6BC18A2,6628C88,Fetmhen Court Properties                                         ,275 Innovation Drive                                         ,                                                             ,                                                             ,CA     ,Bedford                            ,Canada                                                       ,NS                           ,           ,FETMHEN COURT PROPERTIES,BEDFORD,NS,CA,
E391F70,8D65B1B,FNH Management                                                   ,100 Arden St                                                 ,                                                             ,                                                             ,CA     ,Moncton                            ,Canada                                                       ,NB                           ,E1C 4B7    ,FNH MANAGEMENT,MONCTON,NB,CA,E1C4B7
1F32665,70A2C05,FOZTATBTOOKA XOMG TATN CETA                                      ,FACILITY                                                     ,330 KING AVE W                                               ,                                                             ,CA     ,NEWCASTLE                          ,Canada                                                       ,ONTARIO                      ,L1B 1G9    ,FOZTATBTOOKA XOMG TATN CETA,NEWCASTLE,ON,CA,L1B1G9
87597CF,F1D7789,Fuate Properties C/O Coxxuatz International                      ,"181 Bay Street, suite 1400                                   ",                                                             ,                                                             ,CA     ,Toronto                            ,Canada                                                       ,ON                           ,M5J 2V1    ,FUATE PROPERTIES C O COXXUATZ INTERNATIONAL,TORONTO,ON,CA,M5J2V1
9C2C737,F1D7789,FUATE Taex Estate Cota Fund LP c/o                               ,E6406                                                        ,"181 Bay Street, Suite 1400                                   ",                                                             ,CA     ,Toronto                            ,Canada                                                       ,ON                           ,M5J 2V1    ,FUATE TAEX ESTATE COTA FUND C O,TORONTO,ON,CA,M5J2V1
D7BF607,F1D7789,FUATE Taex Estate Cota Fund LP   c/o   Coxxuatz                  ,"181 Bay Street, Suite 1400                                   ",                                                             ,                                                             ,CA     ,Toronto                            ,Canada                                                       ,ON                           ,M5J 2V1    ,FUATE TAEX ESTATE COTA FUND C O COXXUATZ,TORONTO,ON,CA,M5J2V1
3677685,F1D7789,FUATE Taex Estate Cota Fund LP c/o Coxxuatz                      ,"181 Bay Street, Suite 1400                                   ",                                                             ,                                                             ,CA     ,Toronto                            ,Canada                                                       ,ON                           ,M5J 2V1    ,FUATE TAEX ESTATE COTA FUND C O COXXUATZ,TORONTO,ON,CA,M5J2V1
5F09A77,F1D7789,FUATE Taex Estate Cota Fund LP c/o  Coxxuatz                     ,181 BAY ST                                                   ,SUITE 1400                                                   ,                                                             ,CA     ,TORONTO                            ,Canada                                                       ,ON                           ,M5J 2T3    ,FUATE TAEX ESTATE COTA FUND C O COXXUATZ,TORONTO,ON,CA,M5J2T3
965A882,F1D7789,FUATE Taex  Estate  Cota Fund LP c/o  Coxxuatz                   ,"181 Bay Street, Suite 1400                                   ",                                                             ,                                                             ,CA     ,Toronto                            ,Canada                                                       ,ON                           ,M5J 2V1    ,FUATE TAEX ESTATE COTA FUND C O COXXUATZ,TORONTO,ON,CA,M5J2V1
DF4FBCE,F1D7789,"Fuate Taex Estate Cota Fund LP C/O Coxxuatz International,a6416  ",181 Bay St. Suite 1400                                       ,                                                             ,                                                             ,CA     ,Toronto                            ,Canada                                                       ,ON                           ,M5J 2V1    ,FUATE TAEX ESTATE COTA FUND C O COXXUATZ INTERNATIONAL A6416,TORONTO,ON,CA,M5J2V1
6D8CFB3,5A734C1,FUTZT SERVICES RESIDENTIAL                                       ,2645 SKYMARK AVE                                             ,                                                             ,                                                             ,CA     ,MISSISSAUGA                        ,Canada                                                       ,ON                           ,L4W 4H2    ,FUTZT SERVICES RESIDENTIAL,MISSISSAUGA,ON,CA,L4W4H2
FF41A12,8091A65,G. Btempt Naet Beckatz Ltd.                                      ,1878 Mattawa Avenue                                          ,                                                             ,                                                             ,CA     ,Mississauga                        ,Canada                                                       ,ON                           ,L4X 1K1    ,G BTEMPT NAET BECKATZ,MISSISSAUGA,ON,CA,L4X1K1
EBFFFA2,765812E,Gaztuom BZ                                                       ,215 St-Laurent                                               ,                                                             ,                                                             ,CA     ,Montreal                           ,Canada                                                       ,QC                           ,H2Y 3T9    ,GAZTUOM BZ,MONTREAL,QC,CA,H2Y3T9
A6FF180,C67372D,Gaztuom BZ 1610 Ottawa                                           ,1600 Ottawa                                                  ,                                                             ,                                                             ,CA     ,Montreal                           ,Canada                                                       ,QC                           ,H3C 0V6    ,GAZTUOM BZ 1610 OTTAWA,MONTREAL,QC,CA,H3C0V6
4FF5741,C67372D,Gaztuom Cotav                                                    ,9250 BOUL DE L'ACADIE                                        ,SUITE 205                                                    ,                                                             ,CA     ,MONTREAL                           ,Canada                                                       ,QC                           ,H4N 3C5    ,GAZTUOM COTAV,MONTREAL,QC,CA,H4N3C5
FEF2407,D5A48F5,GAZTUOM UNN-TACH INC                                             ,9350 RUE DE L'INNOVATION                                     ,BUREAU 200                                                   ,                                                             ,CA     ,ANJOU                              ,Canada                                                       ,QC                           ,H1J 2X9    ,GAZTUOM UNN TACH,ANJOU,QC,CA,H1J2X9
665655F,C67372D,Gaztuom Unn-Tach                                                 ,"9350, rue de l`Innovation, bureau 200                        ",                                                             ,                                                             ,CA     ,Montréal                           ,Canada                                                       ,QC                           ,H1J 2X9    ,GAZTUOM UNN TACH,MONTREAL,QC,CA,H1J2X9
59FC894,67C3DE2,Gemttax                                                          ,12 Barr Road                                                 ,                                                             ,                                                             ,CA     ,Ajax                               ,Canada                                                       ,ON                           ,L1S 3X9    ,GEMTTAX,AJAX,ON,CA,L1S3X9
99D49E9,9D0770F,Geta Goutnat Canada Inc                                          ,11 REDWING DR                                                ,                                                             ,                                                             ,CA     ,GOFFS                              ,Canada                                                       ,NS                           ,B2T 1K3    ,GETA GOUTNAT CANADA,GOFFS,NS,CA,B2T1K3
F28529F,B169E8D,Gettuzom Btawumg Co.                                             ,1096 MARGINAL RD                                             ,DOOR C-3                                                     ,                                                             ,CA     ,HALIFAX                            ,Canada                                                       ,NS                           ,B3H 4N4    ,GETTUZOM BTAWUMG,HALIFAX,NS,CA,B3H4N4
F5E44B5,214FC0F,GEXCHAN WETAT TECHNOLOGIES                                       ,332 NASSAU ST N                                              ,                                                             ,                                                             ,CA     ,WINNIPEG                           ,Canada                                                       ,MB                           ,R3L 0R8    ,GEXCHAN WETAT TECHNOLOGIES,WINNIPEG,MB,CA,R3L0R8
35FD9B6,5F6B772,GFX Amvutomnamtex Inc                                            ,"100 New Park Place, Suite 600                                ",                                                             ,                                                             ,CA     ,Vaughan                            ,Canada                                                       ,ON                           ,L4K 0H9    ,GFX AMVUTOMNAMTEX,VAUGHAN,ON,CA,L4K0H9
2565F27,8FC1B9A,GOOP ZHABHATP MOM BTOFUT HONAZ                                   ,ANGELAS PLACE                                                ,                                                             ,320 TRAGINA AVE N                                            ,CA     ,HAMILTON                           ,Canada                                                       ,ONTARIO                      ,L8H 5E3    ,GOOP ZHABHATP MOM BTOFUT HONAZ,HAMILTON,ON,CA,L8H5E3
E143F2E,2E8B0AF,GOOPXUFA FUTMAZZ CLUB                                            ,245 EDINBURGH ROAD SOUTH                                     ,UNIT 1B                                                      ,                                                             ,CA     ,GUELPH                             ,Canada                                                       ,ONTARIO                      ,N1G 2J6    ,GOOPXUFA FUTMAZZ CLUB,GUELPH,ON,CA,N1G2J6
F45EC5E,31F1958,GOTBATM MECHANICAL COMTTECTOTZ                                   ,51-80 NASHDENE RD                                            ,                                                             ,                                                             ,CA     ,SCARBOROUGH                        ,Canada                                                       ,ONTARIO                      ,M1V 5E4    ,GOTBATM MECHANICAL COMTTECTOTZ,SCARBOROUGH,ON,CA,M1V5E4
398905E,5F6B772,GOTP PROPERTIES INC c/o Powmumg Street Property                  ,50 Nimacor Ave                                               ,                                                             ,                                                             ,CA     ,Vaughan                            ,Canada                                                       ,ON                           ,L4K 4Z9    ,GOTP PROPERTIES C O POWMUMG STREET PROPERTY,VAUGHAN,ON,CA,L4K4Z9
1B437DB,50C8E5C,GOXPAM VUAW COXOMY FETNUMG CO.                                   ,PO BOX 519                                                   ,                                                             ,                                                             ,CA     ,BIGGAR                             ,Canada                                                       ,SK                           ,S0K 0M0    ,GOXPAM VUAW COXOMY FETNUMG,BIGGAR,SK,CA,S0K0M0
3511ABF,1D3EB53,GTAAM EUT MECHANICAL INC                                         ,PEMBERTON CONDO                                              ,4633 GLEN ERIN DR BLDG A                                     ,                                                             ,CA     ,MISSISSAUGA                        ,Canada                                                       ,ON                           ,L5M 7S2    ,GTAAM EUT MECHANICAL,MISSISSAUGA,ON,CA,L5M7S2
FC99994,160EA74,GTAET MOTTH CHANUCEXZ                                            ,85 MALMO COURT                                               ,P.O. BOX #2 COMP #13                                         ,                                                             ,CA     ,MAPLE                              ,Canada                                                       ,ON                           ,L6A 1R4    ,GTAET MOTTH CHANUCEXZ,MAPLE,ON,CA,L6A1R4
C0560DC,A16682B,Gtaet Valley Juucaz                                              ,19 Collins Road                                              ,                                                             ,                                                             ,CA     ,Port William                       ,Canada                                                       ,NS                           ,B0P 1T0    ,GTAET VALLEY JUUCAZ,PORT WILLIAM,NS,CA,B0P1T0
C0A6C31,0DE82AD,GTEMPA ATUA DISTRICT SCHOOL BP                                   ,TOLL GATE TECHNICAL                                          ,112 TOLL GATE RD                                             ,                                                             ,CA     ,BRANTFORD                          ,Canada                                                       ,ONTARIO                      ,N3R 4Z6    ,GTEMPA ATUA DISTRICT SCHOOL BP,BRANTFORD,ON,CA,N3R4Z6
FD0E156,0AEA6E2,"Gtemt Thotmtom Limited, as Tacauvat of 65 Town                   ","200 King Street West, 1th Floor                              ",                                                             ,                                                             ,CA     ,ON                                 ,Canada                                                       ,TORONTO                      ,M5H 3T4    ,GTEMT THOTMTOM AS TACAUVAT OF 65 TOWN,ON,ON,CA,M5H3T4
FBA96C6,ECEB307,Gtey Tooxz Canada                                                ,299 Orenda Road                                              ,                                                             ,                                                             ,CA     ,Brampton                           ,Canada                                                       ,ON                           ,L6T 1E8    ,GTEY TOOXZ CANADA,BRAMPTON,ON,CA,L6T1E8
3174376,B824560,GTOUBA FEUTWEY                                                   ,1450 RUE CITY COUNCILLORS                                    ,                                                             ,                                                             ,CA     ,MONTREAL                           ,Canada                                                       ,QUEBEC                       ,H3A 2E6    ,GTOUBA FEUTWEY,MONTREAL,QC,CA,H3A2E6
C9F89A4,49018CE,GTOZVAMOT CANADA LIMITED                                         ,927 DERWENT WAY                                              ,WAREHOUSE                                                    ,                                                             ,CA     ,DELTA                              ,Canada                                                       ,BC                           ,V3M 5R4    ,GTOZVAMOT CANADA,DELTA,BC,CA,V3M5R4
67922CA,8DDA2AF,GUUXXAVUM INTERNATIONAL INC.                                     ,51 TERECAR DR                                                ,                                                             ,                                                             ,CA     ,WOODBRIDGE                         ,Canada                                                       ,ON                           ,L4L 0B5    ,GUUXXAVUM INTERNATIONAL,WOODBRIDGE,ON,CA,L4L0B5
6E3CF17,B648FAF,GUVA & GO BTABETAP FOOPZ CORP.                                   ,735 INTERMODAL DR                                            ,                                                             ,                                                             ,CA     ,BRAMPTON                           ,Canada                                                       ,ON                           ,L6T 5W2    ,GUVA GO BTABETAP FOOPZ,BRAMPTON,ON,CA,L6T5W2
BEE9694,F1D7789,GWX Taexty Epvuzotz Inc.-                                        ,Property Management Office                                   ,"33 Yonge Street, Suite 1000                                  ",                                                             ,CA     ,Toronto                            ,Canada                                                       ,ON                           ,M5E 1G4    ,GWX TAEXTY EPVUZOTZ,TORONTO,ON,CA,M5E1G4
BEE9694,DCFC9B3,GWX Taexty Epvuzotz Inc.-                                        ,                                                             ,"33 Yonge St., Suite 300                                      ",                                                             ,CA     ,Toronto                            ,Canada                                                       ,ON                           ,M5E 1G4    ,GWX TAEXTY EPVUZOTZ,TORONTO,ON,CA,M5E1G4
C37292B,,"GWX Taexty Epvuzotz Inc.,                                        ",                                                             ,                                                             ,                                                             ,       ,                                   ,                                                             ,                             ,           ,GWX TAEXTY EPVUZOTZ,,,,
3D88474,F1D7789,GWX Taexty Epvuzotz Inc .                                        ,"33 Yonge Street, Suite 1000                                  ",                                                             ,                                                             ,CA     ,Toronto                            ,Canada                                                       ,ON                           ,M5E 1G4    ,GWX TAEXTY EPVUZOTZ,TORONTO,ON,CA,M5E1G4
C3965AA,F1D7789,GWX Taexty Epvuzotz                                              ,"330 University Ave,S-2                                       ",                                                             ,                                                             ,CA     ,Toronto                            ,Canada                                                       ,ON                           ,M5G 1R6    ,GWX TAEXTY EPVUZOTZ,TORONTO,ON,CA,M5G1R6
72E3D07,5A98A43,GWX TAEXTY EPVUZOTZ RESIDENTIAL INC                              ,200 UNIVERSITY AVE                                           ,SUITE 900                                                    ,                                                             ,CA     ,TORONTO                            ,Canada                                                       ,ON                           ,M5H 3C6    ,GWX TAEXTY EPVUZOTZ RESIDENTIAL,TORONTO,ON,CA,M5H3C6
72E3D07,7490536,GWX TAEXTY EPVUZOTZ RESIDENTIAL INC                              ,33 YONGE ST SUITE 1000                                       ,                                                             ,                                                             ,CA     ,TORONTO                            ,Canada                                                       ,ON                           ,M5E 1G4    ,GWX TAEXTY EPVUZOTZ RESIDENTIAL,TORONTO,ON,CA,M5E1G4
D958436,DCFC9B3,GWX TAEXTY EPVUZOTZ RESIDENTIAL                                  ,33 YONGE ST                                                  ,SUITE 1000                                                   ,                                                             ,CA     ,TORONTO                            ,Canada                                                       ,ON                           ,M5E 1G4    ,GWX TAEXTY EPVUZOTZ RESIDENTIAL,TORONTO,ON,CA,M5E1G4
D958436,65E926A,GWX TAEXTY EPVUZOTZ RESIDENTIAL                                  ,33 YONGE ST                                                  ,SUITE 1000                                                   ,                                                             ,CA     ,TORONTO                            ,Canada                                                       ,ON                           ,M5E 1G4    ,GWX TAEXTY EPVUZOTZ RESIDENTIAL,TORONTO,ON,CA,M5E1G4
2B76035,D2DC867,GXAM ZTOT PUM XOPGA                                              ,1900 MONTREAL RD                                             ,                                                             ,                                                             ,CA     ,CORNWALL                           ,Canada                                                       ,ON                           ,K6H 7L1    ,GXAM ZTOT PUM XOPGA,CORNWALL,ON,CA,K6H7L1
2F9D791,F1D7789,GXAMBUTM COOBATETUVA (THE)                                       ,101-3 GLENBURN AVE                                           ,                                                             ,                                                             ,CA     ,TORONTO                            ,Canada                                                       ,ONTARIO                      ,M4B 2W8    ,GXAMBUTM COOBATETUVA THE,TORONTO,ON,CA,M4B2W8
801A746,91BF2B5,GXAMM TUCHETPZOM PLUMBING                                        ,2413 INDUSTRIAL ST                                           ,                                                             ,                                                             ,CA     ,BURLINGTON                         ,Canada                                                       ,ON                           ,L7P 1A6    ,GXAMM TUCHETPZOM PLUMBING,BURLINGTON,ON,CA,L7P1A6
782C9BF,06BBFE0,Gxetfaxtat Getumaeu Ltée                                         ,96 S GEORGE ST                                               ,                                                             ,                                                             ,US     ,YORK                               ,United States                                                ,PA                           ,17401-1434 ,GXETFAXTAT GETUMAEU LTEE,YORK,PA,US,174011434
7283F1C,99F5F6B,H.C.C.C#293                                                      ,45 ALDERNEY DR                                               ,FL SUITE                                                     ,                                                             ,CA     ,DARTMOUTH                          ,Canada                                                       ,NS                           ,B2Y 2N6    ,H C C C293,DARTMOUTH,NS,CA,B2Y2N6
27F0995,173B08A,Haet Eut Mechanical                                              ,207 EDGELEY BLVD                                             ,UNIT 29                                                      ,                                                             ,CA     ,CONCORD                            ,Canada                                                       ,ON                           ,L4K 4B5    ,HAET EUT MECHANICAL,CONCORD,ON,CA,L4K4B5
FB33DBA,9AE4BD8,Haexth Ezzocuetuom Move Zcotue                                   ,600 Abenaki Road. RM C2-600A                                 ,                                                             ,                                                             ,CA     ,Truro                              ,Canada                                                       ,NS                           ,B2N 0C4    ,HAEXTH EZZOCUETUOM MOVE ZCOTUE,TRURO,NS,CA,B2N0C4
DE1EC9F,AD21CB6,HAEZXUB FOTP ZEXAZ LTD.                                          ,18 MAIN ST S                                                 ,                                                             ,                                                             ,CA     ,HAGERSVILLE                        ,Canada                                                       ,ONTARIO                      ,N0A 1H0    ,HAEZXUB FOTP ZEXAZ,HAGERSVILLE,ON,CA,N0A1H0
15C4154,6B1A08A,HAMMUGAZ EUTONOTUVA/OEKVUXXA                                     ,514 South Service Road East                                  ,                                                             ,                                                             ,CA     ,OAKVILLE                           ,Canada                                                       ,ONTARIO                      ,L6J 2X6    ,HAMMUGAZ EUTONOTUVA OEKVUXXA,OAKVILLE,ON,CA,L6J2X6
9C45077,CCA689A,HATAZ Haetumg & Cooxumg Inc.                                     ,582 Maple Ave.                                               ,                                                             ,                                                             ,CA     ,Hamilton                           ,Canada                                                       ,ON                           ,L8K 1L2    ,HATAZ HAETUMG COOXUMG,HAMILTON,ON,CA,L8K1L2
669C6DA,8D65B1B,Hatutega Court Holdings                                          ,P.O. Box 887                                                 ,                                                             ,                                                             ,CA     ,Moncton                            ,Canada                                                       ,NB                           ,E1C 8N8    ,HATUTEGA COURT HOLDINGS,MONCTON,NB,CA,E1C8N8
EF37BE1,8D65B1B,Hatutega Developments Limited                                    ,1 Factory Lane                                               ,                                                             ,                                                             ,CA     ,Moncton                            ,Canada                                                       ,NB                           ,E1C 1N4    ,HATUTEGA DEVELOPMENTS,MONCTON,NB,CA,E1C1N4
F39E9C2,B169E8D,HCC #240                                                         ,"33 Alderney Drive, Suite 650                                 ",                                                             ,                                                             ,CA     ,Halifax                            ,Canada                                                       ,NS                           ,B2Y 2N4    ,HCC 240,HALIFAX,NS,CA,B2Y2N4
5110265,99F5F6B,HCCC #295 c/o                                                    ,61 PRINCE ALBERT RD                                          ,                                                             ,                                                             ,CA     ,DARTMOUTH                          ,Canada                                                       ,NS                           ,B2Y 1M1    ,HCCC 295 C O,DARTMOUTH,NS,CA,B2Y1M1
6951E6F,99F5F6B,HCCC #378                                                        ,350-33 ALDERNEY DR                                           ,                                                             ,                                                             ,CA     ,DARTMOUTH                          ,Canada                                                       ,NS                           ,B2Y 2N4    ,HCCC 378,DARTMOUTH,NS,CA,B2Y2N4
A3CFFB3,FBCEB76,HCCC 44                                                          ,C/O NOVACORP PROPERTIES LIMITED                              ,45 ALDERNEY DRIVE                                            ,SUITE 910                                                    ,CA     ,DARTMOUTH                          ,Canada                                                       ,NOVA SCOTIA                  ,B2Y 2N6    ,HCCC 44,DARTMOUTH,NS,CA,B2Y2N6
978D510,B169E8D,Henbtom Xaezumg and Zexaz Ltd.                                   ,Rpo- Profess Centre                                          ,5991 Spring Garden Road                                      ,                                                             ,CA     ,Halifax                            ,Canada                                                       ,NS                           ,B3H 4R7    ,HENBTOM XAEZUMG AND ZEXAZ,HALIFAX,NS,CA,B3H4R7
0FA0A30,B1255C6,HENUXTOM ZNUTH LTD                                               ,280 JAMIESON BONE RD                                         ,                                                             ,                                                             ,CA     ,BELLEVILLE                         ,Canada                                                       ,ON                           ,K8N 5S8    ,HENUXTOM ZNUTH,BELLEVILLE,ON,CA,K8N5S8
A321D5E,2A64420,Hetty Nuxxat Holdings Corp. C/O Joxem Properties Inc             ,100 - 2600 Finch Avenue West                                 ,                                                             ,                                                             ,CA     ,North York                         ,Canada                                                       ,ON                           ,M9M 2G4    ,HETTY NUXXAT HOLDINGS C O JOXEM PROPERTIES,NORTH YORK,ON,CA,M9M2G4
A760B82,09C0659,HEXTOM DISTRICT SCHOOL BOETP                                     ,CRAIG KIELBURGER SS                                          ,1151 FERGUSON DR                                             ,                                                             ,CA     ,MILTON                             ,Canada                                                       ,ON                           ,L9T 7V8    ,HEXTOM DISTRICT SCHOOL BOETP,MILTON,ON,CA,L9T7V8
A760B82,F8E0709,HEXTOM DISTRICT SCHOOL BOETP                                     ,SHERIDAN PS                                                  ,1555 LANCASTER DR                                            ,                                                             ,CA     ,OAKVILLE                           ,Canada                                                       ,ON                           ,L6H 3H4    ,HEXTOM DISTRICT SCHOOL BOETP,OAKVILLE,ON,CA,L6H3H4
53165B2,B169E8D,Hezaxvuaw Properties                                             ,41 COWIE HILL RD                                             ,                                                             ,                                                             ,CA     ,HALIFAX                            ,Canada                                                       ,NS                           ,B3P 2M7    ,HEZAXVUAW PROPERTIES,HALIFAX,NS,CA,B3P2M7
EFBC01F,788B811,HOMAYWAXX ECZ CANADA-SERVICE & PRODUCTS                          ,BUILDING 240                                                 ,500 BOUL ROSEMONT                                            ,                                                             ,CA     ,Montreal                           ,Canada                                                       ,QC                           ,H2S 0C4    ,HOMAYWAXX ECZ CANADA SERVICE PRODUCTS,MONTREAL,QC,CA,H2S0C4
EFBC01F,696670F,HOMAYWAXX ECZ CANADA-SERVICE & PRODUCTS                          ,COLLEGE ST-SACREMENT                                         ,901 RUE ST-LOUIS                                             ,                                                             ,CA     ,TERREBONNE                         ,Canada                                                       ,QC                           ,J6W 1K1    ,HOMAYWAXX ECZ CANADA SERVICE PRODUCTS,TERREBONNE,QC,CA,J6W1K1
B6E2E42,6B225BF,Hompe Canada Inc.                                                ,180 HONDA BLVD                                               ,                                                             ,                                                             ,CA     ,MARKHAM                            ,Canada                                                       ,ON                           ,L6C 0H9    ,HOMPE CANADA,MARKHAM,ON,CA,L6C0H9
B6E2E42,0B770DB,Hompe Canada Inc.                                                ,180 HONDA BLVD                                               ,                                                             ,                                                             ,CA     ,MARKHAM                            ,Canada                                                       ,ON                           ,L6C 0H9    ,HOMPE CANADA,MARKHAM,ON,CA,L6C0H9
A727CDD,F1D7789,HONAZ FUTZT ZOCUATY                                              ,90 SHUTER ST 2ND FLR                                         ,                                                             ,                                                             ,CA     ,TORONTO                            ,Canada                                                       ,ONTARIO                      ,M5B 2K6    ,HONAZ FUTZT ZOCUATY,TORONTO,ON,CA,M5B2K6
A9D771A,A6D3B9F,Honaztaep Land Holdings Limited                                  ,1140 FISHER AVE                                              ,                                                             ,                                                             ,CA     ,OTTAWA                             ,Canada                                                       ,ON                           ,K1Z 8M5    ,HONAZTAEP LAND HOLDINGS,OTTAWA,ON,CA,K1Z8M5
175B0E6,91BF2B5,Honaztaep Land Holdings.                                         ,"5555 North Service Road, Suite 200                           ",                                                             ,                                                             ,CA     ,Burlington                         ,Canada                                                       ,ON                           ,L7L 5H7    ,HONAZTAEP LAND HOLDINGS,BURLINGTON,ON,CA,L7L5H7
D240197,D47EB9E,Honaztaep Land Holdings Ltd.                                     ,80 JOHNSON ST                                                ,                                                             ,                                                             ,CA     ,KINGSTON                           ,Canada                                                       ,ON                           ,K7L 1X7    ,HONAZTAEP LAND HOLDINGS,KINGSTON,ON,CA,K7L1X7
045A940,9B822B1,Honaztaep Land Holdings'                                         ,"1950 Oxford Street, East                                     ",Unit 2                                                       ,                                                             ,CA     ,London                             ,Canada                                                       ,ON                           ,N5V 2Z8    ,HONAZTAEP LAND HOLDINGS,LONDON,ON,CA,N5V2Z8
A393F01,F1D7789,HOOBB Taexty Inc. c/o                                            ,"Exchange Tower, 130 King Street West                         ","Suite 1710, PO Box 486                                       ",                                                             ,CA     ,Toronto                            ,Canada                                                       ,ON                           ,M5X 1E5    ,HOOBB TAEXTY C O,TORONTO,ON,CA,M5X1E5
3262A0A,2641CFD,Hotuzom Bxeztucz International                                   ,Building #3                                                  ,PO Box 474                                                   ,                                                             ,CA     ,Cobourg                            ,Canada                                                       ,ON                           ,K9A 4L1    ,HOTUZOM BXEZTUCZ INTERNATIONAL,COBOURG,ON,CA,K9A4L1
EE47717,0E54BCC,HOTUZOM MECHANICAL COMTTECTOTZ                                   ,109 SHORCLIFFE ROAD                                          ,                                                             ,                                                             ,CA     ,ETOBICOKE                          ,CA                                                           ,ON                           ,M8Z 5K7    ,HOTUZOM MECHANICAL COMTTECTOTZ,ETOBICOKE,ON,CA,M8Z5K7
E60471A,46D8581,Hotuzom Mechanical Comttectotz                                   ,109 Shorncliffe Road                                         ,                                                             ,                                                             ,CA     ,Etobicoke                          ,Canada                                                       ,ON                           ,M8Z 5K7    ,HOTUZOM MECHANICAL COMTTECTOTZ,ETOBICOKE,ON,CA,M8Z5K7
232D06D,1941943,HOZBUCA WAXXUMGTOM                                               ,795 SCOTTSDALE DR                                            ,                                                             ,                                                             ,CA     ,GUELPH                             ,Canada                                                       ,ON                           ,N1G 3R8    ,HOZBUCA WAXXUMGTOM,GUELPH,ON,CA,N1G3R8
43354F4,7E26873,HTZ AMGUMAATUMG LTD                                              ,115 NORFINCH DR                                              ,                                                             ,                                                             ,CA     ,NORTH YORK                         ,Canada                                                       ,ON                           ,M3N 1W8    ,HTZ AMGUMAATUMG,NORTH YORK,ON,CA,M3N1W8
53E9568,9B822B1,HTZ AMGUMAATUMG LTD - MOTFUMCH                                   ,115 NORFINCH DR                                              ,                                                             ,                                                             ,CA     ,NORTH YORK                         ,Canada                                                       ,ON                           ,M3N 1W8    ,HTZ AMGUMAATUMG MOTFUMCH,NORTH YORK,ON,CA,M3N1W8
55445C8,4EB3174,Hughxemp Place                                                   ,20  Fieldgate Street                                         ,                                                             ,                                                             ,CA     ,Kitchener                          ,Canada                                                       ,ON                           ,N2M 5K3    ,HUGHXEMP PLACE,KITCHENER,ON,CA,N2M5K3
510AA9D,E45E887,HUXXNETK (215 TUCHNOMP) LP & OCEP UNIVERSITY                     ,C/O PRIME REAL ESTATE GROUP                                  ,200 RONSON DR SUITE 101                                      ,                                                             ,CA     ,TORONTO                            ,Canada                                                       ,ON                           ,M9W 5Z9    ,HUXXNETK 215 TUCHNOMP OCEP UNIVERSITY,TORONTO,ON,CA,M9W5Z9
942048C,F1D7789,HUXXNETK ZUM XUFA (110 BTOEPVUAW) LP                             ,474 WELLINGTON ST W                                          ,SUITE 200                                                    ,                                                             ,CA     ,TORONTO                            ,Canada                                                       ,ON                           ,M5V 1E3    ,HUXXNETK ZUM XUFA 110 BTOEPVUAW,TORONTO,ON,CA,M5V1E3
737CF62,59915ED,HYPTOBXUNB MECHANICAL LTD                                        ,HYDRO PLUMBING                                               ,                                                             ,141 WESCAR LN                                                ,CA     ,CARP                               ,Canada                                                       ,ONTARIO                      ,K0A 1L0    ,HYPTOBXUNB MECHANICAL,CARP,ON,CA,K0A1L0
4540C81,A23BF2A,HZ ST ENEMT & ZOMZ INC                                           ,HS ST AMANT & SONS INC                                       ,                                                             ,39 ROBERT ST W                                               ,CA     ,PENETANGUISHENE                    ,Canada                                                       ,ONTARIO                      ,L9M 1M5    ,HZ ST ENEMT ZOMZ,PENETANGUISHENE,ON,CA,L9M1M5
069B7BB,3AA8CA3,HZCC 554 c/o Wuxzom Bxemchetp Management Inc.                    ,111 Forsythe                                                 ,                                                             ,                                                             ,CA     ,Oakville                           ,Canada                                                       ,ON                           ,L6K 3J9    ,HZCC 554 C O WUXZOM BXEMCHETP MANAGEMENT,OAKVILLE,ON,CA,L6K3J9
7AE5E34,5A98A43,J.E.P. MANAGEMENT                                                ,345 ST CLAIR AVE W                                           ,                                                             ,                                                             ,CA     ,TORONTO                            ,Canada                                                       ,ONTARIO                      ,M5P 1N3    ,J E P MANAGEMENT,TORONTO,ON,CA,M5P1N3
A2616AC,B169E8D,J12K Tamtexz Limited                                              ,49 FRIESIAN CRT                                              ,UNIT 100                                                     ,                                                             ,CA     ,HALIFAX                            ,Canada                                                       ,NS                           ,B3M 0J8    ,J12K TAMTEXZ,HALIFAX,NS,CA,B3M0J8
97FD2E1,6B225BF,Jaffxum Umvaztnamtz                                              ,85 Spy Court Suitem 100                                      ,                                                             ,                                                             ,CA     ,Markham                            ,Canada                                                       ,ON                           ,L3R 4Z4    ,JAFFXUM UMVAZTNAMTZ,MARKHAM,ON,CA,L3R4Z4
164C066,A6D94FD,JAZ Mechanical                                                   ,350 Avondale Rd                                              ,                                                             ,                                                             ,CA     ,Newport                            ,Canada                                                       ,NS                           ,B0N 2A0    ,JAZ MECHANICAL,NEWPORT,NS,CA,B0N2A0
FC0FB8B,ECEB307,Jeckxym Industries                                               ,119 WILKINSON ROAD                                           ,                                                             ,                                                             ,CA     ,BRAMPTON                           ,Canada                                                       ,ON                           ,L6T 4X1    ,JECKXYM INDUSTRIES,BRAMPTON,ON,CA,L6T4X1
9CC3BBD,ECEB307,Jeckxym Industries                                               ,119 WILKINSON RD                                             ,                                                             ,                                                             ,CA     ,BRAMPTON                           ,Canada                                                       ,ON                           ,L6T 4X1    ,JECKXYM INDUSTRIES,BRAMPTON,ON,CA,L6T4X1
6D70794,A14CB5B,JEPAA NAET PRODUCTS LTD.                                         ,PO BOX 669                                                   ,                                                             ,                                                             ,CA     ,BEAMSVILLE                         ,Canada                                                       ,ON                           ,L0R 1B0    ,JEPAA NAET PRODUCTS,BEAMSVILLE,ON,CA,L0R1B0
4C68DA7,3A9F7A4,JETPUMZ BEQUATTA INC                                             ,1491 139 RTE N                                               ,                                                             ,                                                             ,CA     ,SUTTON                             ,Canada                                                       ,QC                           ,J0E 2K0    ,JETPUMZ BEQUATTA,SUTTON,QC,CA,J0E2K0
B49D746,894AD76,Jeypaa X Holdings LTD                                            ,115 BIRO PL                                                  ,                                                             ,                                                             ,CA     ,SASKATOON                          ,Canada                                                       ,SK                           ,S7K 7V5    ,JEYPAA X HOLDINGS,SASKATOON,SK,CA,S7K7V5
D1CA01A,4EE2691,JEZ 13 HAETUMG COOXUMG & TAFTUG                                   ,INNOVATIVE STEAM TECHNOLOGY                                  ,549 CONESTOGA BLVD                                           ,                                                             ,CA     ,CAMBRIDGE                          ,Canada                                                       ,ONTARIO                      ,N1R 6T4    ,JEZ 13 HAETUMG COOXUMG TAFTUG,CAMBRIDGE,ON,CA,N1R6T4
21FAEB5,C361EE4,Jezz Evuetuom LP                                                 ,310 GOUDEY DR                                                ,                                                             ,                                                             ,CA     ,GOFFS                              ,Canada                                                       ,NS                           ,B2T 1M6    ,JEZZ EVUETUOM,GOFFS,NS,CA,B2T1M6
7A64BF5,C7B94A7,JJX Ztotega & Xoguztucz                                          ,445 Winnipeg St                                              ,                                                             ,                                                             ,CA     ,Regina                             ,Canada                                                       ,SK                           ,S4R 8P2    ,JJX ZTOTEGA XOGUZTUCZ,REGINA,SK,CA,S4R8P2
7A64BF5,BC824E3,JJX Ztotega & Xoguztucz                                          ,445 Winnipeg Street                                          ,                                                             ,                                                             ,CA     ,Regina                             ,Canada                                                       ,SK                           ,S4R 8P2    ,JJX ZTOTEGA XOGUZTUCZ,REGINA,SK,CA,S4R8P2
74526FD,BC824E3,Joa'z Autobaem Paxu & Cetatumg                                   ,775 Ross Ave E.                                              ,                                                             ,                                                             ,CA     ,Regina                             ,Canada                                                       ,SK                           ,S4N 4W5    ,JOAZ AUTOBAEM PAXU CETATUMG,REGINA,SK,CA,S4N4W5
594B9B2,FE217A2,JOHM FUTZBETTUCK ZTAAXWOTKATZ                                    ,HOUSING CO-OP INC                                            ,105 WELDRICK RD E                                            ,                                                             ,CA     ,RICHMOND HILL                      ,Canada                                                       ,ONTARIO                      ,L4C 9Y9    ,JOHM FUTZBETTUCK ZTAAXWOTKATZ,RICHMOND HILL,ON,CA,L4C9Y9
EFE030B,62F0138,JOHMVUMCA FOOPZ                                                  ,675 STEEPROCK DR                                             ,                                                             ,                                                             ,CA     ,NORTH YORK                         ,Canada                                                       ,ON                           ,M3J 2Z5    ,JOHMVUMCA FOOPZ,NORTH YORK,ON,CA,M3J2Z5
4F2EC94,6B225BF,JOHMZOM COMTTOXZ LTD                                             ,56 LEEK CRES                                                 ,                                                             ,                                                             ,CA     ,RICHMOND HILL                      ,Canada                                                       ,ON                           ,L4B 1H1    ,JOHMZOM COMTTOXZ,RICHMOND HILL,ON,CA,L4B1H1
B8AF204,66207D8,JOHMZOM COMTTOXZ LTD                                             ,ATTN: ACCOUNTS PAYABLE                                       ,PO BOX 2012                                                  ,                                                             ,US     ,MILWAUKEE                          ,United States                                                ,WI                           ,53201      ,JOHMZOM COMTTOXZ,MILWAUKEE,WI,US,53201
D6BC5CC,C74FC32,Johmzom Comttoxz Canada LP                                       ,P.O. Box 2012                                                ,                                                             ,                                                             ,CA     ,Milwaukee                          ,Canada                                                       ,WI                           ,532 01     ,JOHMZOM COMTTOXZ CANADA,MILWAUKEE,WI,CA,53201
7336BF6,91BF2B5,JOZABH BTEMT NANOTUEX HOSPITAL                                   ,1230 NORTH SHORE BLVD E                                      ,                                                             ,                                                             ,CA     ,BURLINGTON                         ,Canada                                                       ,ON                           ,L7S 1W7    ,JOZABH BTEMT NANOTUEX HOSPITAL,BURLINGTON,ON,CA,L7S1W7
329CDCB,642F0D2,JTZ MECHANICAL SYSTEMS INC                                       ,5061 WELLINGTON COUNTY ROAD-32                               ,                                                             ,                                                             ,CA     ,GUELPH                             ,CA                                                           ,ON                           ,N1H 6J4    ,JTZ MECHANICAL SYSTEMS,GUELPH,ON,CA,N1H6J4
329CDCB,F851E7C,JTZ MECHANICAL SYSTEMS INC                                       ,5061 WELLINGTON COUNTY RD 32                                 ,                                                             ,                                                             ,CA     ,GUELPH                             ,Canada                                                       ,ON                           ,N1H 6J4    ,JTZ MECHANICAL SYSTEMS,GUELPH,ON,CA,N1H6J4
329CDCB,03C15C5,JTZ MECHANICAL SYSTEMS INC                                       ,5061 WELLINGTON COUNTY RD 32                                 ,                                                             ,                                                             ,CA     ,GUELPH                             ,Canada                                                       ,ON                           ,N1H 6J4    ,JTZ MECHANICAL SYSTEMS,GUELPH,ON,CA,N1H6J4
329CDCB,60C6A6D,JTZ MECHANICAL SYSTEMS INC                                       ,TWAMLEY MANOR                                                ,1000 TWAMLEY ST                                              ,BUILDING B                                                   ,CA     ,LISTOWEL                           ,Canada                                                       ,ON                           ,N4W 0J5    ,JTZ MECHANICAL SYSTEMS,LISTOWEL,ON,CA,N4W0J5
482AC51,6B225BF,JUZ Zbacuexty Products                                           ,31 BURR CRES                                                 ,                                                             ,                                                             ,CA     ,MARKHAM                            ,Canada                                                       ,ON                           ,L3R 9B8    ,JUZ ZBACUEXTY PRODUCTS,MARKHAM,ON,CA,L3R9B8
80B2BCD,7E90BDC,Kambuat Umvazt Ltd. - PoubxaTtaa                                 ,1170 Chemin Aylmer                                           ,                                                             ,                                                             ,CA     ,Gatineau                           ,Canada                                                       ,QU??BEC                      ,J9H 7L3    ,KAMBUAT UMVAZT POUBXATTAA,GATINEAU,QU??BEC,CA,J9H7L3
9C9BD94,ECEB307,Kammapy Road Tebatmecxa                                          ,141 KENNEDY RD N                                             ,                                                             ,                                                             ,CA     ,BRAMPTON                           ,Canada                                                       ,ON                           ,L6V 1X9    ,KAMMAPY ROAD TEBATMECXA,BRAMPTON,ON,CA,L6V1X9
282ED9F,6FF8434,KAUTH'Z PLUMBING & HAETUMG INC                                   ,659 PARKDALE AVE N                                           ,                                                             ,                                                             ,CA     ,HAMILTON                           ,Canada                                                       ,ON                           ,L8H 5Z1    ,KAUTHZ PLUMBING HAETUMG,HAMILTON,ON,CA,L8H5Z1
30EEBAF,D40B48E,KAXZOM MECHANICAL INC                                            ,1550 SANDHURST CIRCLE                                        ,ALBERT CAMPBELL C. I                                         ,                                                             ,CA     ,SCARBOROUGH                        ,CA                                                           ,ON                           ,M1V 1S6    ,KAXZOM MECHANICAL,SCARBOROUGH,ON,CA,M1V1S6
30EEBAF,FB25BFD,KAXZOM MECHANICAL INC                                            ,436 WELLINGTON ST W                                          ,                                                             ,                                                             ,CA     ,TORONTO                            ,Canada                                                       ,ON                           ,M5V 1E3    ,KAXZOM MECHANICAL,TORONTO,ON,CA,M5V1E3
C75EB19,790E14C,KAXZOM MECHANICAL AEZTATM INC                                    ,2 BALES DR W                                                 ,                                                             ,                                                             ,CA     ,SHARON                             ,Canada                                                       ,ON                           ,L0G 1V0    ,KAXZOM MECHANICAL AEZTATM,SHARON,ON,CA,L0G1V0
F627480,790E14C,Kaxzom Mechanical Aeztatm Inc.                                   ,2 Bales Drive West                                           ,                                                             ,                                                             ,CA     ,Sharon                             ,Canada                                                       ,ON                           ,L0G 1V0    ,KAXZOM MECHANICAL AEZTATM,SHARON,ON,CA,L0G1V0
B6E3BE8,F50F401,Kemazhuu Vumyx Btazz                                             ,61 WATTS AVE                                                 ,                                                             ,                                                             ,CA     ,CHARLOTTETOWN                      ,Canada                                                       ,PE                           ,C1E 2B7    ,KEMAZHUU VUMYX BTAZZ,CHARLOTTETOWN,PE,CA,C1E2B7
667C106,A7D8C9A,KEWETTHE BUMA TUPGA P Z B                                        ,BALTIMORE PUBLIC SCHOOL                                      ,9320 BURWASH ROAD                                            ,                                                             ,CA     ,BALTIMORE                          ,Canada                                                       ,ONTARIO                      ,K0K 1C0    ,KEWETTHE BUMA TUPGA P Z B,BALTIMORE,ON,CA,K0K1C0
5247951,9F03BA0,KUBXUMG GROUP INC                                                ,65 QUEEN ST W                                                ,SUITE 213                                                    ,                                                             ,CA     ,TORONTO                            ,Canada                                                       ,ON                           ,M5H 2M5    ,KUBXUMG GROUP,TORONTO,ON,CA,M5H2M5
8E804BD,F1D7789,KZ 1265 Bey Street Inc.                                          ,C/O BENTALLGREENOAK (CANADA) LIMITED PARTNERSHIP             ,130 BLOOR ST W                                               ,SUITE 502                                                    ,CA     ,TORONTO                            ,Canada                                                       ,ON                           ,M5S 1N5    ,KZ 1265 BEY STREET,TORONTO,ON,CA,M5S1N5
7A0C598,F1D7789,KZ 2085 KAMMAPY ROAD INC. c/o                                    ,40 University Avenue Suite 1200                              ,                                                             ,                                                             ,CA     ,Toronto                            ,Canada                                                       ,ON                           ,M5J 1T1    ,KZ 2085 KAMMAPY ROAD C O,TORONTO,ON,CA,M5J1T1
B15F860,39F38A2,LES BUEMPATUAZ PAXTTEZA                                          ,DIV. K-BRO LINEN SYSTEMS                                     ,599 SIMONDS SUD                                              ,                                                             ,CA     ,GRANBY                             ,Canada                                                       ,QC                           ,J2J 1C1    ,LES BUEMPATUAZ PAXTTEZA,GRANBY,QC,CA,J2J1C1
7A2310D,4483483,LES INDUSTRIES DE NOUXEGA BOXYCAXX INC.                          ,454 RUE EDOUARD                                              ,                                                             ,                                                             ,CA     ,GRANBY                             ,Canada                                                       ,QC                           ,J2G 3Z3    ,LES INDUSTRIES DE NOUXEGA BOXYCAXX,GRANBY,QC,CA,J2G3Z3
2817C55,9ADC4B6,Les Toutz du Betc Waztnoumt                                      ,4700 RUE SAINTE-CATHERINE O                                  ,                                                             ,                                                             ,CA     ,WESTMOUNT                          ,Canada                                                       ,QC                           ,H3Z 1S6    ,LES TOUTZ DU BETC WAZTNOUMT,WESTMOUNT,QC,CA,H3Z1S6
237DE9B,26AE23F,LES UMVAZTUZZANAMTZ NOMUT INC                                    ,460 STE-CATHERINE OUEST                                      ,                                                             ,                                                             ,CA     ,MONTREAL                           ,Canada                                                       ,QC                           ,H3B 1A7    ,LES UMVAZTUZZANAMTZ NOMUT,MONTREAL,QC,CA,H3B1A7
BF727EB,76983E5,MAAXEMPZ GROUP LIMITED                                           ,SEASONS AT BLUE                                              ,170 JOZO WEIDER BLVD                                         ,                                                             ,CA     ,BLUE MOUNTAIN                      ,Canada                                                       ,ONTARIO                      ,L9Y 0V2    ,MAAXEMPZ GROUP,BLUE MOUNTAIN,ON,CA,L9Y0V2
6E0902F,99F5F6B,Maocom International Inc.                                        ,BURNSIDE INDUSTRIAL PARK                                     ,35 AKERLEY BLVD                                              ,                                                             ,CA     ,DARTMOUTH                          ,Canada                                                       ,NS                           ,B3B 1J7    ,MAOCOM INTERNATIONAL,DARTMOUTH,NS,CA,B3B1J7
4545C9C,F1D7789,Maw Ftomtuatz Ebotugumex Residential Corporation                 ,106-23 Lesmill Road                                          ,                                                             ,                                                             ,CA     ,Toronto                            ,Canada                                                       ,ON                           ,M3B 3P6    ,MAW FTOMTUATZ EBOTUGUMEX RESIDENTIAL,TORONTO,ON,CA,M3B3P6
E9AAF1B,36A4962,MAW XUFA NUXXZ LTD.                                              ,24162 DENFIELD RD RR 2                                       ,                                                             ,                                                             ,CA     ,DENFIELD                           ,Canada                                                       ,ONTARIO                      ,N0M 1P0    ,MAW XUFA NUXXZ,DENFIELD,ON,CA,N0M1P0
E8BBFE2,B7BD9E5,MAXAO SOLUTIONS CANADA CORP                                      ,MISSISSAUGA SOUTH PLANT                                      ,2620 ROYAL WINDSOR DR                                        ,                                                             ,CA     ,MISSISSAUGA                        ,Canada                                                       ,ON                           ,L5J 4E7    ,MAXAO SOLUTIONS CANADA,MISSISSAUGA,ON,CA,L5J4E7
8E6CE70,2DBC34E,MAXCO MECHANICAL LTD                                             ,GARMENT STREET CONDOS                                        ,108 GARMENT STREET                                           ,                                                             ,CA     ,KITCHENER                          ,Canada                                                       ,ON                           ,N2G 2B3    ,MAXCO MECHANICAL,KITCHENER,ON,CA,N2G2B3
7DB2A94,F241991,Maztxa Canada Inc                                                ,PO Box 250                                                   ,                                                             ,                                                             ,CA     ,Oshawa                             ,Canada                                                       ,ON                           ,L1H 7N1    ,MAZTXA CANADA,OSHAWA,ON,CA,L1H7N1
18F3147,BC824E3,MCO Building                                                     ,c/o McCOR Management (SK) Inc.                               ,"#300, 2550 12th Avenue                                       ",                                                             ,CA     ,Regina                             ,Canada                                                       ,SK                           ,S4P 3X1    ,MCO BUILDING,REGINA,SK,CA,S4P3X1
4EF3A4B,DCFC9B3,MEPXEM-HETTUZ PROPERTY NGNT INC                                  ,500 CHAMPAGNE DR                                             ,                                                             ,                                                             ,CA     ,TORONTO                            ,Canada                                                       ,ONTARIO                      ,M3J 2T9    ,MEPXEM HETTUZ PROPERTY NGNT,TORONTO,ON,CA,M3J2T9
9EAFD0B,D726213,METUOMEX SERVICE BTOFAZZUOMEXZ                                   ,815 NORAH CRES                                               ,                                                             ,                                                             ,CA     ,THUNDER BAY                        ,Canada                                                       ,ONTARIO                      ,P7C 5H9    ,METUOMEX SERVICE BTOFAZZUOMEXZ,THUNDER BAY,ON,CA,P7C5H9
CF5479E,5A98A43,METUVA CHUXP AND FENUXY SERVICES                                 ,COMMERCIAL BUILDING                                          ,                                                             ,30 COLLEGE ST                                                ,CA     ,TORONTO                            ,Canada                                                       ,ONTARIO                      ,M5G 1K2    ,METUVA CHUXP AND FENUXY SERVICES,TORONTO,ON,CA,M5G1K2
C181CB6,3B5E118,Mevepe Ltée                                                      ,8275 TRANSCANADIENNE RTE                                     ,                                                             ,                                                             ,CA     ,SAINT-LAURENT                      ,Canada                                                       ,QC                           ,H4S 0B6    ,MEVEPE LTEE,SAINT-LAURENT,QC,CA,H4S0B6
7A5EAF6,51BE5A2,MEYXOT BUILDING BETTMATZHUBZ                                     ,56 STAFFORD CRT                                              ,                                                             ,                                                             ,CA     ,CAMBRIDGE                          ,Canada                                                       ,ON                           ,N1T 1B3    ,MEYXOT BUILDING BETTMATZHUBZ,CAMBRIDGE,ON,CA,N1T1B3
7A5EAF6,72D6760,MEYXOT BUILDING BETTMATZHUBZ                                     ,CITY CENTRE CONDOMINIUMS                                     ,85 DUKE ST W                                                 ,                                                             ,CA     ,KITCHENER                          ,Canada                                                       ,ON                           ,N2H 4Y7    ,MEYXOT BUILDING BETTMATZHUBZ,KITCHENER,ON,CA,N2H4Y7
7A5EAF6,00AF3E6,MEYXOT BUILDING BETTMATZHUBZ                                     ,263 BUTLER ST                                                ,                                                             ,                                                             ,CA     ,LUCAN                              ,Canada                                                       ,ON                           ,N0M 2J0    ,MEYXOT BUILDING BETTMATZHUBZ,LUCAN,ON,CA,N0M2J0
2126CBA,F1D7789,MOTTAK MECHANICAL SERVICES                                       ,30 ADELAIDE ST E                                             ,                                                             ,                                                             ,CA     ,TORONTO                            ,Canada                                                       ,ON                           ,M5C 3G8    ,MOTTAK MECHANICAL SERVICES,TORONTO,ON,CA,M5C3G8
99A2712,ECEB307,Mottak Mechanical  Services                                      ,1 Huttonville Dr.                                            ,                                                             ,                                                             ,CA     ,Brampton                           ,Canada                                                       ,ON                           ,L6X 0C2    ,MOTTAK MECHANICAL SERVICES,BRAMPTON,ON,CA,L6X0C2
EED7F82,9DB7D8B,MOTTH AMERICA CONSTRUCTION (2003) LTD                            ,21 QUEEN ST                                                  ,                                                             ,                                                             ,CA     ,MORRISTON                          ,Canada                                                       ,ON                           ,N0B 2C0    ,MOTTH AMERICA CONSTRUCTION 2003,MORRISTON,ON,CA,N0B2C0
782066C,6B526EA,MOTTH ZUTTAY NAPUCEX BUILDING LTD.                               ,#100 - 9656 KING GEORGE HWY                                  ,                                                             ,                                                             ,CA     ,SURREY                             ,Canada                                                       ,BRITISH COLUMBIA             ,V3T 2V5    ,MOTTH ZUTTAY NAPUCEX BUILDING,SURREY,BC,CA,V3T2V5
A0AFAA8,96B19B8,Motthatm Eut Amvutomnamtex Technologies Inc.                     ,suite 93                                                     ,                                                             ,                                                             ,CA     ,St Eustache                        ,Canada                                                       ,QC                           ,J7R 5C2    ,MOTTHATM EUT AMVUTOMNAMTEX TECHNOLOGIES,SAINT EUSTACHE,QC,CA,J7R5C2
769D701,F1D7789,Motthen - UE (QQT) Co-tamemcy                                    ,207 Queens Quay West                                         ,Suite #141                                                   ,                                                             ,CA     ,Toronto                            ,Canada                                                       ,ON                           ,M5J 1A7    ,MOTTHEN UE QQT TAMEMCY,TORONTO,ON,CA,M5J1A7
FBB3CFA,3AA8CA3,MOTTHTUPGA                                                       ,496 POSTRIDGE DRIVE                                          ,                                                             ,                                                             ,CA     ,OAKVILLE                           ,Canada                                                       ,ON                           ,L6H 7A2    ,MOTTHTUPGA,OAKVILLE,ON,CA,L6H7A2
7FC864A,F1D7789,MotthWazt Healthcare Properties Corporation                      ,180 Dundas St West                                           ,Suite 1100                                                   ,                                                             ,CA     ,Toronto                            ,Canada                                                       ,ON                           ,M5G 1Z8    ,MOTTHWAZT HEALTHCARE PROPERTIES,TORONTO,ON,CA,M5G1Z8
7F86D9E,311D092,Motthzupa Btocazzumg                                             ,7 Commercial Street                                          ,                                                             ,                                                             ,CA     ,Louisbourg                         ,Canada                                                       ,NS                           ,B1C 1B5    ,MOTTHZUPA BTOCAZZUMG,LOUISBOURG,NS,CA,B1C1B5
7F86D9E,1C34BC6,Motthzupa Btocazzumg                                             ,139 Queen St                                                 ,                                                             ,                                                             ,CA     ,North Sydney                       ,Canada                                                       ,NS                           ,B2A 1A9    ,MOTTHZUPA BTOCAZZUMG,NORTH SYDNEY,NS,CA,B2A1A9
D020EDF,20DD8AA,Motthzypa Btocazzumg                                             ,7 Commercial St                                              ,                                                             ,                                                             ,CA     ,Louisbourg                         ,Canada                                                       ,NS                           ,B1C 1B5    ,MOTTHZYPA BTOCAZZUMG,LOUISBOURG,NS,CA,B1C1B5
1F59EEA,50B882E,MOTVUAW XOPGA                                                    ,44 ROB BLAKE WAY                                             ,                                                             ,                                                             ,CA     ,SIMCOE                             ,Canada                                                       ,ONTARIO                      ,N3Y 0E3    ,MOTVUAW XOPGA,SIMCOE,ON,CA,N3Y0E3
BB5C31F,A406F22,Move Zcotue Haexth Euthotuty (CAH)                               ,5 Chipman Drive                                              ,                                                             ,                                                             ,CA     ,Kentville                          ,Canada                                                       ,NS                           ,B4N 3V7    ,MOVE ZCOTUE HAEXTH EUTHOTUTY CAH,KENTVILLE,NS,CA,B4N3V7
CCB0E97,A406F22,Move Zcotue Haexth Euthotuty (CB)                                ,5 Chipman Drive                                              ,                                                             ,                                                             ,CA     ,Kentville                          ,Canada                                                       ,NS                           ,B4N 3V7    ,MOVE ZCOTUE HAEXTH EUTHOTUTY CB,KENTVILLE,NS,CA,B4N3V7
4C3F64B,2E8B0AF,MUCKAX CITY TAEXTY INC                                           ,ATTN LARRY/CONNIE                                            ,143 NORFOLK STREET                                           ,                                                             ,CA     ,GUELPH                             ,Canada                                                       ,ONTARIO                      ,N1H 4J7    ,MUCKAX CITY TAEXTY,GUELPH,ON,CA,N1H4J7
4BFC2DE,46703B0,MUEGETE CETHOXUC P Z B                                           ,ST. JOHN BOSCO                                               ,191 HIGHLAND AVE                                             ,                                                             ,CA     ,PORT COLBORNE                      ,Canada                                                       ,ONTARIO                      ,L3K 3S7    ,MUEGETE CETHOXUC P Z B,PORT COLBORNE,ON,CA,L3K3S7
08B4EE4,5181063,MUEGETE MOTTH COMPONUMUUN CORP                                   ,CHOWN MANAGEMENT                                             ,103-14 NORRIS PL                                             ,                                                             ,CA     ,ST CATHARINES                      ,Canada                                                       ,ONTARIO                      ,L2R 2W8    ,MUEGETE MOTTH COMPONUMUUN,SAINT CATHARINES,ON,CA,L2R2W8
C027F30,6F7DD67,MUHOTUZOM PLUMBING & HAETUMG INC                                 ,2415 STEVENAGE DR                                            ,UNIT 4                                                       ,                                                             ,CA     ,OTTAWA                             ,Canada                                                       ,ON                           ,K1G 3W1    ,MUHOTUZOM PLUMBING HAETUMG,OTTAWA,ON,CA,K1G3W1
B894BA9,D4858BE,MUTANB MECHANICAL SYSTEMS LTD                                    ,UNION STATION WEST WING                                      ,4-3535 LAIRD ROAD                                            ,                                                             ,CA     ,MISSISSAUGA                        ,Canada                                                       ,ONTARIO                      ,L5L 5YL    ,MUTANB MECHANICAL SYSTEMS,MISSISSAUGA,ON,CA,L5L5YL
B894BA9,81D8AA1,MUTANB MECHANICAL SYSTEMS LTD                                    ,NEW CENTRAL PUBLIC SCHOOL                                    ,3535 LAIRD ROAD UNIT 4                                       ,                                                             ,CA     ,OAKVILLE                           ,CA                                                           ,ONTARIO                      ,L6K 0A7    ,MUTANB MECHANICAL SYSTEMS,OAKVILLE,ON,CA,L6K0A7
B894BA9,6B1A08A,MUTANB MECHANICAL SYSTEMS LTD                                    ,C/O THE ELGIN THEATRE PROJECT                                ,3535 LAIRD ROAD UNIT 4                                       ,                                                             ,CA     ,OAKVILLE                           ,Canada                                                       ,ONTARIO                      ,L6K 0A7    ,MUTANB MECHANICAL SYSTEMS,OAKVILLE,ON,CA,L6K0A7
3411382,8091A65,Mutanb Mechanical Systems Ltd.                                   ,"3535 Laird Road, Unit 4                                      ",                                                             ,                                                             ,CA     ,Mississauga                        ,Canada                                                       ,ON                           ,L5L 5Y7    ,MUTANB MECHANICAL SYSTEMS,MISSISSAUGA,ON,CA,L5L5Y7
4B215D3,B169E8D,MZ Pabt of Ttemzbottetuom & Umfte Tamawex - Hexufex              ,PO BOX 186                                                   ,                                                             ,                                                             ,CA     ,HALIFAX                            ,Canada                                                       ,NS                           ,B3J 2N2    ,MZ PABT OF TTEMZBOTTETUOM UMFTE TAMAWEX HEXUFEX,HALIFAX,NS,CA,B3J2N2
C4DC44B,D47EB9E,MZCC 54 c/o Bampexa Property Management                          ,PO Box 290                                                   ,                                                             ,                                                             ,CA     ,Kingston                           ,Canada                                                       ,ON                           ,K7L 4V8    ,MZCC 54 C O BAMPEXA PROPERTY MANAGEMENT,KINGSTON,ON,CA,K7L4V8
9306DBB,99F5F6B,MZCC - Ekatxay Campus                                            ,21 WOODLAWN RD                                               ,                                                             ,                                                             ,CA     ,DARTMOUTH                          ,Canada                                                       ,NS                           ,B2W 2R7    ,MZCC EKATXAY CAMPUS,DARTMOUTH,NS,CA,B2W2R7
3C1AF92,99F5F6B,MZCC - Evuetuom Campus                                           ,375 Pleasant Street                                          ,Unit 100                                                     ,                                                             ,CA     ,Dartmouth                          ,Canada                                                       ,NS                           ,B2Y 4N4    ,MZCC EVUETUOM CAMPUS,DARTMOUTH,NS,CA,B2Y4N4
C036A91,2641CFD,MZCC68 c/o                                                       ,711 Ontario St. Box 727                                      ,                                                             ,                                                             ,CA     ,Cobourg                            ,Canada                                                       ,ON                           ,K9A 4R5    ,MZCC68 C O,COBOURG,ON,CA,K9A4R5
4B20F93,02BFE9D,NACHXUMAZ COMTTECTOTZ LTD.                                       ,31 CRAIG STREET                                              ,                                                             ,                                                             ,CA     ,BRAMPTON                           ,CA                                                           ,ONTARIO                      ,L6Y 1J2    ,NACHXUMAZ COMTTECTOTZ,BRAMPTON,ON,CA,L6Y1J2
EBF8C62,F9231BD,Naepowvexa Holdings Limited c/o                                  ,6880 Financial Drive                                         ,                                                             ,                                                             ,CA     ,MISSISSAUGA                        ,Canada                                                       ,ON                           ,L5N 7Y5    ,NAEPOWVEXA HOLDINGS C O,MISSISSAUGA,ON,CA,L5N7Y5
71B9B11,2A64420,Namkaz 110 Quaamz Quey Aezt Ltd.                                 ,4711 YONGE ST                                                ,SUITE 1400                                                   ,                                                             ,CA     ,NORTH YORK                         ,Canada                                                       ,ON                           ,M2N 7E4    ,NAMKAZ 110 QUAAMZ QUEY AEZT,NORTH YORK,ON,CA,M2N7E4
71B9B11,3905F34,Namkaz 110 Quaamz Quey Aezt Ltd.                                 ,4711 YONGE ST                                                ,SUITE 1400                                                   ,                                                             ,CA     ,NORTH YORK                         ,Canada                                                       ,ON                           ,M2N 7E4    ,NAMKAZ 110 QUAAMZ QUEY AEZT,NORTH YORK,ON,CA,M2N7E4
AFB45DA,F1D7789,NAMKAZ GTE UMPUZTTUEX HOLDINGS INC                               ,4711 YONGE STREET SUITE 1400                                 ,                                                             ,                                                             ,CA     ,TORONTO                            ,Canada                                                       ,ONTARIO                      ,M2N 7E4    ,NAMKAZ GTE UMPUZTTUEX HOLDINGS,TORONTO,ON,CA,M2N7E4
23986F7,F1D7789,Namkaz Property Management Services Ltd.                         ,4711 YONGE ST                                                ,SUITE 1400                                                   ,                                                             ,CA     ,Toronto                            ,Canada                                                       ,ON                           ,M2N 7E4    ,NAMKAZ PROPERTY MANAGEMENT SERVICES,TORONTO,ON,CA,M2N7E4
23986F7,9147116,Namkaz Property Management Services Ltd.                         ,4711 YONGE ST                                                ,SUITE 1400                                                   ,                                                             ,CA     ,Toronto                            ,Canada                                                       ,ON                           ,M2N 6K8    ,NAMKAZ PROPERTY MANAGEMENT SERVICES,TORONTO,ON,CA,M2N6K8
2A55655,F1D7789,Namkaz Umuom Towat Inc.                                          ,4711 YONGE ST                                                ,SUITE 1400                                                   ,                                                             ,CA     ,TORONTO                            ,Canada                                                       ,ON                           ,M2N 7E4    ,NAMKAZ UMUOM TOWAT,TORONTO,ON,CA,M2N7E4
AC6CFCD,C82E464,NAPTTOMUC CANADA UXC                                             ,PO BOX 778                                                   ,                                                             ,                                                             ,US     ,MINNEAPOLIS                        ,United States                                                ,MINNESOTA                    ,55440      ,NAPTTOMUC CANADA UXC,MINNEAPOLIS,MINNESOTA,US,55440
92BE268,D0C7C08,Natcexfa Fenuxy Pamtex Centre                                    ,7606 VILLAGE CENTER PL                                       ,                                                             ,                                                             ,CA     ,GREELY                             ,Canada                                                       ,ON                           ,K4P 0C8    ,NATCEXFA FENUXY PAMTEX CENTRE,GREELY,ON,CA,K4P0C8
4A35794,40B8E09,Natcexfa Taexty Company Limited                                  ,130 ALBERT ST                                                ,SUITE 210                                                    ,                                                             ,CA     ,OTTAWA                             ,Canada                                                       ,ON                           ,K1P 5G4    ,NATCEXFA TAEXTY,OTTAWA,ON,CA,K1P5G4
1F3994E,746AA65,NATTO XOGUZTUCZ INC.                                             ,666 ST. MARTIN BLVD WEST                                     ,SUITE 100                                                    ,Attn Accounts Payable                                        ,CA     ,LAVAL                              ,Canada                                                       ,QUEBEC                       ,H7M 5G4    ,NATTO XOGUZTUCZ,LAVAL,QC,CA,H7M5G4
5E1ADCA,53FEE54,NATTOZTET PLUMBING LTD.                                          ,41 WINGES RD                                                 ,UNIT 11                                                      ,                                                             ,CA     ,WOODBRIDGE                         ,Canada                                                       ,ON                           ,L4L 6B4    ,NATTOZTET PLUMBING,WOODBRIDGE,ON,CA,L4L6B4
3FC31D6,BC824E3,Naxcot Reit Bettmatzhub c/o NcCot Management                     ,300-2550 12TH AVE                                            ,                                                             ,                                                             ,CA     ,REGINA                             ,Canada                                                       ,SK                           ,S4P 3X1    ,NAXCOT REIT BETTMATZHUB C O NCCOT MANAGEMENT,REGINA,SK,CA,S4P3X1
64F0920,461A3B2,NAXOCHA Division de Zumtte                                       ,3125 Boul St. Charles                                        ,                                                             ,                                                             ,CA     ,Kirkland                           ,Canada                                                       ,QC                           ,H9H 3B9    ,NAXOCHA DIVISION DE ZUMTTE,KIRKLAND,QC,CA,H9H3B9
99646E8,0D8AF02,NC VAMTUXETUOM                                                   ,650 NOTRE-DAME WEST                                          ,                                                             ,                                                             ,CA     ,MONTREAL                           ,Canada                                                       ,QC                           ,H3C 1J2    ,NC VAMTUXETUOM,MONTREAL,QC,CA,H3C1J2
349F211,0FEFCAC,NCC 55                                                           ,9-133 Hwy 60                                                 ,                                                             ,                                                             ,CA     ,Huntsville                         ,Canada                                                       ,ON                           ,P1H 1C2    ,NCC 55,HUNTSVILLE,ON,CA,P1H1C2
F575902,35E6DAC,NcEzbhext Industries Ltd.                                        ,148 Bentley Ave                                              ,                                                             ,                                                             ,CA     ,Nepean                             ,Canada                                                       ,ON                           ,K2C 6T9    ,NCEZBHEXT INDUSTRIES,NEPEAN,ON,CA,K2C6T9
0A99975,9B822B1,NCGETTAXX TATUTANAMT FACILITY                                    ,ZZZMOVED TO A315746   355 MCGARRELL DR                       ,                                                             ,                                                             ,CA     ,LONDON                             ,Canada                                                       ,ONTARIO                      ,N6G 0B1    ,NCGETTAXX TATUTANAMT FACILITY,LONDON,ON,CA,N6G0B1
4769D94,F25986D,NCGUXX UNIVERSITY                                                ,FACILITIES MANAGEMENT - ACCOUNTS PAYABLE                     ,"1010 SHERBROOKE STREET WEST, 11TH FLOOR                      ",                                                             ,CA     ,MONTREAL                           ,Canada                                                       ,QUEBEC                       ,H3A 2R7    ,NCGUXX UNIVERSITY,MONTREAL,QC,CA,H3A2R7
F7D8384,8676F36,NcMeutm Beckegumg                                                ,125 Consumers Drive                                          ,                                                             ,                                                             ,CA     ,Whitby                             ,Canada                                                       ,ON                           ,L1N 1C4    ,NCMEUTM BECKEGUMG,WHITBY,ON,CA,L1N1C4
F7D8384,2CDD672,NcMeutm Beckegumg                                                ,125 Consumers Drive                                          ,                                                             ,                                                             ,CA     ,Whitby                             ,Canada                                                       ,ON                           ,L1N 1C4    ,NCMEUTM BECKEGUMG,WHITBY,ON,CA,L1N1C4
9773B81,F1D7789,NCPOMEXP'Z TAZTEUTEMTZ OF CEM                                    ,1 MCDONALDS PL                                               ,                                                             ,                                                             ,CA     ,TORONTO                            ,Canada                                                       ,ONTARIO                      ,M3C 3L4    ,NCPOMEXPZ TAZTEUTEMTZ OF CEM,TORONTO,ON,CA,M3C3L4
6A926FA,39F38A2,Nebxa Ttaet Corporation (The)                                    ,1150 RUE ARTHUR-DANIS                                        ,                                                             ,                                                             ,CA     ,GRANBY                             ,Canada                                                       ,QC                           ,J2J 0T3    ,NEBXA TTAET THE,GRANBY,QC,CA,J2J0T3
2598A66,81D8DA3,NEBXA XAEF FOOPZ INC.                                            ,6985 FINANCIAL DRIVE                                         ,                                                             ,                                                             ,CA     ,MISSISSAUGA                        ,Canada                                                       ,ONTARIO                      ,L5N 0A1    ,NEBXA XAEF FOOPZ,MISSISSAUGA,ON,CA,L5N0A1
D220295,8ED1B78,NEBXA XAEF FOOPZ INC.                                            ,6985 FINANCIAL DRIVE                                         ,Att Accounts Payable                                         ,                                                             ,CA     ,MISSISSAUGA                        ,Canada                                                       ,ONTARIO                      ,L5N 0A1    ,NEBXA XAEF FOOPZ,MISSISSAUGA,ON,CA,L5N0A1
63B6B60,1CC232D,NEBXATUPGA MECHANICAL INC                                        ,EEC NOTRE DAME DE JEUNESSE                                   ,71 RITCHIE AVE                                               ,                                                             ,CA     ,AJAX                               ,Canada                                                       ,ON                           ,L1S 6S5    ,NEBXATUPGA MECHANICAL,AJAX,ON,CA,L1S6S5
63B6B60,DD0BE5D,NEBXATUPGA MECHANICAL INC                                        ,Unnamed Gertrude                                             ,460 Wilson Road South                                        ,                                                             ,CA     ,Oshawa                             ,Canada                                                       ,ONTARIO                      ,L1H 6C9    ,NEBXATUPGA MECHANICAL,OSHAWA,ON,CA,L1H6C9
63B6B60,F57108C,NEBXATUPGA MECHANICAL INC                                        ,C/O OSHAWA ARMOURY                                           ,53 SIMCOE ST N                                               ,                                                             ,CA     ,OSHAWA                             ,Canada                                                       ,ONTARIO                      ,L1G 4R9    ,NEBXATUPGA MECHANICAL,OSHAWA,ON,CA,L1G4R9
63B6B60,5FF74F6,NEBXATUPGA MECHANICAL INC                                        ,939 DILLINGHAM RD                                            ,                                                             ,                                                             ,CA     ,PICKERING                          ,Canada                                                       ,ON                           ,L1W 1Z7    ,NEBXATUPGA MECHANICAL,PICKERING,ON,CA,L1W1Z7
6178CDF,9BA5DB4,Nécemuqua BCU                                                    ,95 Boul De La Technologie                                    ,Local 113                                                    ,                                                             ,CA     ,Gatineau                           ,Canada                                                       ,QC                           ,J8Z 3G4    ,NECEMUQUA BCU,GATINEAU,QC,CA,J8Z3G4
8FEF6F1,1582804,NEGUCEX BAZT COMTTOX                                             ,75 A WILDCAT DRIVE                                           ,                                                             ,                                                             ,CA     ,NORTH YORK                         ,Canada                                                       ,ONTARIO                      ,M3J 2N6    ,NEGUCEX BAZT COMTTOX,NORTH YORK,ON,CA,M3J2N6
E37BC34,BC824E3,Nejaztuc Eut Inc.                                                ,1431 CORNWALL ST                                             ,                                                             ,                                                             ,CA     ,REGINA                             ,Canada                                                       ,SK                           ,S4R 2H8    ,NEJAZTUC EUT,REGINA,SK,CA,S4R2H8
7D17993,81D8DA3,NEJOT EUT SYSTEMS LTD                                            ,UNIVERSAL CONDO & THE REC CENTRE                             ,335 RATHBURN ROAD W                                          ,                                                             ,CA     ,MISSISSAUGA                        ,Canada                                                       ,ONTARIO                      ,L5B 0C8    ,NEJOT EUT SYSTEMS,MISSISSAUGA,ON,CA,L5B0C8
7D17993,1C5750F,NEJOT EUT SYSTEMS LTD                                            ,20 MURAL ST                                                  ,UNIT 1B                                                      ,                                                             ,CA     ,RICHMOND HILL                      ,Canada                                                       ,ON                           ,L4B 1K3    ,NEJOT EUT SYSTEMS,RICHMOND HILL,ON,CA,L4B1K3
CBA518F,BC824E3,Netquetpt Mechanical UXC                                         ,3200 12th Avenue                                             ,                                                             ,                                                             ,CA     ,Regina                             ,Canada                                                       ,SK                           ,S4T 1J9    ,NETQUETPT MECHANICAL UXC,REGINA,SK,CA,S4T1J9
348E1D7,ECEB307,Nettum Btowat of Canada Co.                                      ,525 Deerhurst Drive                                          ,                                                             ,                                                             ,CA     ,Brampton                           ,Canada                                                       ,ON                           ,L6T 5K3    ,NETTUM BTOWAT OF CANADA,BRAMPTON,ON,CA,L6T5K3
09A20E3,BC824E3,Nettux Solutions                                                 ,2333-6th Avenue                                              ,                                                             ,                                                             ,CA     ,Regina                             ,Canada                                                       ,SK                           ,S4R 1B4    ,NETTUX SOLUTIONS,REGINA,SK,CA,S4R1B4
088F479,26B0190,NEZAM MECHANICAL INC                                             ,MCFARLANE PS                                                 ,                                                             ,300 GARDEN ST                                                ,CA     ,WHITBY                             ,Canada                                                       ,ONTARIO                      ,L1N 3W4    ,NEZAM MECHANICAL,WHITBY,ON,CA,L1N3W4
D63E2AD,F1D7789,NJ (4960 Yomga) LP                                               ,812 LAWRENCE AVE W                                           ,                                                             ,                                                             ,CA     ,TORONTO                            ,Canada                                                       ,ON                           ,M6A 0B5    ,NJ 4960 YOMGA,TORONTO,ON,CA,M6A0B5
7212DF1,F971689,NJZ Mechanical                                                   ,2401 144 AVE NE                                              ,                                                             ,                                                             ,CA     ,CALGARY                            ,Canada                                                       ,AB                           ,T3P 0T3    ,NJZ MECHANICAL,CALGARY,AB,CA,T3P0T3
FB74624,CB3B79C,NOPATM MUEGETE BUILDING SERVICES                                 ,A DIVISION OF MODERN NIAGARA TORONTO INC                     ,695 FLINT ROAD                                               ,                                                             ,CA     ,TORONTO                            ,Canada                                                       ,ONTARIO                      ,M3J 2T7    ,NOPATM MUEGETE BUILDING SERVICES,TORONTO,ON,CA,M3J2T7
84FB2C1,08F5E87,NOPATM MUEGETE BUILDING SERVICES INC.                            ,TIME SQUARE                                                  ,47 CLARENCE ST                                               ,                                                             ,CA     ,OTTAWA                             ,Canada                                                       ,ONTARIO                      ,K1N 9K1    ,NOPATM MUEGETE BUILDING SERVICES,OTTAWA,ON,CA,K1N9K1
A8C0B93,,Nopatm Muegete Building Services - Kumgztom                      ,                                                             ,                                                             ,                                                             ,       ,                                   ,                                                             ,                             ,           ,NOPATM MUEGETE BUILDING SERVICES KUMGZTOM,,,,
0B113B8,5A3B33D,NOPATM MUEGETE TORONTO INC                                       ,ZZZ DO NOT USE - 695 FLINT RD                                ,                                                             ,                                                             ,CA     ,TORONTO                            ,Canada                                                       ,ON                           ,M3J 2T7    ,NOPATM MUEGETE TORONTO,TORONTO,ON,CA,M3J2T7
0B113B8,DD764A0,NOPATM MUEGETE TORONTO INC                                       ,8125 HIGHWAY 50                                              ,                                                             ,                                                             ,CA     ,VAUGHAN                            ,CA                                                           ,ON                           ,L4H 4S6    ,NOPATM MUEGETE TORONTO,VAUGHAN,ON,CA,L4H4S6
E848E25,F971689,Notguetp Corporation                                             ,1400-505 3rd St SW                                           ,                                                             ,                                                             ,CA     ,Calgary                            ,Canada                                                       ,ALBERTA                      ,T2P 3E6    ,NOTGUETP,CALGARY,AB,CA,T2P3E6
081F2AD,8091A65,Notguetp MET Canada X.B.                                         ,"55 City Centre Drive, Suite 1000                             ",                                                             ,                                                             ,CA     ,Mississauga                        ,Canada                                                       ,ON                           ,L5B 1M3    ,NOTGUETP MET CANADA X B,MISSISSAUGA,ON,CA,L5B1M3
46A8F4A,5594F98,NOTGUETP REIT                                                    ,C/O MORGUARD                                                 ,1400-505 3 ST SW                                             ,                                                             ,CA     ,CALGARY                            ,Canada                                                       ,AB                           ,T2P 3E6    ,NOTGUETP REIT,CALGARY,AB,CA,T2P3E6
5E049BF,5594F98,Notguetp REIT                                                    ,1400-505 3 ST SW                                             ,                                                             ,                                                             ,CA     ,CALGARY                            ,Canada                                                       ,AB                           ,T2P 3E6    ,NOTGUETP REIT,CALGARY,AB,CA,T2P3E6
8BC8E19,53FEE54,NOTUOM MECHANICAL COMT INC.                                      ,HIGHGATE P.S.                                                ,80 ROYSUN RD UNIT #2                                         ,                                                             ,CA     ,WOODBRIDGE                         ,Canada                                                       ,ONTARIO                      ,L4L 8L8    ,NOTUOM MECHANICAL COMT,WOODBRIDGE,ON,CA,L4L8L8
CE6484C,F1D7789,Noumt Pevuzvuxxa Properties Inc                                  ,108-250 Davisville Avenue                                    ,                                                             ,                                                             ,CA     ,Toronto                            ,Canada                                                       ,ON                           ,M4S 1H2    ,NOUMT PEVUZVUXXA PROPERTIES,TORONTO,ON,CA,M4S1H2
EDF60CF,F1D7789,Noxua'z Gtuxx & Bet                                              ,70 University Ave                                            ,                                                             ,                                                             ,CA     ,Toronto                            ,Canada                                                       ,ON                           ,M5J 2M4    ,NOXUAZ GTUXX BET,TORONTO,ON,CA,M5J2M4
B7829A7,46D8581,NTCC 1063                                                        ,1 Palace Pier Crt                                            ,                                                             ,                                                             ,CA     ,Etobicoke                          ,Canada                                                       ,ON                           ,M8V 3W9    ,NTCC 1063,ETOBICOKE,ON,CA,M8V3W9
62F35FD,F1D7789,NTCC 1132  c/o                                                   ,3196 A Yonge Street                                          ,                                                             ,                                                             ,CA     ,Toronto                            ,Canada                                                       ,ON                           ,M4N 2L1    ,NTCC 1132 C O,TORONTO,ON,CA,M4N2L1
3CB8DB6,F1D7789,NTCC 1346 C/O Zhaxtat Canadian Properties Ltd.                   ,109 - 701 King St. West                                      ,                                                             ,                                                             ,CA     ,Toronto                            ,Canada                                                       ,ON                           ,M5V 2W7    ,NTCC 1346 C O ZHAXTAT CANADIAN PROPERTIES,TORONTO,ON,CA,M5V2W7
46E06AC,DCFC9B3,NTCC 549                                                         ,500-110 BLOOR ST W                                           ,C/O MANAGEMENT OFFICE                                        ,                                                             ,CA     ,TORONTO                            ,Canada                                                       ,ON                           ,M5S 2W7    ,NTCC 549,TORONTO,ON,CA,M5S2W7
70823B3,DCFC9B3,NTCC 670                                                         ,C/O GOLDVIEW PROPERTY MANAGEMENT                             ,51 TORO RD SUITE 200                                         ,                                                             ,CA     ,TORONTO                            ,Canada                                                       ,ONTARIO                      ,M3J 2A4    ,NTCC 670,TORONTO,ON,CA,M3J2A4
683491D,DCFC9B3,NTCC 693                                                         ,1331 BAY STREET                                              ,                                                             ,                                                             ,CA     ,TORONTO                            ,Canada                                                       ,ONTARIO                      ,M5R 2C4    ,NTCC 693,TORONTO,ON,CA,M5R2C4
8093B10,F1D7789,NTCC 708                                                         ,900 YONGE ST                                                 ,                                                             ,                                                             ,CA     ,TORONTO                            ,Canada                                                       ,ON                           ,M4W 3P5    ,NTCC 708,TORONTO,ON,CA,M4W3P5
2BCB4AD,DCFC9B3,NTCC 710                                                         ,C/O GOLDVIEW PROPERTY MGMT LTD                               ,51 TORO RD SUITE 200                                         ,                                                             ,CA     ,TORONTO                            ,Canada                                                       ,ONTARIO                      ,M3J 2A4    ,NTCC 710,TORONTO,ON,CA,M3J2A4
8B3B117,F1D7789,NTCC 794                                                         ,3196A Yonge Street                                           ,                                                             ,                                                             ,CA     ,Toronto                            ,Canada                                                       ,ON                           ,M4N 2L1    ,NTCC 794,TORONTO,ON,CA,M4N2L1
11F1118,62B33BD,NTCC 863                                                         ,39 Kimbercroft Crescent                                      ,                                                             ,                                                             ,CA     ,Scarborough                        ,Canada                                                       ,ON                           ,M1S 4V6    ,NTCC 863,SCARBOROUGH,ON,CA,M1S4V6
5E4DE50,F1D7789,NTCC 868                                                         ,2470 Eglinton Avenue West                                    ,                                                             ,                                                             ,CA     ,Toronto                            ,Canada                                                       ,ON                           ,M6M 5E7    ,NTCC 868,TORONTO,ON,CA,M6M5E7
5E4DE50,DCFC9B3,NTCC 868                                                         ,2470 Eglinton Ave.                                           ,                                                             ,                                                             ,CA     ,Toronto                            ,Canada                                                       ,ON                           ,           ,NTCC 868,TORONTO,ON,CA,
0A6B6DE,F1D7789,NTCC 997  c/o                                                    ,3196 A Yonge Street                                          ,                                                             ,                                                             ,CA     ,Toronto                            ,Canada                                                       ,ON                           ,M4N 2L1    ,NTCC 997 C O,TORONTO,ON,CA,M4N2L1
C7B7444,99F5F6B,Nuc Nec Nexx Limited Bettmatzhub                                 ,21 MICMAC BLVD                                               ,                                                             ,                                                             ,CA     ,DARTMOUTH                          ,Canada                                                       ,NS                           ,B3A 4N3    ,NUC NEC NEXX BETTMATZHUB,DARTMOUTH,NS,CA,B3A4N3
6298F66,C8A8DCD,NUMTO EBETTNAMT LIMITED BETTMATZHUB                              ,220 4TH AVENUE SW                                            ,                                                             ,                                                             ,CA     ,CALGARY                            ,Canada                                                       ,AB                           ,T2P 0H7    ,NUMTO EBETTNAMT BETTMATZHUB,CALGARY,AB,CA,T2P0H7
AC355A4,A6D3B9F,NUMTO EBETTNAMT LIMITED BETTMATZHUB                              ,HURON                                                        ,1339 MEADOWLANDS DR E                                        ,                                                             ,CA     ,OTTAWA                             ,Canada                                                       ,ON                           ,K2E 7B4    ,NUMTO EBETTNAMT BETTMATZHUB,OTTAWA,ON,CA,K2E7B4
AC355A4,1658E23,NUMTO EBETTNAMT LIMITED BETTMATZHUB                              ,SKYLINE MAISONETTES - 56                                     ,56 NORTHVIEW RD                                              ,                                                             ,CA     ,Ottawa                             ,Canada                                                       ,ON                           ,K2E 5Z7    ,NUMTO EBETTNAMT BETTMATZHUB,OTTAWA,ON,CA,K2E5Z7
FA1BC37,BB8B2D5,Numucubexuté St-Chtyzoztona                                      ,"624, rue Notre-Dame                                          ",                                                             ,                                                             ,CA     ,St-Chrysotome                      ,Canada                                                       ,QC                           ,J0S 1R0    ,NUMUCUBEXUTE ST CHTYZOZTONA,ST-CHRYSOTOME,QC,CA,J0S1R0
FB8B0F8,6634AF3,NUMUCUBEXUTY OF CHETHEN-KAMT                                     ,CHATHAM CIVIC CENTRE                                         ,315 KING ST                                                  ,                                                             ,CA     ,CHATHAM                            ,Canada                                                       ,ONTARIO                      ,N7M 5K8    ,NUMUCUBEXUTY OF CHETHEN KAMT,CHATHAM,ON,CA,N7M5K8
64CF549,AF1F7A3,Numutaneup Company/Feutxufa                                      ,781 Lansdowne St W                                           ,BUILDING 3                                                   ,                                                             ,CA     ,Peterborough                       ,Canada                                                       ,ON                           ,K9J 1Z2    ,NUMUTANEUP FEUTXUFA,PETERBOROUGH,ON,CA,K9J1Z2
CDCEE14,9B822B1,NUMUZTTY OF COTTACTUOMEX ZVCZ                                    ,ELGIN MIDDLESEX DETENTION CTR                                ,711 EXETER RD                                                ,                                                             ,CA     ,LONDON                             ,Canada                                                       ,ON                           ,N6E 1L3    ,NUMUZTTY OF COTTACTUOMEX ZVCZ,LONDON,ON,CA,N6E1L3
89C9E38,FB25BFD,NUPTOWM-YOMGA PROPERTIES LP                                      ,C/O COLLIERS INTERNATIONAL (REMS)                            ,NXS# V0021346 - e6026                                        ,181 BAY STREET - SUITE 1400                                  ,CA     ,TORONTO                            ,Canada                                                       ,ONTARIO                      ,M5J 2V1    ,NUPTOWM YOMGA PROPERTIES,TORONTO,ON,CA,M5J2V1
D68B8E3,9301535,NUTENUCHU XOPGA                                                  ,725 PEMBROKE ST W                                            ,                                                             ,                                                             ,CA     ,PEMBROKE                           ,Canada                                                       ,ONTARIO                      ,K8A 8S6    ,NUTENUCHU XOPGA,PEMBROKE,ON,CA,K8A8S6
7538B88,C7545B4,NUTTOT Move Zcotue                                               ,PO BOX 209                                                   ,600 OTTER LAKE DRIVE                                         ,                                                             ,CA     ,LAKESIDE                           ,Canada                                                       ,NS                           ,B3T 1M6    ,NUTTOT MOVE ZCOTUE,LAKESIDE,NS,CA,B3T1M6
2787991,06CAA5C,NUTUEX MECHANICAL                                                ,ST MARYS CHURCH                                              ,40 RUSSELL STREET EAST                                       ,                                                             ,CA     ,LINDSAY                            ,Canada                                                       ,ONTARIO                      ,K9V 2A4    ,NUTUEX MECHANICAL,LINDSAY,ON,CA,K9V2A4
2E93465,8091A65,NUXTUTACH TTEPAZ CORP                                            ,2025 MEADOWVALE BLVD UNIT 2                                  ,                                                             ,                                                             ,CA     ,MISSISSAUGA                        ,Canada                                                       ,ON                           ,L5N 5N1    ,NUXTUTACH TTEPAZ,MISSISSAUGA,ON,CA,L5N5N1
39B647F,5F6B772,Nuxxammuun Umvaztnamt Corporation c/o Powmumg Street             ,"668 Millway Ave, Unit #7                                     ",                                                             ,                                                             ,CA     ,Vaughan                            ,Canada                                                       ,ON                           ,L4K 3V2    ,NUXXAMMUUN UMVAZTNAMT C O POWMUMG STREET,VAUGHAN,ON,CA,L4K3V2
4A6EE01,B169E8D,Nythoz Developments Limited -                                    ,"150 Solutions Drive, Suite 100                               ",                                                             ,                                                             ,CA     ,Halifax                            ,Canada                                                       ,NS                           ,B3S 0E5    ,NYTHOZ DEVELOPMENTS,HALIFAX,NS,CA,B3S0E5
030EFE6,8091A65,NZB MECHANICAL LTD                                               ,CENTRILOGIC DATA CENTRE                                      ,7445 TRANMERE DRIVE                                          ,                                                             ,CA     ,MISSISSAUGA                        ,Canada                                                       ,ONTARIO                      ,L5S 1L4    ,NZB MECHANICAL,MISSISSAUGA,ON,CA,L5S1L4
030EFE6,FCDE270,NZB MECHANICAL LTD                                               ,CENTRILOGIC                                                  ,55 YORK ST - 5TH FLOOR                                       ,                                                             ,CA     ,TORONTO                            ,Canada                                                       ,ONTARIO                      ,M5J 1R7    ,NZB MECHANICAL,TORONTO,ON,CA,M5J1R7
B90E59C,2A64420,Obatetumg Amgumaatz                                              ,2020 Don Mills Road                                          ,                                                             ,                                                             ,CA     ,North York                         ,Canada                                                       ,ON                           ,M3A 3R6    ,OBATETUMG AMGUMAATZ,NORTH YORK,ON,CA,M3A3R6
0BD52F0,A6CF8E6,Obtunun Mechanical Solutions Inc.                                ,201 Rideau Street                                            ,                                                             ,                                                             ,CA     ,OTTAWA                             ,Canada                                                       ,ON                           ,K1N 5X8    ,OBTUNUN MECHANICAL SOLUTIONS,OTTAWA,ON,CA,K1N5X8
4505DFA,40B8E09,OCXCC 723 c/o                                                    ,434 Queen St                                                 ,                                                             ,                                                             ,CA     ,Ottawa                             ,Canada                                                       ,ON                           ,K1R 7V7    ,OCXCC 723 C O,OTTAWA,ON,CA,K1R7V7
B64B482,34A1B86,OCZCC 651                                                        ,C/O CONDOMINIUM MANAGEMENT GROUP                             ,434 QUEEN STREET                                             ,                                                             ,CA     ,OTTAWA                             ,Canada                                                       ,ONTARIO                      ,K1R 7V7    ,OCZCC 651,OTTAWA,ON,CA,K1R7V7
7EFF941,FE68C09,OCZCC 678                                                        ,CONDOMINIUM MGT GROUP                                        ,434 QUEEN STREET                                             ,                                                             ,CA     ,OTTAWA                             ,Canada                                                       ,ONTARIO                      ,K1R 7V7    ,OCZCC 678,OTTAWA,ON,CA,K1R7V7
9E31372,40B8E09,OCZCC 710                                                        ,C/O AXIA PROPERTY MANAGEMENT                                 ,200-1283 ALGOMA RD                                           ,                                                             ,CA     ,OTTAWA                             ,Canada                                                       ,ONTARIO                      ,K1B 3W7    ,OCZCC 710,OTTAWA,ON,CA,K1B3W7
9E31372,FE68C09,OCZCC 710                                                        ,C/O AXIA PROPERTY MANAGEMENT                                 ,200-1283 ALGOMA RD                                           ,                                                             ,CA     ,OTTAWA                             ,Canada                                                       ,ONTARIO                      ,K1B 3W7    ,OCZCC 710,OTTAWA,ON,CA,K1B3W7
3187691,40B8E09,OCZCC #780                                                       ,C/O CONDOMIUIUM MANAGEMENT GROUP                             ,434 QUEEN ST                                                 ,                                                             ,CA     ,OTTAWA                             ,Canada                                                       ,ONTARIO                      ,K1R 7V7    ,OCZCC 780,OTTAWA,ON,CA,K1R7V7
777494D,40B8E09,OCZCC 840 c/o CNG                                                ,434 Queen Street                                             ,                                                             ,                                                             ,CA     ,Ottawa                             ,Canada                                                       ,ON                           ,K1R 7V7    ,OCZCC 840 C O CNG,OTTAWA,ON,CA,K1R7V7
37A34F3,40B8E09,OCZCC 868                                                        ,150 KATIMAVIK RD                                             ,SUITE 213                                                    ,                                                             ,CA     ,KANATA                             ,Canada                                                       ,ON                           ,K2L 2N2    ,OCZCC 868,KANATA,ON,CA,K2L2N2
3B9C799,FE68C09,OCZCC 971                                                        ,CONDOMINIUM MGT GROUP                                        ,434 QUEEN ST                                                 ,                                                             ,CA     ,OTTAWA                             ,Canada                                                       ,ONTARIO                      ,K1R 7V7    ,OCZCC 971,OTTAWA,ON,CA,K1R7V7
3146E5A,EF423A0,OCZCC 993                                                        ,CONDOMINIUM MGT GROUP                                        ,434 QUEEN STREET                                             ,                                                             ,CA     ,OTTAWA                             ,Canada                                                       ,ONTARIO                      ,K1R 7V7    ,OCZCC 993,OTTAWA,ON,CA,K1R7V7
89F3F24,B7D867A,Oek Tatteca Xomg Tatn Ceta                                       ,291 Mississuaga St. W                                        ,                                                             ,                                                             ,CA     ,Orillia                            ,Canada                                                       ,ON                           ,L3V 3B9    ,OEK TATTECA XOMG TATN CETA,ORILLIA,ON,CA,L3V3B9
F844405,D40B48E,OEK XAEF COMFACTUOMZ CO.                                         ,ATTN: ACCOUNTS PAYABLE                                       ,440 COMSTOCK RD                                              ,                                                             ,CA     ,SCARBOROUGH                        ,Canada                                                       ,ONTARIO                      ,M1L 2H6    ,OEK XAEF COMFACTUOMZ,SCARBOROUGH,ON,CA,M1L2H6
49A3B0B,FA73E99,OEKWOOP TATTECA                                                  ,10 MOUNT HOPE AVENUE                                         ,                                                             ,                                                             ,CA     ,DARTMOUTH                          ,Canada                                                       ,NOVA SCOTIA                  ,B2Y 3K1    ,OEKWOOP TATTECA,DARTMOUTH,NS,CA,B2Y3K1
5CCE844,A7FC11D,CORP OF THE TOWN OF NUPXEMP                                      ,NORTH SIMCOE SPORTS RECREATION CENTRE                        ,527 LEN SELF BOULEVARD                                       ,                                                             ,CA     ,MIDLAND                            ,Canada                                                       ,ONTARIO                      ,L4R 5N6    ,OF THE TOWN OF NUPXEMP,MIDLAND,ON,CA,L4R5N6
2F5A183,8091A65,OMA CITY CENTRE PROPERTY INC                                     ,300-1 City Centre Drive; Suite 300                           ,                                                             ,                                                             ,CA     ,Mississauga                        ,Canada                                                       ,ON                           ,L5B 1M2    ,OMA CITY CENTRE PROPERTY,MISSISSAUGA,ON,CA,L5B1M2
C8269D9,F1D7789,Oma Yotk Street Inc.                                             ,4711 Yonge Street                                            ,Suite 1400                                                   ,                                                             ,CA     ,Toronto                            ,Canada                                                       ,ON                           ,M2N 7E4    ,OMA YOTK STREET,TORONTO,ON,CA,M2N7E4
DC85AFF,ECEB307,OMYX MECHANICAL                                                  ,JOB: PAN AM GAMES ATHLETIC STADIUM                           ,214 WILKINSON ROAD                                           ,                                                             ,CA     ,BRAMPTON                           ,Canada                                                       ,ONTARIO                      ,L6T 4M4    ,OMYX MECHANICAL,BRAMPTON,ON,CA,L6T4M4
DC85AFF,9E22253,OMYX MECHANICAL                                                  ,214 WILKINSON RD                                             ,                                                             ,                                                             ,CA     ,BRAMPTON                           ,Canada                                                       ,ONTARIO                      ,L6T 4M4    ,OMYX MECHANICAL,BRAMPTON,ON,CA,L6T4M4
B6A3A43,ECEB307,Omyx Mechanical                                                  ,214 Wilkinson Road                                           ,                                                             ,                                                             ,CA     ,Brampton                           ,Canada                                                       ,ON                           ,L6T 4M4    ,OMYX MECHANICAL,BRAMPTON,ON,CA,L6T4M4
B06C087,F1D7789,OTCE 12 Neum                                                      ,28 Norwood Road                                              ,                                                             ,                                                             ,CA     ,Toronto                            ,Canada                                                       ,ON                           ,M4E 2S2    ,OTCE 12 NEUM,TORONTO,ON,CA,M4E2S2
7CBEA1C,7C2E9A7,OVATWEUTAE FOOP GROUP                                            ,SAVE ON FOODS #990                                           ,333 BROOKSBANK AVE.                                          ,                                                             ,CA     ,NORTH VANCOUVER                    ,Canada                                                       ,BRITISH COLUMBIA             ,V7J 3S8    ,OVATWEUTAE FOOP GROUP,NORTH VANCOUVER,BC,CA,V7J3S8
7CBEA1C,1A318EF,OVATWEUTAE FOOP GROUP                                            ,PRICESMART # 2256                                            ,2880 BENTALL STREET                                          ,                                                             ,CA     ,VANCOUVER                          ,Canada                                                       ,BRITISH COLUMBIA             ,V4M 4H4    ,OVATWEUTAE FOOP GROUP,VANCOUVER,BC,CA,V4M4H4
CF2A6A6,65C7848,Owam Zoump Ttemzbottetuom Company (OZTC)                         ,1415 1st Avenue West                                         ,Suite 3000                                                   ,                                                             ,CA     ,Owen Sound                         ,Canada                                                       ,ON                           ,N4K 4K8    ,OWAM ZOUMP TTEMZBOTTETUOM OZTC,OWEN SOUND,ON,CA,N4K4K8
5EA4AC3,F1D7789,OWM HOUZUMG COOBATETUVA                                          ,115 THE ESPLANADE                                            ,                                                             ,                                                             ,CA     ,TORONTO                            ,Canada                                                       ,ONTARIO                      ,M5E 1Y7    ,OWM HOUZUMG COOBATETUVA,TORONTO,ON,CA,M5E1Y7
FAD6BD9,8654E61,OXFOTP PROPERTIES GROUP                                          ,ATTN: AP2253 - METRO CENTRE                                  ,P.O. BOX 129                                                 ,31 ADELAIDE STREET EAST                                      ,CA     ,TORONTO                            ,Canada                                                       ,ONTARIO                      ,M5C 2J1    ,OXFOTP PROPERTIES GROUP,TORONTO,ON,CA,M5C2J1
CA7FB8E,5C1C48D,OXFOTP PROPERTIES GROUP                                          ,RICHMOND ADELAIDE COMPLEX                                    ,ATTN AP2222                                                  ,PO BOX 129                                                   ,CA     ,TORONTO                            ,Canada                                                       ,ONTARIO                      ,M5C 2J1    ,OXFOTP PROPERTIES GROUP,TORONTO,ON,CA,M5C2J1
AA0541E,F1D7789,OXFOTP PROPERTIES GROUP                                          ,1100 RENE LEVESQUE O                                         ,PO  BOX 129                                                  ,31 ADELAIDE ST EAST                                          ,CA     ,TORONTO                            ,Canada                                                       ,ONTARIO                      ,M5C 2J1    ,OXFOTP PROPERTIES GROUP,TORONTO,ON,CA,M5C2J1
35B69D3,1DF87E3,OXFOTP PROPERTIES GROUP-TEC                                      ,ATTN: AP 2267 OCEANIC PLAZA                                  ,PO BOX 129                                                   ,31 ADELAIDE STREET EAST                                      ,CA     ,TORONTO                            ,Canada                                                       ,ONTARIO                      ,M5C 2J1    ,OXFOTP PROPERTIES GROUP TEC,TORONTO,ON,CA,M5C2J1
35B69D3,2BEEEF3,OXFOTP PROPERTIES GROUP-TEC                                      ,PO BOX 129                                                   ,31 ADELAIDE ST E                                             ,                                                             ,CA     ,TORONTO                            ,Canada                                                       ,ON                           ,M5C 2J1    ,OXFOTP PROPERTIES GROUP TEC,TORONTO,ON,CA,M5C2J1
6D25BB9,D3A069C,P. TEZCHUXXE PUXOM HOLDINGS                                      ,97 GREENOCK DR                                               ,                                                             ,                                                             ,CA     ,MAPLE                              ,Canada                                                       ,ON                           ,L6A 1P3    ,P TEZCHUXXE PUXOM HOLDINGS,MAPLE,ON,CA,L6A1P3
84D21D3,67C3DE2,P & Z NAET PRODUCTS LTD                                          ,220 CLEMENTS RD W UNIT 1                                     ,                                                             ,                                                             ,CA     ,AJAX                               ,Canada                                                       ,ON                           ,L1S 3K5    ,P Z NAET PRODUCTS,AJAX,ON,CA,L1S3K5
BD6952A,F1D7789,Paatfuaxp 13 GB Inc. (210 Paatfuaxp Tp)                           ,(Ontario) Ltd.                                               ,"1 York Street, Suite 1100                                    ",                                                             ,CA     ,Toronto                            ,Canada                                                       ,ON                           ,M5J 0B6    ,PAATFUAXP 13 GB 210 PAATFUAXP TP,TORONTO,ON,CA,M5J0B6
C91527B,A532B68,PAEM XEMA COMTTECTOTZ INC                                        ,AFFINITY CONDO - TOWER B                                     ,340 PLAINS RD E                                              ,                                                             ,CA     ,BURLINGTON                         ,Canada                                                       ,ONTARIO                      ,L7T 0C2    ,PAEM XEMA COMTTECTOTZ,BURLINGTON,ON,CA,L7T0C2
C91527B,42D0B44,PAEM XEMA COMTTECTOTZ INC                                        ,970 GUELPH ST                                                ,                                                             ,                                                             ,CA     ,KITCHENER                          ,CA                                                           ,ON                           ,N2H 5Z6    ,PAEM XEMA COMTTECTOTZ,KITCHENER,ON,CA,N2H5Z6
A749DA3,8091A65,Panemp Eut                                                       ,"7065 Pacific Circle, Unit 10                                 ",                                                             ,                                                             ,CA     ,Mississauga                        ,Canada                                                       ,ON                           ,L5T 2H4    ,PANEMP EUT,MISSISSAUGA,ON,CA,L5T2H4
ED02FEA,0E54BCC,PAX NOMTA CUZTON CXAEMATZ INC.                                   ,ACCOUNTS PAYABLE                                             ,1124 THE QUEENSWAY                                           ,                                                             ,CA     ,ETOBICOKE                          ,Canada                                                       ,ONTARIO                      ,M8Z 1P7    ,PAX NOMTA CUZTON CXAEMATZ,ETOBICOKE,ON,CA,M8Z1P7
4E7A139,D194740,PAX PROPERTY MANAGEMENT                                          ,255 VILLAGE GREEN SQ                                         ,                                                             ,                                                             ,CA     ,SCARBOROUGH                        ,Canada                                                       ,ON                           ,M1S 0L7    ,PAX PROPERTY MANAGEMENT,SCARBOROUGH,ON,CA,M1S0L7
FFFB857,31F1958,Pax Property Management  Inc.-                                   ,225 Village Green Square                                     ,                                                             ,                                                             ,CA     ,Scarborough                        ,Canada                                                       ,ON                           ,M1S 0N4    ,PAX PROPERTY MANAGEMENT,SCARBOROUGH,ON,CA,M1S0N4
C5EE45B,81D8DA3,PAX PROPERTY MANAGEMENT C/O BZCC # 1061                          ,5025 & 5033 FOUR SPRINGS AVENUE                              ,                                                             ,                                                             ,CA     ,MISSISSAUGA                        ,Canada                                                       ,ON                           ,L5R 0G5    ,PAX PROPERTY MANAGEMENT C O BZCC 1061,MISSISSAUGA,ON,CA,L5R0G5
A0585AE,6628C88,Paxtat Comztuctuom Ltd.                                          ,927 ROCKY LAKE DRIVE                                         ,PO BOX 48100 RPO MILL COVE                                   ,                                                             ,CA     ,BEDFORD                            ,Canada                                                       ,NS                           ,B4A 3Z2    ,PAXTAT COMZTUCTUOM,BEDFORD,NS,CA,B4A3Z2
D395A45,36058B2,PAXTATTE GROUP INC.                                              ,ST CATHARINES ARMOURY                                        ,81 LAKE ST                                                   ,                                                             ,CA     ,ST CATHARINES                      ,Canada                                                       ,ON                           ,L2R 5X3    ,PAXTATTE GROUP,SAINT CATHARINES,ON,CA,L2R5X3
AC726E4,215591A,PAXTE CEBXA CONNUMUCETUOMZ LTD.                                  ,LOST SANOR JUL/07 - 7198 VANTAGE WAY                         ,UNIT #124                                                    ,                                                             ,CA     ,DELTA                              ,Canada                                                       ,BRITISH COLUMBIA             ,V4G 1K7    ,PAXTE CEBXA CONNUMUCETUOMZ,DELTA,BC,CA,V4G1K7
EE39EFD,F1D7789,PEAX THATNEX GROUP INC                                           ,50 AIRVIEW RD UNIT 17                                        ,                                                             ,                                                             ,CA     ,TORONTO                            ,Canada                                                       ,ONTARIO                      ,M9W 4P2    ,PEAX THATNEX GROUP,TORONTO,ON,CA,M9W4P2
EE39EFD,7FB2547,PEAX THATNEX GROUP INC                                           ,50 AIRVIEW RD UNIT 17                                        ,                                                             ,                                                             ,CA     ,TORONTO                            ,Canada                                                       ,ONTARIO                      ,M9W 4P2    ,PEAX THATNEX GROUP,TORONTO,ON,CA,M9W4P2
57DEF42,F1D7789,Pem Tazupamca                                                    ,15 High Point Road                                           ,                                                             ,                                                             ,CA     ,Toronto                            ,Canada                                                       ,ON                           ,M3B 2A3    ,PEM TAZUPAMCA,TORONTO,ON,CA,M3B2A3
5BA8F8A,8AE273D,Pettnouth Camttex B&H Inc.                                       ,STATION MAIN                                                 ,PO BOX 332 STN MAIN                                          ,                                                             ,CA     ,EASTERN PASSAGE                    ,Canada                                                       ,NS                           ,B3G 1M6    ,PETTNOUTH CAMTTEX B H,EASTERN PASSAGE,NS,CA,B3G1M6
567367A,99F5F6B,Pettnouth Ctozzumg 14 Neztat LP                                   ,34 Logiealmond Close                                         ,                                                             ,                                                             ,CA     ,Dartmouth                          ,Canada                                                       ,NS                           ,B3B 0C8    ,PETTNOUTH CTOZZUMG 14 NEZTAT,DARTMOUTH,NS,CA,B3B0C8
50C557B,99F5F6B,PETTNOUTH YECHT CLUB                                             ,697 WINDMILL RD                                              ,                                                             ,                                                             ,CA     ,DARTMOUTH                          ,Canada                                                       ,NS                           ,B3B 1B7    ,PETTNOUTH YECHT CLUB,DARTMOUTH,NS,CA,B3B1B7
E3DB4AE,B169E8D,Pexay Btoz Plumbing & Haetumg Ltd                                ,146 OLD COACH RD                                             ,                                                             ,                                                             ,CA     ,HATCHET LAKE                       ,Canada                                                       ,NS                           ,B3T 1P6    ,PEXAY BTOZ PLUMBING HAETUMG,HATCHET LAKE,NS,CA,B3T1P6
964834B,8091A65,PGU SUPPLY / E POEXX CANADA INC                                  ,3600B LAIRD RD                                               ,UNIT 14                                                      ,                                                             ,CA     ,MISSISSAUGA                        ,Canada                                                       ,ON                           ,L5L 6A7    ,PGU SUPPLY E POEXX CANADA,MISSISSAUGA,ON,CA,L5L6A7
1CDEE50,C318444,PO MOT UZA - ZAA # E314114 NOPATM MUEGETE OTTAWA                 ,85 DENZIL DOYLE CRT                                          ,                                                             ,                                                             ,CA     ,KANATA                             ,Canada                                                       ,ONTARIO                      ,K2M 2G8    ,PO MOT UZA ZAA E314114 NOPATM MUEGETE OTTAWA,KANATA,ON,CA,K2M2G8
1CDEE50,EBD3028,PO MOT UZA - ZAA # E314114 NOPATM MUEGETE OTTAWA                 ,85 DENZIL DOYLE CRT                                          ,                                                             ,                                                             ,CA     ,KANATA                             ,Canada                                                       ,ONTARIO                      ,K2M 2G8    ,PO MOT UZA ZAA E314114 NOPATM MUEGETE OTTAWA,KANATA,ON,CA,K2M2G8
1CDEE50,2D38379,PO MOT UZA - ZAA # E314114 NOPATM MUEGETE OTTAWA                 ,95 DENZIL DOYLE COURT UNIT #3                                ,                                                             ,                                                             ,CA     ,OTTAWA                             ,Canada                                                       ,ONTARIO                      ,K2M 2G8    ,PO MOT UZA ZAA E314114 NOPATM MUEGETE OTTAWA,OTTAWA,ON,CA,K2M2G8
1CDEE50,40B8E09,PO MOT UZA - ZAA # E314114 NOPATM MUEGETE OTTAWA                 ,RIDEAU HALL GEOTHERMAL INSTALL                               ,1 SUSSEX DRIVE                                               ,                                                             ,CA     ,OTTAWA                             ,Canada                                                       ,ONTARIO                      ,K1A 0A1    ,PO MOT UZA ZAA E314114 NOPATM MUEGETE OTTAWA,OTTAWA,ON,CA,K1A0A1
9816AAE,8AE273D,Po Xobztat                                                       ,1319 Main Road                                               ,                                                             ,                                                             ,CA     ,Eastern Passage                    ,Canada                                                       ,NS                           ,B3G 1M4    ,PO XOBZTAT,EASTERN PASSAGE,NS,CA,B3G1M4
4DE9555,21FE704,POMUT TUNA                                                       ,35 ADESSO DRIVE                                              ,                                                             ,                                                             ,CA     ,CONCORD                            ,Canada                                                       ,ONTARIO                      ,L4K 3C7    ,POMUT TUNA,CONCORD,ON,CA,L4K3C7
3D9AB23,21FE704,Pomut Tuna                                                       ,280 RAYETTE RD                                               ,                                                             ,                                                             ,CA     ,CONCORD                            ,Canada                                                       ,ON                           ,L4K 2G5    ,POMUT TUNA,CONCORD,ON,CA,L4K2G5
9A6D224,F1D7789,Pon Xube                                                         ,52 Nelson                                                    ,                                                             ,                                                             ,CA     ,Toronto                            ,Canada                                                       ,ON                           ,M9C 1V7    ,PON XUBE,TORONTO,ON,CA,M9C1V7
126304F,DD9D4A5,Pougxez Plumbing and Haetumg                                     ,Box 42                                                       ,                                                             ,                                                             ,CA     ,Vibank                             ,Canada                                                       ,SK                           ,S0G 4Y0    ,POUGXEZ PLUMBING AND HAETUMG,VIBANK,SK,CA,S0G4Y0
872E2E8,8091A65,POWMZVUAW WOOPWOTK                                               ,2635 RENA ROAD                                               ,                                                             ,                                                             ,CA     ,MISSISSAUGA                        ,Canada                                                       ,ONTARIO                      ,L4T 1G6    ,POWMZVUAW WOOPWOTK,MISSISSAUGA,ON,CA,L4T1G6
57BF35F,2A64420,Powmzvuaw Xomg Tatn Ceta Centre                                  ,3595 Keele St                                                ,                                                             ,                                                             ,CA     ,North York                         ,Canada                                                       ,ON                           ,M3J 1M7    ,POWMZVUAW XOMG TATN CETA CENTRE,NORTH YORK,ON,CA,M3J1M7
A2B9C13,0D29378,PTAEN OFFICE LP                                                  ,6 ADELAIDE ST E                                              ,                                                             ,                                                             ,CA     ,TORONTO                            ,Canada                                                       ,ON                           ,M5C 1H6    ,PTAEN OFFICE,TORONTO,ON,CA,M5C1H6
DF781E3,544496A,PTAEN ZUNNUT UMPUZTTUEX (ONTARIO) LP                             ,1 CITY CENTRE DR SUITE 300                                   ,                                                             ,                                                             ,CA     ,MISSISSAUGA                        ,Canada                                                       ,ON                           ,L5B 1M2    ,PTAEN ZUNNUT UMPUZTTUEX ONTARIO,MISSISSAUGA,ON,CA,L5B1M2
C7AA625,6B225BF,Ptaen Zunnut Umpuzttuex (Ontario) LP c/o                         ,"110 Cochrane Drive , Suite 120                               ",                                                             ,                                                             ,CA     ,Markham                            ,Canada                                                       ,ON                           ,L3R 9S1    ,PTAEN ZUNNUT UMPUZTTUEX ONTARIO C O,MARKHAM,ON,CA,L3R9S1
E77D937,2A64420,PTAWTY PLACE                                                     ,33 DREWRY AVE                                                ,                                                             ,                                                             ,CA     ,TORONTO                            ,Canada                                                       ,ON                           ,M2M 4L2    ,PTAWTY PLACE,TORONTO,ON,CA,M2M4L2
D1D306B,91BF2B5,PTAWXO HOLDINGS INC                                              ,100 PLAINS ROAD WEST                                         ,                                                             ,                                                             ,CA     ,BURLINGTON                         ,Canada                                                       ,ONTARIO                      ,L7T 0A5    ,PTAWXO HOLDINGS,BURLINGTON,ON,CA,L7T0A5
C9B8BA2,25FAD05,PTEGO MECHANICAL SERVICE LTD                                     ,14 BRAM COURT                                                ,                                                             ,                                                             ,CA     ,BRAMTON                            ,Canada                                                       ,ONTARIO                      ,L6W 3R6    ,PTEGO MECHANICAL SERVICE,BRAMTON,ON,CA,L6W3R6
EE384FA,6560B60,Puenomp Mechanical Puzttubutotz Ltd.                             ,1236 Bluff Road                                              ,                                                             ,                                                             ,CA     ,Lockhartville                      ,Canada                                                       ,NS                           ,B0P 1P0    ,PUENOMP MECHANICAL PUZTTUBUTOTZ,LOCKHARTVILLE,NS,CA,B0P1P0
1B211B9,6CFAC0B,PUFFATUM-BAAX CETHOXUC DISTRICT SCHOOL BOETP                     ,St. Augustine SS                                             ,27 Drinkwater Rd.                                            ,                                                             ,CA     ,Brampton                           ,Canada                                                       ,ONTARIO                      ,L6Y 4T6    ,PUFFATUM BAAX CETHOXUC DISTRICT SCHOOL BOETP,BRAMPTON,ON,CA,L6Y4T6
1B211B9,DE403B0,PUFFATUM-BAAX CETHOXUC DISTRICT SCHOOL BOETP                     ,St. Basil                                                    ,4235 Golden Orchard Dr.                                      ,                                                             ,CA     ,Mississauga                        ,Canada                                                       ,ONTARIO                      ,L4W 3G1    ,PUFFATUM BAAX CETHOXUC DISTRICT SCHOOL BOETP,MISSISSAUGA,ON,CA,L4W3G1
1B211B9,D3041F4,PUFFATUM-BAAX CETHOXUC DISTRICT SCHOOL BOETP                     ,ST. VALENTINE SCHOOL                                         ,5610 HEATHERLEIGH AVE                                        ,                                                             ,CA     ,MISSISSAUGA                        ,Canada                                                       ,ON                           ,L5V 2V7    ,PUFFATUM BAAX CETHOXUC DISTRICT SCHOOL BOETP,MISSISSAUGA,ON,CA,L5V2V7
E806C8E,EEAADD6,PUMFOTP-XUZCUO (ONTARIO) INC                                     ,2 CARSON COURT                                               ,                                                             ,                                                             ,CA     ,BRAMPTON                           ,Canada                                                       ,ONTARIO                      ,L6T 4P8    ,PUMFOTP XUZCUO ONTARIO,BRAMPTON,ON,CA,L6T4P8
E806C8E,9E22253,PUMFOTP-XUZCUO (ONTARIO) INC                                     ,ATT: ACCOUNTS PAYABLE                                        ,2 CARSON CRT                                                 ,                                                             ,CA     ,BRAMPTON                           ,Canada                                                       ,ONTARIO                      ,L6T 4P8    ,PUMFOTP XUZCUO ONTARIO,BRAMPTON,ON,CA,L6T4P8
7E7D454,0A5ED63,PUMPAEX ZUNNAT 2021 COXXACT LP                                   ,366 BAY ST                                                   ,                                                             ,                                                             ,CA     ,TORONTO                            ,Canada                                                       ,ON                           ,M5H 4B2    ,PUMPAEX ZUNNAT 2021 COXXACT,TORONTO,ON,CA,M5H4B2
624F5E5,7D3917A,PUNECHAN INC.                                                    ,**Always Requires CoA with shipments.**                      ,3258 MARENTETTE AVE                                          ,                                                             ,CA     ,WINDSOR                            ,Canada                                                       ,ON                           ,N8X 4G4    ,PUNECHAN,WINDSOR,ON,CA,N8X4G4
F2B696C,F241991,Puthen Region Mom-Btofut Houzumg Corporation                     ,28A Albert Street                                            ,                                                             ,                                                             ,CA     ,Oshawa                             ,Canada                                                       ,ON                           ,L1H 8S5    ,PUTHEN REGION MOM BTOFUT HOUZUMG,OSHAWA,ON,CA,L1H8S5
F27961A,2D38379,PUZZEM-BUZY-BAA ZEMUTETY SUPPLIES                                ,5350 CANOTEK ROAD                                            ,UNIT 15                                                      ,                                                             ,CA     ,OTTAWA                             ,Canada                                                       ,ONTARIO                      ,K1J 9E1    ,PUZZEM BUZY BAA ZEMUTETY SUPPLIES,OTTAWA,ON,CA,K1J9E1
DDC67A1,C919BDB,PUZZEM - GXAMPOM & PEMOTTU QUEXUTY PRODUCTS LTD.                 ,205 MARGARET ST UNIT 11                                      ,                                                             ,                                                             ,CA     ,GRAVENHURST                        ,Canada                                                       ,ON                           ,P1P 1S7    ,PUZZEM GXAMPOM PEMOTTU QUEXUTY PRODUCTS,GRAVENHURST,ON,CA,P1P1S7
9A6DDE7,3B97236,PX SYSTEMS ZOXUTUOM INC                                          ,ZZZ DO NOT USE - MOVED ZZZ                                   ,21-1225 GORHAM ST                                            ,                                                             ,CA     ,NEWMARKET                          ,Canada                                                       ,ONTARIO                      ,L3Y 8Y4    ,PX SYSTEMS ZOXUTUOM,NEWMARKET,ON,CA,L3Y8Y4
4BCFFD9,48F9C14,PXB/Metbto                                                       ,10685 - 176th Street                                         ,                                                             ,                                                             ,CA     ,Edmonton                           ,Canada                                                       ,AB                           ,T5S 1G5    ,PXB METBTO,EDMONTON,AB,CA,T5S1G5
B1F4588,ECEB307,Q TAZ UV OBATETUMG LP                                            ,KENNEDY ESTATES                                              ,33 KENNEDY RD S                                              ,                                                             ,CA     ,BRAMPTON                           ,Canada                                                       ,ON                           ,L6W 3E5    ,Q TAZ UV OBATETUMG,BRAMPTON,ON,CA,L6W3E5
1DA14E4,91BF2B5,QB ZBOTT BUB & AETATY                                            ,4460 FAIRVIEW ST                                             ,                                                             ,                                                             ,CA     ,BURLINGTON                         ,Canada                                                       ,ON                           ,L7L 5P9    ,QB ZBOTT BUB AETATY,BURLINGTON,ON,CA,L7L5P9
9E544F1,8ED1B78,QCZZ 2010 INC.                                                   ,1800 COURTNEY PARK DRIVE EAST                                ,UNIT 1                                                       ,                                                             ,CA     ,MISSISSAUGA                        ,Canada                                                       ,ONTARIO                      ,M5T 1W1    ,QCZZ 2010,MISSISSAUGA,ON,CA,M5T1W1
6E42EAA,8D65B1B,Quexuty Comctata Ltd. - Nomctom                                  ,648 Edinburgh Dr                                             ,                                                             ,                                                             ,CA     ,Moncton                            ,Canada                                                       ,NB                           ,E1E 4C6    ,QUEXUTY COMCTATA NOMCTOM,MONCTON,NB,CA,E1E4C6
8C92084,BC824E3,Quexuty Construction Ltd.                                        ,123 Groome Cresent                                           ,                                                             ,                                                             ,CA     ,Regina                             ,Canada                                                       ,SK                           ,S4S 6S3    ,QUEXUTY CONSTRUCTION,REGINA,SK,CA,S4S6S3
47AB59D,28B9BA1,QUEXUTY MECHANICAL                                               ,CFB TRENTON-NEW MAINTENANCE HANGER                           ,26 N PERIMETER ROAD                                          ,                                                             ,CA     ,ASTRA                              ,Canada                                                       ,ONTARIO                      ,K0K 1B0    ,QUEXUTY MECHANICAL,ASTRA,ON,CA,K0K1B0
47AB59D,4E0D13A,QUEXUTY MECHANICAL                                               ,1806 CASEY RD RR 6                                           ,                                                             ,                                                             ,CA     ,BELLEVILLE                         ,Canada                                                       ,ONTARIO                      ,K8N 4Z6    ,QUEXUTY MECHANICAL,BELLEVILLE,ON,CA,K8N4Z6
B53B60B,EEAADD6,REGION OF BAAX                                                   ,7795 TORBRAM RD                                              ,                                                             ,                                                             ,CA     ,BRAMPTON                           ,Canada                                                       ,ON                           ,L6T 0B6    ,REGION OF BAAX,BRAMPTON,ON,CA,L6T0B6
470C08E,46D8581,St. Bamapuctz Church                                             ,2194 KIPLING AVE                                             ,                                                             ,                                                             ,CA     ,ETOBICOKE                          ,Canada                                                       ,ON                           ,M9W 4K9    ,ST BAMAPUCTZ CHURCH,ETOBICOKE,ON,CA,M9W4K9
B56FE8E,B16C2C8,St. Ftemcuz Xevuat University                                    ,PO Box 5000                                                  ,                                                             ,                                                             ,CA     ,Antigonish                         ,Canada                                                       ,NS                           ,B2G 2W5    ,ST FTEMCUZ XEVUAT UNIVERSITY,ANTIGONISH,NS,CA,B2G2W5
367694C,C9F7B86,ST. GAOTGA'Z SCHOOL                                              ,4175 W. 29TH AVE.                                            ,                                                             ,                                                             ,CA     ,VANCOUVER                          ,Canada                                                       ,BRITISH COLUMBIA             ,V6S 1V1    ,ST GAOTGAZ SCHOOL,VANCOUVER,BC,CA,V6S1V1
511564C,40B8E09,St. Jozabh'z Betuzh                                              ,174 Wilbrod Street                                           ,                                                             ,                                                             ,CA     ,Ottawa                             ,Canada                                                       ,ON                           ,K1N 6N8    ,ST JOZABHZ BETUZH,OTTAWA,ON,CA,K1N6N8
ED7687F,8091A65,St. Ztabham'z-Om-The-Huxx Umutap Church                          ,998 Indian Road                                              ,                                                             ,                                                             ,CA     ,Mississauga                        ,Canada                                                       ,ON                           ,L5H 1R5    ,ST ZTABHAMZ OM THE HUXX UMUTAP CHURCH,MISSISSAUGA,ON,CA,L5H1R5
B3DCBE4,B16C2C8,T.K. NecPomexp Mutzumg Hona                                      ,64 PLEASANT ST                                               ,                                                             ,                                                             ,CA     ,ANTIGONISH                         ,Canada                                                       ,NS                           ,B2G 1W7    ,T K NECPOMEXP MUTZUMG HONA,ANTIGONISH,NS,CA,B2G1W7
B7E77AB,BC824E3,Tabaxxuom Btawumg Co.                                            ,1901 DEWDNEY AVE                                             ,                                                             ,                                                             ,CA     ,REGINA                             ,Canada                                                       ,SK                           ,S4R 8R2    ,TABAXXUOM BTAWUMG,REGINA,SK,CA,S4R8R2
BC96BB8,151534A,Taex Estate 370                                                  ,40 REGENCY PARK DR                                           ,                                                             ,                                                             ,CA     ,HALIFAX                            ,Canada                                                       ,NS                           ,B3S 1L4    ,TAEX ESTATE 370,HALIFAX,NS,CA,B3S1L4
0F3D20C,F1D7789,TAGAMT PARK CONNUMUTY                                            ,HEALTH CENTRE                                                ,465 DUNDAS ST E                                              ,                                                             ,CA     ,TORONTO                            ,Canada                                                       ,ONTARIO                      ,M5A 2B2    ,TAGAMT PARK CONNUMUTY,TORONTO,ON,CA,M5A2B2
0F3D20C,DCFC9B3,TAGAMT PARK CONNUMUTY                                            ,HEALTH CENTRE                                                ,465 DUNDAS ST E                                              ,                                                             ,CA     ,TORONTO                            ,Canada                                                       ,ONTARIO                      ,M5A 2B2    ,TAGAMT PARK CONNUMUTY,TORONTO,ON,CA,M5A2B2
05E0D1D,F1D7789,Tagamt Park Connumuty Haexth Centre                              ,465 Dundas St. E.                                            ,                                                             ,                                                             ,CA     ,Toronto                            ,Canada                                                       ,ON                           ,M5A 2B2    ,TAGAMT PARK CONNUMUTY HAEXTH CENTRE,TORONTO,ON,CA,M5A2B2
FA75BB8,BC824E3,Tagume Eutbott Euthotuty                                         ,5201 REGINA AVE                                              ,                                                             ,                                                             ,CA     ,REGINA                             ,Canada                                                       ,SK                           ,S4W 1B3    ,TAGUME EUTBOTT EUTHOTUTY,REGINA,SK,CA,S4W1B3
61BA68F,5AD2247,Tagume Plumbing &  Haetumg                                       ,301 1ST AVE                                                  ,                                                             ,                                                             ,CA     ,REGINA                             ,Canada                                                       ,SK                           ,S4N 4Z1    ,TAGUME PLUMBING HAETUMG,REGINA,SK,CA,S4N4Z1
10AE35B,3040140,TANY'Z ZUTVAUXXEMCA BATUOPUQUA                                   ,STATION AGRO BIOTECH                                         ,6600 BOULEVARD CHOQUETTE                                     ,                                                             ,CA     ,SAINT-HYACINTHE                    ,Canada                                                       ,QC                           ,J2S 8L1    ,TANYZ ZUTVAUXXEMCA BATUOPUQUA,SAINT-HYACINTHE,QC,CA,J2S8L1
5C5BF69,8091A65,Tap xuma Mechanical/Fxowxbatt Inc.                               ,"1662 Bonhill Road, Unit 13                                   ",                                                             ,                                                             ,CA     ,Mississauga                        ,Canada                                                       ,ON                           ,L5T 1E1    ,TAP XUMA MECHANICAL FXOWXBATT,MISSISSAUGA,ON,CA,L5T1E1
DC43668,6B225BF,Tapboutma Netkhen Cochtema Co-owmatzhub                          ,"60 Columbia Way, Suite 102                                   ",                                                             ,                                                             ,CA     ,Markham                            ,Canada                                                       ,ON                           ,L3R 0C9    ,TAPBOUTMA NETKHEN COCHTEMA OWMATZHUB,MARKHAM,ON,CA,L3R0C9
D4B9FFD,6B225BF,Tapboutma Netkhen Coxunbue Co-owmatzhub                          ,"60 Columbia Way, Suite 102                                   ",                                                             ,                                                             ,CA     ,Markham                            ,Canada                                                       ,ON                           ,L3R 0C9    ,TAPBOUTMA NETKHEN COXUNBUE OWMATZHUB,MARKHAM,ON,CA,L3R0C9
D4B9FFD,0B770DB,Tapboutma Netkhen Coxunbue Co-owmatzhub                          ,60 Columbia Way                                              ,                                                             ,                                                             ,CA     ,Markham                            ,Canada                                                       ,ON                           ,L3R 0C9    ,TAPBOUTMA NETKHEN COXUNBUE OWMATZHUB,MARKHAM,ON,CA,L3R0C9
4329172,BA99B8E,Tatteca Aezt                                                     ,205 FAIRFORD ST E                                            ,                                                             ,                                                             ,CA     ,Moose Jaw                          ,Canada                                                       ,SK                           ,S6H 0E1    ,TATTECA AEZT,MOOSE JAW,SK,CA,S6H0E1
A291BEB,DCFC9B3,TATTUAT PROPERTIES                                               ,166 KING ST E STE 100                                        ,                                                             ,                                                             ,CA     ,TORONTO                            ,Canada                                                       ,ONTARIO                      ,M5A 1J3    ,TATTUAT PROPERTIES,TORONTO,ON,CA,M5A1J3
310CAC3,BC824E3,Tavate (Zezk)                                                    ,3651 ALBERT ST                                               ,                                                             ,                                                             ,CA     ,REGINA                             ,Canada                                                       ,SK                           ,S4S 0A3    ,TAVATE ZEZK,REGINA,SK,CA,S4S0A3
2574F48,62B33BD,TAVE CANADA                                                      ,30 NOVOPHARM COURT                                           ,VENDOR #349399                                               ,ATT: FERGUS WALSH                                            ,CA     ,SCARBOROUGH                        ,Canada                                                       ,ONTARIO                      ,M1B 2K9    ,TAVE CANADA,SCARBOROUGH,ON,CA,M1B2K9
51FA80B,40B8E09,Tazatvout Properties Ltd.                                        ,236 Metcalfe Street                                          ,                                                             ,                                                             ,CA     ,Ottawa                             ,Canada                                                       ,ON                           ,K2P 1R3    ,TAZATVOUT PROPERTIES,OTTAWA,ON,CA,K2P1R3
9BDA956,8091A65,"TBB UMVAZTNAMTZ  INC., BZZ UMVAZTNAMTZ INC.and THE               ",COMPANY by their agent GWL Realty Advisors Inc.              ,300-1 City Centre Drive Suite 300                            ,                                                             ,CA     ,Mississauga                        ,Canada                                                       ,ON                           ,L5B 1M2    ,TBB UMVAZTNAMTZ BZZ UMVAZTNAMTZ AND THE,MISSISSAUGA,ON,CA,L5B1M2
2AE6B64,4E42029,TBP (BTOVUMCA OF BC) c/o CBTA LIMITED                            ,CHILLIWACK  COURTHOUSE                                       ,46085 OLD YALE RD                                            ,BLDG 91782                                                   ,CA     ,CHILLIWACK                         ,Canada                                                       ,BRITISH COLUMBIA             ,V2P 2L8    ,TBP BTOVUMCA OF BC C O CBTA,CHILLIWACK,BC,CA,V2P2L8
2AE6B64,DBF90AB,TBP (BTOVUMCA OF BC) c/o CBTA LIMITED                            ,523 COLUMBIA - BLDG 29777                                    ,                                                             ,                                                             ,CA     ,KAMLOOPS                           ,Canada                                                       ,BC                           ,V2C 2T9    ,TBP BTOVUMCA OF BC C O CBTA,KAMLOOPS,BC,CA,V2C2T9
2AE6B64,E3852FE,TBP (BTOVUMCA OF BC) c/o CBTA LIMITED                            ,2100 LABIEUX RD                                              ,BLDG 78419                                                   ,                                                             ,CA     ,NANAIMO                            ,Canada                                                       ,BC                           ,V9T 6J9    ,TBP BTOVUMCA OF BC C O CBTA,NANAIMO,BC,CA,V9T6J9
2BDB661,C67372D,TBZGC - Épufuca Fépétex                                          ,"715, rue Peel                                                ",                                                             ,                                                             ,CA     ,Montréal                           ,Canada                                                       ,QC                           ,H3C 4H6    ,TBZGC EPUFUCA FEPETEX,MONTREAL,QC,CA,H3C4H6
BEF9093,1941943,TC ZTTETAGUC ZEXAZ                                               ,TREEVIEW MANOR                                               ,5 & 7 WILSONVIEW AVE                                         ,                                                             ,CA     ,GUELPH                             ,Canada                                                       ,ON                           ,N1G 2W5    ,TC ZTTETAGUC ZEXAZ,GUELPH,ON,CA,N1G2W5
E568429,F1D7789,TE Umvaztnamt 16 Holdings GB Inc.                                 ,200-20 VICTORIA ST                                           ,                                                             ,                                                             ,CA     ,TORONTO                            ,Canada                                                       ,ON                           ,M5C 2N8    ,TE UMVAZTNAMT 16 HOLDINGS GB,TORONTO,ON,CA,M5C2N8
1F00CD0,F1D7789,TE UMVAZTNAMT 23 HOLDINGS GB INC.                                ,C/O GWL REALTY ADVISORS INC                                  ,M100-444 YONGE ST                                            ,                                                             ,CA     ,TORONTO                            ,Canada                                                       ,ON                           ,M5B 2H4    ,TE UMVAZTNAMT 23 HOLDINGS GB,TORONTO,ON,CA,M5B2H4
6AC49FB,8037151,TENE GENUMG HOUZA                                                ,991 KENNEDY RD                                               ,                                                             ,                                                             ,CA     ,SCARBOROUGH                        ,CANADA                                                       ,ON                           ,M1P 2K5    ,TENE GENUMG HOUZA,SCARBOROUGH,ON,CA,M1P2K5
DF20660,BC824E3,Tenepe Bxeze                                                     ,1818 Victoria Avenue                                         ,                                                             ,                                                             ,CA     ,Regina                             ,Canada                                                       ,SK                           ,S4P 0R1    ,TENEPE BXEZE,REGINA,SK,CA,S4P0R1
46ED0F4,4EF853F,Tetenegoucha Btawaty                                             ,235 Main Street                                              ,                                                             ,                                                             ,CA     ,Tatamagouche                       ,Canada                                                       ,NS                           ,B0K 1V0    ,TETENEGOUCHA BTAWATY,TATAMAGOUCHE,NS,CA,B0K1V0
7D24A35,40B8E09,TEUXXAFAT PLUMBING & HAETUMG INC                                 ,7-1528 STARTOP RD                                            ,                                                             ,                                                             ,CA     ,OTTAWA                             ,Canada                                                       ,ON                           ,K1B 3W6    ,TEUXXAFAT PLUMBING HAETUMG,OTTAWA,ON,CA,K1B3W6
6DB8369,F1D7789,Tevaxum UU X.B. c/o Coxxuatz International                       ,"181 Bay Street, Suite 1400                                   ",                                                             ,                                                             ,CA     ,Toronto                            ,Canada                                                       ,ON                           ,M5J 2V1    ,TEVAXUM UU X B C O COXXUATZ INTERNATIONAL,TORONTO,ON,CA,M5J2V1
1B0DC71,5887B17,Tey Cxunetuzetuom                                                ,141 rue Fleming                                              ,                                                             ,                                                             ,CA     ,Deison                             ,Canada                                                       ,QC                           ,J5B 1X5    ,TEY CXUNETUZETUOM,DEISON,QC,CA,J5B1X5
6FF4358,7C9EBD9,TGWT Cxaem Technologies Inc.                                     ,452 JEAN-NEVEU ST.                                           ,                                                             ,                                                             ,CA     ,LONGUEUIL                          ,Canada                                                       ,QC                           ,J4G 1N8    ,TGWT CXAEM TECHNOLOGIES,LONGUEUIL,QC,CA,J4G1N8
F879B07,3F0B7B9,THATNEX MECHANICAL                                               ,807 HAROLD CRESCENT                                          ,                                                             ,                                                             ,CA     ,THUNDER BAY                        ,Canada                                                       ,ONTARIO                      ,P7C 5H8    ,THATNEX MECHANICAL,THUNDER BAY,ON,CA,P7C5H8
BB6B752,37F694B,THATNO COOX MECHANICAL LTD                                       ,370 MARTHA ST                                                ,                                                             ,                                                             ,CA     ,BURLINGTON                         ,Canada                                                       ,ON                           ,L7R 0G9    ,THATNO COOX MECHANICAL,BURLINGTON,ON,CA,L7R0G9
BB6B752,0E54BCC,THATNO COOX MECHANICAL LTD                                       ,15 AIRVIEW RD                                                ,                                                             ,                                                             ,CA     ,ETOBICOKE                          ,Canada                                                       ,ON                           ,M9W 4P1    ,THATNO COOX MECHANICAL,ETOBICOKE,ON,CA,M9W4P1
BB6B752,03E8981,THATNO COOX MECHANICAL LTD                                       ,15 AIRVIEW RD                                                ,                                                             ,                                                             ,CA     ,ETOBICOKE                          ,Canada                                                       ,ON                           ,M9W 4P1    ,THATNO COOX MECHANICAL,ETOBICOKE,ON,CA,M9W4P1
BB6B752,8DEC641,THATNO COOX MECHANICAL LTD                                       ,RISE AT STRIDE CONDO                                         ,1063 DOUGLAS MCCURDY COMMON                                  ,                                                             ,CA     ,MISSISSAUGA                        ,Canada                                                       ,ON                           ,L5G 4B1    ,THATNO COOX MECHANICAL,MISSISSAUGA,ON,CA,L5G4B1
BB6B752,D8E141C,THATNO COOX MECHANICAL LTD                                       ,ART SHOPPE LOFTS & CONDOS                                    ,2131 YONGE STREET                                            ,                                                             ,CA     ,TORONTO                            ,CA                                                           ,ONTARIO                      ,M4S 2A7    ,THATNO COOX MECHANICAL,TORONTO,ON,CA,M4S2A7
BB6B752,4B27352,THATNO COOX MECHANICAL LTD                                       ,55 LOMBARD ST                                                ,                                                             ,                                                             ,CA     ,TORONTO                            ,Canada                                                       ,ONTARIO                      ,M5C 1M2    ,THATNO COOX MECHANICAL,TORONTO,ON,CA,M5C1M2
BB6B752,1018EED,THATNO COOX MECHANICAL LTD                                       ,NXT II CONDO                                                 ,105 THE QUEENSWAY                                            ,                                                             ,CA     ,TORONTO                            ,Canada                                                       ,ON                           ,M6S 5B5    ,THATNO COOX MECHANICAL,TORONTO,ON,CA,M6S5B5
BF415B8,F1D7789,The Bekatfuaxp -Paatfuaxp 11 GB Inc.                              ,c/o BentallGreenOak(Canada) LP                               ,"1 York Street, Suite 1100                                    ",                                                             ,CA     ,Toronto                            ,Canada                                                       ,ON                           ,M5J 0B6    ,THE BEKATFUAXP PAATFUAXP 11 GB,TORONTO,ON,CA,M5J0B6
7CEA49F,E45E887,THE BXEM GROUP                                                   ,150 KING ST WEST                                             ,                                                             ,                                                             ,CA     ,TORONTO                            ,Canada                                                       ,ONTARIO                      ,M5H 3T9    ,THE BXEM GROUP,TORONTO,ON,CA,M5H3T9
025CE43,393B3DF,THE CANADA XUFA EZZUTEMCA COMPANY                                ,60 OSBORNE ST N                                              ,                                                             ,                                                             ,CA     ,WINNIPEG                           ,Canada                                                       ,MB                           ,R3C 3A5    ,THE CANADA XUFA EZZUTEMCA,WINNIPEG,MB,CA,R3C3A5
5E81BF8,C7B94A7,The Canada Xufa Ezzutemca Company                                ,1901 Scarth Street                                           ,                                                             ,                                                             ,CA     ,Regina                             ,CANADA                                                       ,SK                           ,S4P 4L4    ,THE CANADA XUFA EZZUTEMCA,REGINA,SK,CA,S4P4L4
7184EBE,8091A65,The Canada Xufa Ezzutemca                                        ,c/o GWL Realty Advisors Inc.                                 ,300-1 City Centre DR                                         ,Suite 300                                                    ,CA     ,Mississauga                        ,Canada                                                       ,ON                           ,L5B 1M2    ,THE CANADA XUFA EZZUTEMCA,MISSISSAUGA,ON,CA,L5B1M2
04E9439,F1D7789,The Canada Xufa Ezzutemca Company.                               ,"5160 Yonge Street, Suite 803                                 ",                                                             ,                                                             ,CA     ,Toronto                            ,Canada                                                       ,ON                           ,M2N 6L9    ,THE CANADA XUFA EZZUTEMCA,TORONTO,ON,CA,M2N6L9
650E0F0,BC824E3,"The Canada Xufa Ezzutemca Company.,                              ",1901 Scarth Street                                           ,                                                             ,                                                             ,CA     ,Regina                             ,Canada                                                       ,SK                           ,S4P 4L4    ,THE CANADA XUFA EZZUTEMCA,REGINA,SK,CA,S4P4L4
DC44E4D,F1D7789,The  Canada  Xufa  Ezzutemca  Company                            ,803-5160 Yonge ST                                            ,                                                             ,                                                             ,CA     ,Toronto                            ,Canada                                                       ,ON                           ,M2N 6L9    ,THE CANADA XUFA EZZUTEMCA,TORONTO,ON,CA,M2N6L9
4E0673D,F1D7789,The Canada Xufa Ezzutemca Company c/o GWX Taexty                 ,330 University Ave                                           ,                                                             ,                                                             ,CA     ,Toronto                            ,Canada                                                       ,ON                           ,M5G 1R8    ,THE CANADA XUFA EZZUTEMCA C O GWX TAEXTY,TORONTO,ON,CA,M5G1R8
4E0673D,710EA99,The Canada Xufa Ezzutemca Company c/o GWX Taexty                 ,5160 Yonge Street                                            ,                                                             ,                                                             ,CA     ,Toronto                            ,Canada                                                       ,ON                           ,M2N 6L9    ,THE CANADA XUFA EZZUTEMCA C O GWX TAEXTY,TORONTO,ON,CA,M2N6L9
83E47D7,F1D7789,The Canada  Xufa Ezzutemca Company c/o GWX Taexty Epvuzotz Inc.  ,c/o GWL Realty Advisors Inc.                                 ,BOX 199 1 Adelaide ST E                                      ,                                                             ,CA     ,Toronto                            ,Canada                                                       ,ON                           ,M5C 2V9    ,THE CANADA XUFA EZZUTEMCA C O GWX TAEXTY EPVUZOTZ,TORONTO,ON,CA,M5C2V9
DC92E41,9F03BA0,The Canada Xufa Ezzutemca Company c/o GWX Taexty Epvuzotz Inc    ,330 University Ave                                           ,                                                             ,                                                             ,CA     ,Toronto                            ,Canada                                                       ,ON                           ,M5G 1R8    ,THE CANADA XUFA EZZUTEMCA C O GWX TAEXTY EPVUZOTZ,TORONTO,ON,CA,M5G1R8
B06D7E7,38F7B9A,"The Canada Xufa Ezzutemca Company,OBTTUZT OFFICE INC             ",LTD. as trustee for INVESTORS REAL PROPERTY FUND             ,c/o GWL Realty Advisors Inc.  Box 199                        ,1 Adelaide ST E                                              ,CA     ,Toronto                            ,Canada                                                       ,ON                           ,M5C 2V9    ,THE CANADA XUFA EZZUTEMCA OBTTUZT OFFICE,TORONTO,ON,CA,M5C2V9
00E10DD,F1D7789,The Cenbbaxx- TEZ 309CE Corp.                                    ,c/o Bentall Property Services (Ontario) Ltd                  ,"1 York Street, Suite 1100                                    ",                                                             ,CA     ,Toronto                            ,Canada                                                       ,ON                           ,M5J 0B6    ,THE CENBBAXX TEZ 309CE,TORONTO,ON,CA,M5J0B6
B38616C,,The Cepuxxec Feutvuaw Corporation  Limited                       ,                                                             ,                                                             ,                                                             ,       ,                                   ,                                                             ,                             ,           ,THE CEPUXXEC FEUTVUAW,,,,
EE79657,F1D7789,The Cepuxxec Feutvuaw Cotbotetap Limited                         ,160 FRONT ST W                                               ,SUITE 1830                                                   ,                                                             ,CA     ,TORONTO                            ,Canada                                                       ,ON                           ,M5J 0G4    ,THE CEPUXXEC FEUTVUAW COTBOTETAP,TORONTO,ON,CA,M5J0G4
6E1F2DF,6628C88,The Chtomucxa Hatexp Btumtumg Service                            ,311 Bluewater Road                                           ,                                                             ,                                                             ,CA     ,Bedford                            ,Canada                                                       ,NS                           ,B4B 1J6    ,THE CHTOMUCXA HATEXP BTUMTUMG SERVICE,BEDFORD,NS,CA,B4B1J6
A2B28BD,,THE EMMAX                                                        ,                                                             ,                                                             ,                                                             ,       ,                                   ,                                                             ,                             ,           ,THE EMMAX,,,,
CAF3EA9,64CEDDA,THE ETBUTUZ CLUB                                                 ,2001 NANTON AVE                                              ,                                                             ,                                                             ,CA     ,VANCOUVER                          ,Canada                                                       ,BRITISH COLUMBIA             ,V6J 4A1    ,THE ETBUTUZ CLUB,VANCOUVER,BC,CA,V6J4A1
D9FDA90,B169E8D,The Etnout Group                                                 ,PO BOX 665 STN CENTRAL                                       ,                                                             ,                                                             ,CA     ,HALIFAX                            ,Canada                                                       ,NS                           ,B3J 2T3    ,THE ETNOUT GROUP,HALIFAX,NS,CA,B3J2T3
4795E46,2E8B0AF,THE GUAXBH BUBXUC XUBTETY                                        ,100 NORFOLK STREET                                           ,                                                             ,                                                             ,CA     ,GUELPH                             ,Canada                                                       ,ONTARIO                      ,N1H 4J6    ,THE GUAXBH BUBXUC XUBTETY,GUELPH,ON,CA,N1H4J6
9A86162,5A98A43,THE NEMUFECTUTATZ XUFA UMZUTEMCA COMPANY                         ,ZZZMOVED TO CUST#201393                                      ,393 UNIVERSITY AVENUE                                        ,                                                             ,CA     ,TORONTO                            ,Canada                                                       ,ON                           ,M5G 1E6    ,THE NEMUFECTUTATZ XUFA UMZUTEMCA,TORONTO,ON,CA,M5G1E6
F53F265,E230D48,THE CORP OF THE CITY OF BTEMTFOTP                                ,BRANTFORD CITY HALL                                          ,100 WELLINGTON ST                                            ,                                                             ,CA     ,BRANTFORD                          ,Canada                                                       ,ON                           ,N3T 2M2    ,THE OF THE CITY OF BTEMTFOTP,BRANTFORD,ON,CA,N3T2M2
F53F265,D09E654,THE CORP OF THE CITY OF BTEMTFOTP                                ,254 NORTH PARK ST                                            ,WAYNE GRETZKY SPORTS CENTRE                                  ,Attn: Carl Kristensen                                        ,CA     ,BRANTFORD                          ,Canada                                                       ,ON                           ,N3R 4L1    ,THE OF THE CITY OF BTEMTFOTP,BRANTFORD,ON,CA,N3R4L1
77BA0D6,DCFC9B3,THE TUVATE - TZCC #1546                                          ,228-230 QUEENS QUAY W                                        ,                                                             ,                                                             ,CA     ,TORONTO                            ,Canada                                                       ,ON                           ,M5J 2Y7    ,THE TUVATE TZCC 1546,TORONTO,ON,CA,M5J2Y7
68171EC,3376014,THE XOPAM HOTEL                                                  ,1177 MELVILLE ST                                             ,                                                             ,                                                             ,CA     ,VANCOUVER                          ,Canada                                                       ,BRITISH COLUMBIA             ,V6E 0E3    ,THE XOPAM HOTEL,VANCOUVER,BC,CA,V6E0E3
E83CF52,F053C48,THENAZ VALLEY PUZT SCHOOL BP                                     ,WHITE OAKS P.S.                                              ,ZONE 1                                                       ,1400 ERNEST AVE.                                             ,CA     ,LONDON                             ,Canada                                                       ,ONTARIO                      ,N6E 3Z8    ,THENAZ VALLEY PUZT SCHOOL BP,LONDON,ON,CA,N6E3Z8
E83CF52,E99A30C,THENAZ VALLEY PUZT SCHOOL BP                                     ,"WORTLEY ROAD,                                                ",ZONE 1                                                       ,301 WORTLEY RD.                                              ,CA     ,LONDON                             ,Canada                                                       ,ONTARIO                      ,N6C 3R6    ,THENAZ VALLEY PUZT SCHOOL BP,LONDON,ON,CA,N6C3R6
E83CF52,4D32B32,THENAZ VALLEY PUZT SCHOOL BP                                     ,G. A. WHEABLE                                                ,ZONE 1                                                       ,70 JACQUELINE ST.                                            ,CA     ,LONDON                             ,Canada                                                       ,ONTARIO                      ,N5Z 3P7    ,THENAZ VALLEY PUZT SCHOOL BP,LONDON,ON,CA,N5Z3P7
2FEB79A,CC5A548,TOBATTE PLACE TATUTANAMT XOPGA INC                               ,489 ESSA ROAD                                                ,                                                             ,                                                             ,CA     ,BARRIE                             ,Canada                                                       ,ONTARIO                      ,L4N 9E4    ,TOBATTE PLACE TATUTANAMT XOPGA,BARRIE,ON,CA,L4N9E4
F6FACFE,51F6103,TOBMOTCH BUILDING NEUMTAMEMCA LTD                                ,C/O CHAMPION PRODUCTS CORPORATION                            ,2601 WYANDOTTE STREET EAST                                   ,                                                             ,CA     ,WINDSOR                            ,Canada                                                       ,ONTARIO                      ,N8Y 2N5    ,TOBMOTCH BUILDING NEUMTAMEMCA,WINDSOR,ON,CA,N8Y2N5
6F01753,BA5824A,TORONTO CETHOXUC DISTRICT SCHOOL BOETP                           ,ST EUGENE CS                                                 ,30 WESTROYAL RD                                              ,                                                             ,CA     ,ETOBICOKE                          ,Canada                                                       ,ON                           ,M9P 2C3    ,TORONTO CETHOXUC DISTRICT SCHOOL BOETP,ETOBICOKE,ON,CA,M9P2C3
6F01753,D710D43,TORONTO CETHOXUC DISTRICT SCHOOL BOETP                           ,ST STEPHENS CS                                               ,55 GOLFDOWN DR                                               ,                                                             ,CA     ,ETOBICOKE                          ,Canada                                                       ,ON                           ,M9W 2H8    ,TORONTO CETHOXUC DISTRICT SCHOOL BOETP,ETOBICOKE,ON,CA,M9W2H8
6F01753,5D448FD,TORONTO CETHOXUC DISTRICT SCHOOL BOETP                           ,OUR LADY OF ASSUMPTION CS                                    ,125 GLENMOUNT AVE                                            ,                                                             ,CA     ,NORTH YORK                         ,Canada                                                       ,ON                           ,M6B 3C2    ,TORONTO CETHOXUC DISTRICT SCHOOL BOETP,NORTH YORK,ON,CA,M6B3C2
6F01753,264A1DD,TORONTO CETHOXUC DISTRICT SCHOOL BOETP                           ,ST ANTOINE DANIEL CS                                         ,160 FINCH AVE WEST                                           ,                                                             ,CA     ,NORTH YORK                         ,Canada                                                       ,ON                           ,M2N 2J2    ,TORONTO CETHOXUC DISTRICT SCHOOL BOETP,NORTH YORK,ON,CA,M2N2J2
6F01753,CB3B79C,TORONTO CETHOXUC DISTRICT SCHOOL BOETP                           ,BLESSED SACRAMENT CS                                         ,24 BEDFORD PARK AVE                                          ,                                                             ,CA     ,TORONTO                            ,Canada                                                       ,ON                           ,M5M 1H9    ,TORONTO CETHOXUC DISTRICT SCHOOL BOETP,TORONTO,ON,CA,M5M1H9
3DE4302,AA8C2AF,TORONTO CONNUMUTY HOUZUMG                                        ,10 HUMBERLINE DR                                             ,                                                             ,                                                             ,CA     ,ETOBICOKE                          ,Canada                                                       ,ONTARIO                      ,M9W 6J5    ,TORONTO CONNUMUTY HOUZUMG,ETOBICOKE,ON,CA,M9W6J5
3DE4302,708E467,TORONTO CONNUMUTY HOUZUMG                                        ,3825 SHEPPARD AVE EAST                                       ,                                                             ,                                                             ,CA     ,SCARBOROUGH                        ,Canada                                                       ,ONTARIO                      ,M1T 3P6    ,TORONTO CONNUMUTY HOUZUMG,SCARBOROUGH,ON,CA,M1T3P6
3DE4302,DAEE1F2,TORONTO CONNUMUTY HOUZUMG                                        ,85 SPENCER AVE                                               ,                                                             ,                                                             ,CA     ,TORONTO                            ,Canada                                                       ,ONTARIO                      ,M6K 3C9    ,TORONTO CONNUMUTY HOUZUMG,TORONTO,ON,CA,M6K3C9
3DE4302,ADE8205,TORONTO CONNUMUTY HOUZUMG                                        ,230 LEYTON                                                   ,                                                             ,                                                             ,CA     ,TORONTO                            ,Canada                                                       ,ONTARIO                      ,M1L 3V6    ,TORONTO CONNUMUTY HOUZUMG,TORONTO,ON,CA,M1L3V6
46D7BF1,EEAADD6,TOTCOT MANAGEMENT                                                ,25 UNION ST                                                  ,                                                             ,                                                             ,CA     ,BRAMPTON                           ,Canada                                                       ,ONTARIO                      ,L6V 1R4    ,TOTCOT MANAGEMENT,BRAMPTON,ON,CA,L6V1R4
6CE2F6C,ECEB307,Totex Bopy Ceta                                                  ,120A Van Kirk Drive                                          ,                                                             ,                                                             ,CA     ,Brampton                           ,Canada                                                       ,ON                           ,L7A 1B1    ,TOTEX BOPY CETA,BRAMPTON,ON,CA,L7A1B1
0986301,A6706BA,TotexAmatguaz Netkatumg Canada Inc                               ,220 AV LAFLEUR                                               ,                                                             ,                                                             ,CA     ,LASALLE                            ,Canada                                                       ,QC                           ,H8R 4C9    ,TOTEXAMATGUAZ NETKATUMG CANADA,LASALLE,QC,CA,H8R4C9
99CFDD0,3068035,TOTHNEM TAEX ESTATE UMVAZTNAMTZ LIMITED                          ,C/O BERKLEY PROPERTY MANAGEMENT                              ,3100 STEELES AVE                                             ,SUITE 100                                                    ,CA     ,CONCORD                            ,Canada                                                       ,ON                           ,L4K 3R1    ,TOTHNEM TAEX ESTATE UMVAZTNAMTZ,CONCORD,ON,CA,L4K3R1
63431F5,4EA1D3E,TOWMZHUB OF WUXNOT                                               ,60 SNYDER'S RD                                               ,                                                             ,                                                             ,CA     ,BADEN                              ,Canada                                                       ,ONTARIO                      ,N3A 1A1    ,TOWMZHUB OF WUXNOT,BADEN,ON,CA,N3A1A1
33432E3,3884E00,TOWN OF GOPATUCH-NEUTXEMP TACTAETUOM CENTRE                      ,YMCA GODERICH                                                ,190 SUNCOAST DR E                                            ,                                                             ,CA     ,GODERICH                           ,Canada                                                       ,ON                           ,N7A 4N4    ,TOWN OF GOPATUCH NEUTXEMP TACTAETUOM CENTRE,GODERICH,ON,CA,N7A4N4
E9CD571,809625B,TOWN OF NUXTOM                                                   ,DO NOT USE - SEE # 135697                                    ,ATTN: DON RENAUD                                             ,500 CHILDS DRIVE                                             ,CA     ,MILTON                             ,Canada                                                       ,ONTARIO                      ,L9T 5G2    ,TOWN OF NUXTOM,MILTON,ON,CA,L9T5G2
BC2EECB,81019ED,Town of Okotokz - # 11 Futa Hexx                                  ,#1 Fire Hall  132 Milligan Dr                                ,                                                             ,                                                             ,CA     ,Okotoks                            ,Canada                                                       ,AB                           ,T1S 1W2    ,TOWN OF OKOTOKZ 11 FUTA HEXX,OKOTOKS,AB,CA,T1S1W2
9DA894E,190B957,TOWN OF WHUTBY                                                   ,WHITBY FIRE & EMERGENCY                                      ,111 MCKINNEY DR                                              ,                                                             ,CA     ,WHITBY                             ,Canada                                                       ,ON                           ,L1R 3M2    ,TOWN OF WHUTBY,WHITBY,ON,CA,L1R3M2
FC4B076,19007BB,Town of Ztaxxettom                                               ,345 South Foord Street                                       ,                                                             ,                                                             ,CA     ,Stellarton                         ,Canada                                                       ,NS                           ,B0K 1S0    ,TOWN OF ZTAXXETTOM,STELLARTON,NS,CA,B0K1S0
B7F61A5,D497601,TOXXZTENB                                                        ,90 SNIDERCROFT RD                                            ,                                                             ,                                                             ,CA     ,CONCORD                            ,Canada                                                       ,ON                           ,L4K 2K1    ,TOXXZTENB,CONCORD,ON,CA,L4K2K1
97E4DFB,3376014,TOYEX EZCOTT CETA HONA                                           ,2455 BROADWAY E.                                             ,                                                             ,                                                             ,CA     ,VANCOUVER                          ,Canada                                                       ,BRITISH COLUMBIA             ,V5M 1Y1    ,TOYEX EZCOTT CETA HONA,VANCOUVER,BC,CA,V5M1Y1
5B75E36,F1D7789,TOYEXTOWM UMVAZTNAMTZ LTD                                        ,300-214 MERTON ST                                            ,                                                             ,                                                             ,CA     ,TORONTO                            ,Canada                                                       ,ONTARIO                      ,M4S 1A6    ,TOYEXTOWM UMVAZTNAMTZ,TORONTO,ON,CA,M4S1A6
0421D23,7535805,Tozuk Development Corporation                                    ,290 MIDPARK WAY SE                                           ,                                                             ,                                                             ,CA     ,CALGARY                            ,Canada                                                       ,AB                           ,T2X 1P1    ,TOZUK DEVELOPMENT,CALGARY,AB,CA,T2X1P1
00E7042,F1D7789,"Ttanco Canada Division, TBN Canada                               ",220 Wicksteed avenue                                         ,                                                             ,                                                             ,CA     ,Toronto                            ,Canada                                                       ,ON                           ,M4H 1G7    ,TTANCO CANADA DIVISION TBN CANADA,TORONTO,ON,CA,M4H1G7
5E69222,ADF84C5,TTEMA CANADA UXC                                                 ,525 COCHRANE DRIVE                                           ,UNIT 101                                                     ,                                                             ,CA     ,MARKHAM                            ,Canada                                                       ,ON                           ,L3R 8E8    ,TTEMA CANADA UXC,MARKHAM,ON,CA,L3R8E8
5E69222,01424B1,TTEMA CANADA UXC                                                 ,525 COCHRANE DR.                                             ,SUITE 101                                                    ,                                                             ,CA     ,MARKHAM                            ,CA                                                           ,ON                           ,L3R 8E3    ,TTEMA CANADA UXC,MARKHAM,ON,CA,L3R8E3
396BCA0,EB2D608,TTEMA CANADA UXC                                                 ,EDC - IT SIDE                                                ,150 SLATER ST                                                ,                                                             ,CA     ,OTTAWA                             ,Canada                                                       ,ONTARIO                      ,K1P 5H6    ,TTEMA CANADA UXC,OTTAWA,ON,CA,K1P5H6
396BCA0,B5537DF,TTEMA CANADA UXC                                                 ,ZZZ DO NOT USE ATT: ACCOUNTS PAYABLE                         ,1024 MORRISON DR                                             ,                                                             ,CA     ,OTTAWA                             ,Canada                                                       ,ON                           ,K2H 8K7    ,TTEMA CANADA UXC,OTTAWA,ON,CA,K2H8K7
F498420,E230D48,Ttema Canada UXC                                                 ,200 TERRACE HILL ST                                          ,                                                             ,                                                             ,CA     ,BRANTFORD                          ,CANADA                                                       ,ON                           ,N3R 1G9    ,TTEMA CANADA UXC,BRANTFORD,ON,CA,N3R1G9
F498420,0CD60AA,Ttema Canada UXC                                                 ,"Stroud Arena, 7883 Yonge Street South                        ",                                                             ,                                                             ,CA     ,Innisfil                           ,Canada                                                       ,ON                           ,L9S 1K8    ,TTEMA CANADA UXC,INNISFIL,ON,CA,L9S1K8
8CF9147,173B08A,TTEMZCOMTUMAMTEX BTUMTUMG INC                                    ,89 CONNIE CRESCENT                                           ,                                                             ,                                                             ,CA     ,CONCORD                            ,Canada                                                       ,ONTARIO                      ,L4K 1L3    ,TTEMZCOMTUMAMTEX BTUMTUMG,CONCORD,ON,CA,L4K1L3
E1C8E6E,2196B05,Ttemzcomtumamtex Btumtumg 2015 G.B.                              ,1500 BOUL JULES POITRAS                                      ,                                                             ,                                                             ,CA     ,SAINT-LAURENT                      ,Canada                                                       ,QC                           ,H4N 1X7    ,TTEMZCOMTUMAMTEX BTUMTUMG 2015 G B,SAINT-LAURENT,QC,CA,H4N1X7
38F4D2B,5594F98,Ttottat and Nottom Building Technologies Inc.                    ,205 5 AVE SW                                                 ,                                                             ,                                                             ,CA     ,CALGARY                            ,Canada                                                       ,AB                           ,T2P 2V7    ,TTOTTAT AND NOTTOM BUILDING TECHNOLOGIES,CALGARY,AB,CA,T2P2V7
EDFAF58,62B33BD,TTUBA FECTOTY CORP (THE)                                         ,95 MILLIKEN BLVD                                             ,                                                             ,                                                             ,CA     ,SCARBOROUGH                        ,Canada                                                       ,ON                           ,M1V 1V3    ,TTUBA FECTOTY THE,SCARBOROUGH,ON,CA,M1V1V3
AB255F0,173B08A,TTUCO CONSULTING SERVICES INC                                    ,345 Courtland Ave                                            ,                                                             ,                                                             ,CA     ,Concord                            ,Canada                                                       ,ON                           ,L4K 5A6    ,TTUCO CONSULTING SERVICES,CONCORD,ON,CA,L4K5A6
C461DA3,F1D7789,Ttuovazt Taexty Epvuzotz Inc.                                    ,40 University Avenune Suite 1200                             ,                                                             ,                                                             ,CA     ,Toronto                            ,Canada                                                       ,ON                           ,M5J 1T1    ,TTUOVAZT TAEXTY EPVUZOTZ,TORONTO,ON,CA,M5J1T1
C461DA3,DCFC9B3,Ttuovazt Taexty Epvuzotz Inc.                                    ,40 University Avenue Suite 430                               ,                                                             ,                                                             ,CA     ,Toronto                            ,Canada                                                       ,ON                           ,M5J 1T1    ,TTUOVAZT TAEXTY EPVUZOTZ,TORONTO,ON,CA,M5J1T1
C461DA3,FB25BFD,Ttuovazt Taexty Epvuzotz Inc.                                    ,40 University Avenue Suite 430                               ,                                                             ,                                                             ,CA     ,Toronto                            ,Canada                                                       ,ON                           ,M5J 1T1    ,TTUOVAZT TAEXTY EPVUZOTZ,TORONTO,ON,CA,M5J1T1
4780E16,F1D7789,Ttuovazt Taexty Epvuzotz Inc./21 Kumg Aquutuaz Inc.              ,"40 University Avenue, Suite 1200                             ",                                                             ,                                                             ,CA     ,Toronto                            ,Canada                                                       ,ON                           ,M5J 1T1    ,TTUOVAZT TAEXTY EPVUZOTZ 21 KUMG AQUUTUAZ,TORONTO,ON,CA,M5J1T1
C212C32,F1D7789,TTUOVAZT TAEXTY EPVUZOTZ (B.C.) INC.                             ,FORTINET TECHNOLOGIES (CANADA) ULC                           ,C/O TRIOVEST REALTY ADVISORS (B.C.) INC.                     ,40 UNIVERSITY AVE SUITE 1200                                 ,CA     ,TORONTO                            ,CA                                                           ,ONTARIO                      ,M5J 1T1    ,TTUOVAZT TAEXTY EPVUZOTZ B C,TORONTO,ON,CA,M5J1T1
C212C32,DCFC9B3,TTUOVAZT TAEXTY EPVUZOTZ (B.C.) INC.                             ,WILLINGDON PARK MASTER LP                                    ,C/O TRIOVEST REALTY ADVISORS (B.C.) INC                      ,40 UNIVERSITY AVE SUITE 1200                                 ,CA     ,TORONTO                            ,CA                                                           ,ONTARIO                      ,M5J 1T1    ,TTUOVAZT TAEXTY EPVUZOTZ B C,TORONTO,ON,CA,M5J1T1
C212C32,FB25BFD,TTUOVAZT TAEXTY EPVUZOTZ (B.C.) INC.                             ,PR WILLINGDON 4170 OP LIMITED PARTNERSHIP                    ,C/O TRIOVEST REALTY ADVISORS (B.C.) INC                      ,40 UNIVERSITY AVE SUITE 1200                                 ,CA     ,TORONTO                            ,CA                                                           ,ONTARIO                      ,M5J 1T1    ,TTUOVAZT TAEXTY EPVUZOTZ B C,TORONTO,ON,CA,M5J1T1
C212C32,67235A5,TTUOVAZT TAEXTY EPVUZOTZ (B.C.) INC.                             ,40 UNIVERSITY AVE                                            ,                                                             ,                                                             ,CA     ,TORONTO                            ,CA                                                           ,ON                           ,M5J 1T1    ,TTUOVAZT TAEXTY EPVUZOTZ B C,TORONTO,ON,CA,M5J1T1
0D3F328,40B8E09,Tuchcteft Properties Ltd                                         ,"2280 St Laurent Blvd, Suite 201                              ",                                                             ,                                                             ,CA     ,Ottawa                             ,Canada                                                       ,ON                           ,K1G 4K1    ,TUCHCTEFT PROPERTIES,OTTAWA,ON,CA,K1G4K1
D02E0BA,4B10EDD,Tuchnomp Vuxxe                                                   ,9361 Pepperell St                                            ,                                                             ,                                                             ,CA     ,St Peters                          ,Canada                                                       ,NS                           ,B0E 3B0    ,TUCHNOMP VUXXE,SAINT PETERS,NS,CA,B0E3B0
A8FA644,CE695DD,TUN HOTTOM'Z-BC                                                  ,8987 YONGE ROAD                                              ,                                                             ,                                                             ,CA     ,CHILLIWACK                         ,Canada                                                       ,BRITISH COLUMBIA             ,V2P 4R9    ,TUN HOTTOMZ BC,CHILLIWACK,BC,CA,V2P4R9
A02A32D,84636C6,Tupgavuaw XTCC                                                   ,385 Highland Rd West                                         ,                                                             ,                                                             ,CA     ,Stoney Creek                       ,Canada                                                       ,ON                           ,L8J 3X9    ,TUPGAVUAW XTCC,STONEY CREEK,ON,CA,L8J3X9
1C028F8,49C6CD2,TUVATZUPA PLACE                                                  ,3181 MEADOWBROOK LANE                                        ,                                                             ,                                                             ,CA     ,WINDSOR                            ,Canada                                                       ,ON                           ,N8T 0A4    ,TUVATZUPA PLACE,WINDSOR,ON,CA,N8T0A4
328AFB9,F1D7789,TZCC 1597                                                        ,153 BEECROFT ROAD                                            ,                                                             ,                                                             ,CA     ,TORONTO                            ,Canada                                                       ,ON                           ,M2N 7C5    ,TZCC 1597,TORONTO,ON,CA,M2N7C5
B2B6A4D,46D8581,TZCC 1916/1954                                                   ,C/O MAPLE RIDGE CONDOMINUM MANAGEMENT                        ,5753 COOPERS AVE                                             ,                                                             ,CA     ,MISSISSAUGA                        ,Canada                                                       ,ON                           ,L4Z 1R9    ,TZCC 1916 1954,MISSISSAUGA,ON,CA,L4Z1R9
D562B75,F1D7789,TZCC 2955                                                        ,158 Front St. East                                           ,                                                             ,                                                             ,CA     ,Toronto                            ,Canada                                                       ,ON                           ,M5A 0K9    ,TZCC 2955,TORONTO,ON,CA,M5A0K9
9F490A7,F1D7789,U.G Umvaztnamt Management Ltd.                                   ,ATT: Property Management Office                              ,"33 Yonge Street, Suite 1000                                  ",                                                             ,CA     ,Toronto                            ,Canada                                                       ,ON                           ,M5E 1G4    ,U G UMVAZTNAMT MANAGEMENT,TORONTO,ON,CA,M5E1G4
5DF352E,F1D7789,U.G. Umvaztnamt Management Ltd                                   ,(Ontario) Ltd.                                               ,"55 University Avenue, Suite 102                              ",                                                             ,CA     ,Toronto                            ,Canada                                                       ,ON                           ,M5J 2H7    ,U G UMVAZTNAMT MANAGEMENT,TORONTO,ON,CA,M5J2H7
55FE760,52CF224,Ubzttaat Cteft Btawumg                                           ,41 Allen Street                                              ,                                                             ,                                                             ,CA     ,Charlottetown                      ,Canada                                                       ,PE                           ,C1A 2V6    ,UBZTTAAT CTEFT BTAWUMG,CHARLOTTETOWN,PE,CA,C1A2V6
0B6389F,4BBD21D,UKAE CANADA LIMITED BETTMATZHUB                                  ,1475 THE QUEENSWAY                                           ,                                                             ,                                                             ,CA     ,ETOBICOKE                          ,Canada                                                       ,ON                           ,M8Z 1T3    ,UKAE CANADA BETTMATZHUB,ETOBICOKE,ON,CA,M8Z1T3
4C6A230,F1D7789,UMCOTA AQUUTUAZ INC                                              ,C/O COLLIERS INTERNATIONAL (REMS)                            ,NXS# v0004076 - e6018                                        ,1 QUEEN STREET EAST - SUITE 2200                             ,CA     ,TORONTO                            ,Canada                                                       ,ONTARIO                      ,M5C 2W5    ,UMCOTA AQUUTUAZ,TORONTO,ON,CA,M5C2W5
F2BCA48,C9315C9,UME GTEFTOM GEGA HONA XOMG TATN CETA                             ,40 BELL ESTATE RD                                            ,                                                             ,                                                             ,CA     ,SCARBOROUGH                        ,Canada                                                       ,ON                           ,M1L 0E2    ,UME GTEFTOM GEGA HONA XOMG TATN CETA,SCARBOROUGH,ON,CA,M1L0E2
0AE7B57,82CF96F,"UMG Bxemt Btotaum Zbac(CE),Inc                                   ",810 S Cincinnati Avenue                                      ,                                                             ,                                                             ,US     ,Tulsa                              ,United States                                                ,OK                           ,74119      ,UMG BXEMT BTOTAUM ZBAC CE,TULSA,OK,US,74119
C326381,F1D7789,Ummocom Connuzzuomat-                                            ,535 Commissioner Street                                      ,                                                             ,                                                             ,CA     ,Toronto                            ,Canada                                                       ,ON                           ,M4M 1A5    ,UMMOCOM CONNUZZUOMAT,TORONTO,ON,CA,M4M1A5
9584571,B76C324,UMMOVETUVA BXEZT TECHNOLOGIES                                    ,20 MYLER STREET                                              ,                                                             ,                                                             ,CA     ,HAMILTON                           ,Canada                                                       ,ONTARIO                      ,L8L 0B9    ,UMMOVETUVA BXEZT TECHNOLOGIES,HAMILTON,ON,CA,L8L0B9
D44AA60,99F5F6B,Umtatbtovumcuex Naet Service                                     ,65 THORNHILL DR                                              ,                                                             ,                                                             ,CA     ,DARTMOUTH                          ,Canada                                                       ,NS                           ,B3B 1R9    ,UMTATBTOVUMCUEX NAET SERVICE,DARTMOUTH,NS,CA,B3B1R9
F3B3F83,3F635B1,UMTATTAMT REIT                                                   ,PARKWAY PARK                                                 ,1386 HIGHGATE ROAD                                           ,                                                             ,CA     ,Ottawa                             ,Canada                                                       ,ON                           ,K2C 2Y6    ,UMTATTAMT REIT,OTTAWA,ON,CA,K2C2Y6
F3B3F83,3E0F1C5,UMTATTAMT REIT                                                   ,PARC KILDARE                                                 ,6575 KILDARE                                                 ,                                                             ,CA     ,COTE ST LUC                        ,Canada                                                       ,QC                           ,H4W 1B6    ,UMTATTAMT REIT,COTE ST LUC,QC,CA,H4W1B6
B6722D7,E518DF0,UMUVATZEX PROPERTY GROUP                                         ,ARMDALE PLACE                                                ,36 ABBEY RD                                                  ,                                                             ,CA     ,HALIFAX                            ,Canada                                                       ,NS                           ,B3P 2M6    ,UMUVATZEX PROPERTY GROUP,HALIFAX,NS,CA,B3P2M6
E23A505,B169E8D,Umuvatzex Property Management                                    ,4th Floor - 1900 Barrington Street                           ,                                                             ,                                                             ,CA     ,Halifax                            ,Canada                                                       ,NS                           ,B3J 2P8    ,UMUVATZEX PROPERTY MANAGEMENT,HALIFAX,NS,CA,B3J2P8
360B424,E85EDC0,UMUVATZEX PROPERTY NGNT LTD.                                     ,THE TORRINGTON                                               ,780 WINDMILL ROAD                                            ,                                                             ,CA     ,DARTMOUTH                          ,Canada                                                       ,NOVA SCOTIA                  ,B3B 1T3    ,UMUVATZEX PROPERTY NGNT,DARTMOUTH,NS,CA,B3B1T3
1513FFE,E518DF0,Umuvatzex Taexty Group                                           ,ENGINEERING                                                  ,5640 SPRING GARDEN RD                                        ,LOWER LEVEL                                                  ,CA     ,HALIFAX                            ,Canada                                                       ,NS                           ,B3J 3M7    ,UMUVATZEX TAEXTY GROUP,HALIFAX,NS,CA,B3J3M7
1513FFE,F72BC7F,Umuvatzex Taexty Group                                           ,5651 OGILVIE ST                                              ,                                                             ,                                                             ,CA     ,HALIFAX                            ,Canada                                                       ,NS                           ,B3H 1B9    ,UMUVATZEX TAEXTY GROUP,HALIFAX,NS,CA,B3H1B9
25DBD6C,1FA295E,UMUVATZUTA DE NOMTTAEX                                           ,C.A.D.I - QUAI#5                                             ,PAVILLON 512 R GUERTIN                                       ,2900 BOUL EDOUARD-MONTPETIT                                  ,CA     ,MONTREAL                           ,Canada                                                       ,QUEBEC                       ,H3T 1J4    ,UMUVATZUTA DE NOMTTAEX,MONTREAL,QC,CA,H3T1J4
FED793F,9BA5DB4,Umuvatzuté du Québac am Outeoueuz                                ,283 BOUL ALEXANDRE-TACHE                                     ,PO BOX E1250 SUCC HULL BUREAU                                ,                                                             ,CA     ,GATINEAU                           ,Canada                                                       ,QC                           ,J8X 3X7    ,UMUVATZUTE DU QUEBAC AM OUTEOUEUZ,GATINEAU,QC,CA,J8X3X7
4A741B1,F1D7789,Umzught Technologies Construction Corp.                          ,6817 Steeles Ave W                                           ,                                                             ,                                                             ,CA     ,Toronto                            ,Canada                                                       ,ON                           ,M9V 4R9    ,UMZUGHT TECHNOLOGIES CONSTRUCTION,TORONTO,ON,CA,M9V4R9
CE02118,FCDE270,UNIVERSITY HAEXTH MATWOTK                                        ,ATTN: ACCOUNTS PAYABLE                                       ,R. FRASER ELLIOTT - 2                                        ,200 ELIZABETH ST                                             ,CA     ,TORONTO                            ,Canada                                                       ,ONTARIO                      ,M5G 2C4    ,UNIVERSITY HAEXTH MATWOTK,TORONTO,ON,CA,M5G2C4
FBAB86D,C279FC3,UNIVERSITY OF TORONTO NUZZUZZEUGE                                ,SCIENCE BUILDING                                             ,1815 OUTER CIRCLE                                            ,                                                             ,CA     ,MISSISSAUGA                        ,Canada                                                       ,ON                           ,L5L 1C6    ,UNIVERSITY OF TORONTO NUZZUZZEUGE,MISSISSAUGA,ON,CA,L5L1C6
100FA29,F1D7789,University Plumbing & Haetumg ltd.                               ,3655 Keele Street                                            ,                                                             ,                                                             ,CA     ,Toronto                            ,Canada                                                       ,ON                           ,M3J 1M8    ,UNIVERSITY PLUMBING HAETUMG,TORONTO,ON,CA,M3J1M8
38969EB,8091A65,Unnaubxa Le 1510 inc.                                            ,PO Box 2085 Mississauga B                                    ,                                                             ,                                                             ,CA     ,Mississauga                        ,Canada                                                       ,ON                           ,L4Y 3W6    ,UNNAUBXA LE 1510,MISSISSAUGA,ON,CA,L4Y3W6
0B62EAD,6BBF8CB,Upaex Comctata Ltd.                                              ,10442 Route 19                                               ,                                                             ,                                                             ,CA     ,Southwest Mabou                    ,Canada                                                       ,NS                           ,B0E 1X0    ,UPAEX COMCTATA,SOUTHWEST MABOU,NS,CA,B0E1X0
DDBD9F8,8037151,UTBEM MECHANICAL COMTTECTUMG LTD                                 ,TD COMPUTER CENTRE                                           ,740 PROGRESS AVE                                             ,                                                             ,CA     ,SCARBOROUGH                        ,Canada                                                       ,ONTARIO                      ,M1H 2X3    ,UTBEM MECHANICAL COMTTECTUMG,SCARBOROUGH,ON,CA,M1H2X3
E6A1AD0,C67372D,UTZZT-Conbtaz e beyat                                            ,505 BOUL DE MAISONNEUVE O                                    ,                                                             ,                                                             ,CA     ,MONTREAL                           ,Canada                                                       ,QC                           ,H3A 3C2    ,UTZZT CONBTAZ E BEYAT,MONTREAL,QC,CA,H3A3C2
EB94512,8091A65,Uvemhoa BNT inc.                                                 ,PO Box 2085 Mississauga B                                    ,                                                             ,                                                             ,CA     ,Mississauga                        ,Canada                                                       ,ON                           ,L4Y 3W6    ,UVEMHOA BNT,MISSISSAUGA,ON,CA,L4Y3W6
9019D0B,B169E8D,UWK Haexth Centre                                                ,PO BOX 9700                                                  ,                                                             ,                                                             ,CA     ,HALIFAX                            ,Canada                                                       ,NS                           ,B3K 6R8    ,UWK HAEXTH CENTRE,HALIFAX,NS,CA,B3K6R8
D855B49,8091A65,Uxtuneta Mechanical Services Inc.                                ,3151 Lenworth Drive                                          ,                                                             ,                                                             ,CA     ,Mississauga                        ,Canada                                                       ,ON                           ,L4X 2G6    ,UXTUNETA MECHANICAL SERVICES,MISSISSAUGA,ON,CA,L4X2G6
7186F0B,,Uzoxux -Nemufectutumg/GTBtocazzumg/Woopbuma Natexz               ,                                                             ,                                                             ,                                                             ,       ,                                   ,                                                             ,                             ,           ,UZOXUX NEMUFECTUTUMG GTBTOCAZZUMG WOOPBUMA NATEXZ,,,,
7186F0B,6B225BF,Uzoxux -Nemufectutumg/GTBtocazzumg/Woopbuma Natexz               ,105 Anderson Ave                                             ,                                                             ,                                                             ,CA     ,Markham                            ,Canada                                                       ,ON                           ,L6E 1A4    ,UZOXUX NEMUFECTUTUMG GTBTOCAZZUMG WOOPBUMA NATEXZ,MARKHAM,ON,CA,L6E1A4
9861BC3,52CF224,Uzxemp Ebbay Muttutuomexz                                        ,20 Innovation Way                                            ,                                                             ,                                                             ,CA     ,Charlottetown                      ,Canada                                                       ,PE                           ,C1E 0K4    ,UZXEMP EBBAY MUTTUTUOMEXZ,CHARLOTTETOWN,PE,CA,C1E0K4
B313A4D,5594F98,UZXEMPAT OUX & GEZ INC                                           ,500 4 AVE SW                                                 ,SUITE 3000                                                   ,                                                             ,CA     ,CALGARY                            ,Canada                                                       ,AB                           ,T2P 2V6    ,UZXEMPAT OUX GEZ,CALGARY,AB,CA,T2P2V6
9C3F200,B169E8D,Vage Holdings                                                    ,150 SOLUTIONS DR                                             ,                                                             ,                                                             ,CA     ,HALIFAX                            ,Canada                                                       ,NS                           ,B3S 0E5    ,VAGE HOLDINGS,HALIFAX,NS,CA,B3S0E5
41273F0,6B225BF,Vaomaat Canada Zefaty Systems Inc.                               ,7455 BIRCHMOUNT RD                                           ,                                                             ,                                                             ,CA     ,MARKHAM                            ,Canada                                                       ,ON                           ,L3R 5C2    ,VAOMAAT CANADA ZEFATY SYSTEMS,MARKHAM,ON,CA,L3R5C2
2D92590,BC824E3,Vaxocuty Mechanical Solutions                                    ,288 Cornwall Street                                          ,                                                             ,                                                             ,CA     ,Regina                             ,Canada                                                       ,SK                           ,S4R 2G4    ,VAXOCUTY MECHANICAL SOLUTIONS,REGINA,SK,CA,S4R2G4
F5E40EC,CD3BD8F,VEXAEMT BHETNECAUTUCEXZ UMTX                                     ,2150 BOUL SAINT-ELZEAR OUEST                                 ,                                                             ,                                                             ,CA     ,LAVAL                              ,Canada                                                       ,QUEBEC                       ,H7L 4A8    ,VEXAEMT BHETNECAUTUCEXZ UMTX,LAVAL,QC,CA,H7L4A8
16FF6C6,4743F12,VEXXAM CANADA INC.                                               ,ACCOUNTS PAYABLE                                             ,130 BOUL BRUNSWICK                                           ,                                                             ,CA     ,POINTE-CLAIRE                      ,Canada                                                       ,QC                           ,H9R 5P9    ,VEXXAM CANADA,POINTE-CLAIRE,QC,CA,H9R5P9
9C13E2D,1CC232D,VT MECHANICAL SOLUTIONS INC                                      ,464 KINGSTON RD W                                            ,                                                             ,                                                             ,CA     ,AJAX                               ,ca                                                           ,ON                           ,L1T 3A3    ,VT MECHANICAL SOLUTIONS,AJAX,ON,CA,L1T3A3
2CA8FE8,46D8581,VTN Mechanical                                                   ,3 The Green Pines                                            ,                                                             ,                                                             ,CA     ,Etobicoke                          ,Canada                                                       ,ON                           ,M9C 2K5    ,VTN MECHANICAL,ETOBICOKE,ON,CA,M9C2K5
3ABE890,62B33BD,Vuamme Naet - Zofume Foopz Inc.                                  ,170 Nugget Ave.                                              ,                                                             ,                                                             ,CA     ,Scarborough                        ,Canada                                                       ,ON                           ,M1S 3A7    ,VUAMME NAET ZOFUME FOOPZ,SCARBOROUGH,ON,CA,M1S3A7
3ABE890,31F1958,Vuamme Naet - Zofume Foopz Inc.                                  ,170 NUGGET AVE                                               ,                                                             ,                                                             ,CA     ,SCARBOROUGH                        ,Canada                                                       ,ON                           ,M1S 3A7    ,VUAMME NAET ZOFUME FOOPZ,SCARBOROUGH,ON,CA,M1S3A7
27B6DD3,40B8E09,VUE Teux c/o Eumzwotth Facility Service Pazk                     ,69 Auriga Drive                                              ,                                                             ,                                                             ,CA     ,Ottawa                             ,Canada                                                       ,ON                           ,K2E 7Z2    ,VUE TEUX C O EUMZWOTTH FACILITY SERVICE PAZK,OTTAWA,ON,CA,K2E7Z2
4821EC3,F1D7789,"Vuezyztanz Technologies, Toronto                                 ",8150 Sheppard Avenue East                                    ,                                                             ,                                                             ,CA     ,Toronto                            ,Canada                                                       ,ON                           ,M1B 5K2    ,VUEZYZTANZ TECHNOLOGIES TORONTO,TORONTO,ON,CA,M1B5K2
7A431EA,8353D5E,VUMTEGA HOTAXZ                                                   ,QUEENS LANDING INN - attn: Alena                             ,155 BYRON STREET                                             ,                                                             ,CA     ,NIAGARA ON THE LAKE                ,Canada                                                       ,ON                           ,L0S 1J0    ,VUMTEGA HOTAXZ,NIAGARA ON THE LAKE,ON,CA,L0S1J0
1334FCE,F1D7789,Vuve Napue Beckegumg (Canada) Ltd.                               ,1663 NEILSON RD                                              ,                                                             ,                                                             ,CA     ,TORONTO                            ,Canada                                                       ,ON                           ,M1X 1T1    ,VUVE NAPUE BECKEGUMG CANADA,TORONTO,ON,CA,M1X1T1
228379F,92583E2,VUXXA DE PUABBA                                                  ,333 ACADIE AVENUE                                            ,CITY HALL                                                    ,                                                             ,CA     ,DIEPPE                             ,Canada                                                       ,NEW BRUNSWICK                ,E1A 1G9    ,VUXXA DE PUABBA,DIEPPE,NB,CA,E1A1G9
2F43E71,47E19FA,VUXXA DE QUEBEC                                                  ,EDIFICE ANDREE P BOUCHER - POLICE                            ,ATTN MARIO PAQUET                                            ,1130 ROUTE DE L'EGLISE - POLICE                              ,CA     ,QUEBEC                             ,Canada                                                       ,QUEBEC                       ,G1V 4X6    ,VUXXA DE QUEBEC,QUEBEC,QC,CA,G1V4X6
2F43E71,F5A2C95,VUXXA DE QUEBEC                                                  ,ARPIDROME ARENA                                              ,750 SORBONNE                                                 ,                                                             ,CA     ,QUEBEC                             ,Canada                                                       ,QUEBEC                       ,G1H 1H1    ,VUXXA DE QUEBEC,QUEBEC,QC,CA,G1H1H1
ACA3A0F,A890304,VUXXA DE TABAMTUGMY                                              ,VILLE DE REPENTIGNY                                          ,                                                             ,435 BOUL IBERVILLE                                           ,CA     ,REPENTIGNY                         ,Canada                                                       ,QUEBEC                       ,J6A 2B6    ,VUXXA DE TABAMTUGMY,REPENTIGNY,QC,CA,J6A2B6
F05E39E,E598DD2,VUXXA DE XAVUZ                                                   ,795 BOUL ALPHONSE DESJARDINS                                 ,                                                             ,                                                             ,CA     ,LEVIS                              ,Canada                                                       ,QUEBEC                       ,G6V 5T4    ,VUXXA DE XAVUZ,LEVIS,QC,CA,G6V5T4
41DBC7B,FD39761,Wabat International Beckegumg                                    ,269 RUE ADRIEN-PATENAUDE                                     ,                                                             ,                                                             ,CA     ,VAUDREUIL-DORION                   ,Canada                                                       ,QC                           ,J7V 5V5    ,WABAT INTERNATIONAL BECKEGUMG,VAUDREUIL-DORION,QC,CA,J7V5V5
30F4BC0,95AF702,WABAT SUPPLY COMPANY INC.                                        ,ROCHESTER MIDLAND-AJAX WAREHOUSE                             ,143 MILLS ROAD                                               ,                                                             ,CA     ,AJAX                               ,CA                                                           ,ONTARIO                      ,L1S 2H2    ,WABAT SUPPLY,AJAX,ON,CA,L1S2H2
6291460,E98FE1E,WATMAT ZNUTH MECHANICAL LTD                                      ,111 - 1750 HARTLEY AVE                                       ,                                                             ,                                                             ,CA     ,COQUITLAM                          ,Canada                                                       ,BRITISH COLUMBIA             ,V3K 7A1    ,WATMAT ZNUTH MECHANICAL,COQUITLAM,BC,CA,V3K7A1
860D26E,BC824E3,Waxxpoma Mechanical Services Inc.                                ,470 HENDERSON DR                                             ,                                                             ,                                                             ,CA     ,REGINA                             ,Canada                                                       ,SK                           ,S4N 5W9    ,WAXXPOMA MECHANICAL SERVICES,REGINA,SK,CA,S4N5W9
2C7D77B,2E8B0AF,WAXXUMGTOM PLUMBING & HAETUMG                                    ,656 IMPERIAL RD N                                            ,                                                             ,                                                             ,CA     ,GUELPH                             ,Canada                                                       ,ONTARIO                      ,N1H 7M3    ,WAXXUMGTOM PLUMBING HAETUMG,GUELPH,ON,CA,N1H7M3
5F17A86,,Wazt Hemtz Taguomex Numucubexuty                                 ,                                                             ,                                                             ,                                                             ,       ,                                   ,                                                             ,                             ,           ,WAZT HEMTZ TAGUOMEX NUMUCUBEXUTY,,,,
2E8FB3C,3AA8CA3,WAZT OEK VILLAGE                                                 ,2370 THIRD LINE                                              ,                                                             ,                                                             ,CA     ,OAKVILLE                           ,Canada                                                       ,ON                           ,L6M 4E2    ,WAZT OEK VILLAGE,OAKVILLE,ON,CA,L6M4E2
CD387E6,F1D7789,WAZTOM GETPAMZ                                                   ,303 QUEENS DR                                                ,                                                             ,                                                             ,CA     ,TORONTO                            ,Canada                                                       ,ON                           ,M6L 3C1    ,WAZTOM GETPAMZ,TORONTO,ON,CA,M6L3C1
027866F,4AE0C6D,WAZTPEXA PROPERTIES                                              ,COMMERCIAL BUILDING                                          ,                                                             ,185 SHAUGHNESSY BLVD                                         ,CA     ,TORONTO                            ,Canada                                                       ,ONTARIO                      ,M2J 1K2    ,WAZTPEXA PROPERTIES,TORONTO,ON,CA,M2J1K2
3D17C32,F2BEAFF,WAZTTOCK COMPANY OF CANADA CORP                                  ,PO BOX 28849                                                 ,                                                             ,                                                             ,US     ,JACKSONVILLE                       ,United States                                                ,FL                           ,32226-8849 ,WAZTTOCK OF CANADA,JACKSONVILLE,FL,US,322268849
D4DE0C9,AE2A91C,"WAZTTOCK COMPANY OF CANADA, INC.                                 ",PO BOX 28849                                                 ,                                                             ,                                                             ,US     ,JACKSONVILLE                       ,United States                                                ,FL                           ,32226-8849 ,WAZTTOCK OF CANADA,JACKSONVILLE,FL,US,322268849
E1BA69E,D55A651,WAZTWOOP DEVELOPMENTS                                            ,310-5881 SPRING GARDEN RD                                    ,                                                             ,                                                             ,CA     ,HALIFAX                            ,Canada                                                       ,NOVA SCOTIA                  ,B3H 4S2    ,WAZTWOOP DEVELOPMENTS,HALIFAX,NS,CA,B3H4S2
FE329DF,B169E8D,Waztwoop Group                                                   ,5881 SPRING GARDEN RD                                        ,SUITE 100                                                    ,                                                             ,CA     ,HALIFAX                            ,Canada                                                       ,NS                           ,B3H 4S3    ,WAZTWOOP GROUP,HALIFAX,NS,CA,B3H4S3
DC3A410,DCFC9B3,WEPPUMGTOM NCCXAEM & CO                                          ,& 1665637 ONTARIO                                            ,275 KING ST EAST                                             ,                                                             ,CA     ,TORONTO                            ,Canada                                                       ,ONTARIO                      ,M5K 1K2    ,WEPPUMGTOM NCCXAEM,TORONTO,ON,CA,M5K1K2
9F106A0,BC824E3,Wetat Warehouse                                                  ,1540 Park Street                                             ,                                                             ,                                                             ,CA     ,Regina                             ,Canada                                                       ,SK                           ,S4N 2G1    ,WETAT WAREHOUSE,REGINA,SK,CA,S4N2G1
F2666E9,BC824E3,Wetmat Industries                                                ,330 4 Ave East                                               ,                                                             ,                                                             ,CA     ,Regina                             ,Canada                                                       ,SK                           ,S4W 4Z6    ,WETMAT INDUSTRIES,REGINA,SK,CA,S4W4Z6
6F673A1,BC824E3,Wevatxy Nemot                                                    ,#100 - 1830 College Ave                                      ,                                                             ,                                                             ,CA     ,Regina                             ,Canada                                                       ,SK                           ,S4P 1C2    ,WEVATXY NEMOT,REGINA,SK,CA,S4P1C2
4FA7042,1C5A7A0,Wexkat'z Wetat Systems                                           ,321 MAIN ST.                                                 ,PO BOX 312                                                   ,                                                             ,CA     ,KIPLING                            ,Canada                                                       ,SK                           ,S0G 2S0    ,WEXKATZ WETAT SYSTEMS,KIPLING,SK,CA,S0G2S0
F229772,C67372D,Wexnem                                                           ,"4605, avenue du Parc                                         ",                                                             ,                                                             ,CA     ,Montreal                           ,Canada                                                       ,QC                           ,H2V 4E4    ,WEXNEM,MONTREAL,QC,CA,H2V4E4
96DA6C4,CDAEB19,WHUTA TEMMUMG CO LTD                                             ,RR 4                                                         ,                                                             ,                                                             ,CA     ,ROCKWOOD                           ,Canada                                                       ,ON                           ,N0B 2K0    ,WHUTA TEMMUMG,ROCKWOOD,ON,CA,N0B2K0
01B365F,DCFC9B3,WOMPAT BTEMPZ                                                    ,C/O ROCHESTER MIDLAND LTD.                                   ,5353 JOHN LUCAS DRIVE - STE. 103                             ,                                                             ,CA     ,BURLINGTON                         ,Canada                                                       ,ONTARIO                      ,L7L 6G5    ,WOMPAT BTEMPZ,BURLINGTON,ON,CA,L7L6G5
E57DB96,,Woop14Haetumg Canada Inc                                          ,                                                             ,                                                             ,                                                             ,       ,                                   ,                                                             ,                             ,           ,WOOP14HAETUMG CANADA,,,,
2D0DB8A,B309E69,WoopGtaam                                                        ,31 King Street                                               ,                                                             ,                                                             ,CA     ,YORK                               ,Canada                                                       ,ON                           ,M9N 3R7    ,WOOPGTAAM,YORK,ON,CA,M9N3R7
2D0DB8A,F1D7789,WoopGtaam                                                        ,SUITE 100                                                    ,815 THE DANFORTH AVENUE 3RD FLOOR                            ,                                                             ,CA     ,TORONTO                            ,Canada                                                       ,ON                           ,M4J 1L2    ,WOOPGTAAM,TORONTO,ON,CA,M4J1L2
09D7AF9,F1D7789,WPK Management                                                   ,221 Victoria Street                                          ,                                                             ,                                                             ,CA     ,Toronto                            ,Canada                                                       ,ON                           ,M5B 1T8    ,WPK MANAGEMENT,TORONTO,ON,CA,M5B1T8
D9E0913,36DB183,WUMXEMP FOOPZ                                                    ,944 HIGHWAY #8                                               ,                                                             ,                                                             ,CA     ,WINONA                             ,Canada                                                       ,ON                           ,L8E 5S3    ,WUMXEMP FOOPZ,WINONA,ON,CA,L8E5S3
D41D4E1,FB25BFD,WUTTUMGTOM PROPERTIES  LTD                                       ,WITTINGTON PROPERTIES  LTD                                   ,                                                             ,500-22 ST CLAIR AVE E                                        ,CA     ,TORONTO                            ,Canada                                                       ,ONTARIO                      ,M4T 2S3    ,WUTTUMGTOM PROPERTIES,TORONTO,ON,CA,M4T2S3
C2DFEBD,F1D7789,Wuttumgtom Properties Limited  Ontario Region                    ,NXS #: 1259946 - 75230                                       ,700-22 St Clair Ave E                                        ,                                                             ,CA     ,Toronto                            ,Canada                                                       ,ON                           ,M4T 2S5    ,WUTTUMGTOM PROPERTIES ONTARIO REGION,TORONTO,ON,CA,M4T2S5
3956002,DCFC9B3,WUXXNET AUGHT HOUZUMG CO-OBATETUVA                               ,25 BRUCEWOOD CRES                                            ,                                                             ,                                                             ,CA     ,TORONTO                            ,Canada                                                       ,ONTARIO                      ,M6A 3C9    ,WUXXNET AUGHT HOUZUMG OBATETUVA,TORONTO,ON,CA,M6A3C9
B846398,,Wuxzhuta Mechanical                                              ,                                                             ,                                                             ,                                                             ,       ,                                   ,                                                             ,                             ,           ,WUXZHUTA MECHANICAL,,,,
28B93F6,B7BD9E5,WUZNE NAGE UMPEH INC                                             ,ZZZZCREDITVALE MILLSZZZ SEE CUST#201284                      ,1535 & 1555  SOUTH PARADE CRT                                ,                                                             ,CA     ,MISSISSAUGA                        ,Canada                                                       ,ON                           ,L5M 0T7    ,WUZNE NAGE UMPEH,MISSISSAUGA,ON,CA,L5M0T7
9CA8CD2,4EB3174,WZCC 470                                                         ,C/O SANDERSON MGMT INC                                       ,30 WATER ST                                                  ,                                                             ,CA     ,KITCHENER                          ,Canada                                                       ,ONTARIO                      ,N2H 5A8    ,WZCC 470,KITCHENER,ON,CA,N2H5A8
C341DD2,73FCAD5,X.G. Ttezk Holdings Limited                                      ,396 MAIN ST                                                  ,SUITE 201B                                                   ,                                                             ,CA     ,YARMOUTH                           ,Canada                                                       ,NS                           ,B5A 1E9    ,X G TTEZK HOLDINGS,YARMOUTH,NS,CA,B5A1E9
C10EA5E,438F7D8,X J BETTOM MECHANICAL INC                                        ,1341 OSPREY DRIVE                                            ,                                                             ,UNIT#4                                                       ,CA     ,ANCASTER                           ,Canada                                                       ,ONTARIO                      ,L9G 4V5    ,X J BETTOM MECHANICAL,ANCASTER,ON,CA,L9G4V5
2AB026B,8CA9945,X. J. BETTOM MECHANICAL INC.                                     ,1341 OSPREY DR UNIT 4                                        ,                                                             ,                                                             ,CA     ,ANCASTER                           ,Canada                                                       ,ONTARIO                      ,L9G 4V5    ,X J BETTOM MECHANICAL,ANCASTER,ON,CA,L9G4V5
2AB026B,438F7D8,X. J. BETTOM MECHANICAL INC.                                     ,1341 OSPREY DR                                               ,UNIT 4                                                       ,                                                             ,CA     ,ANCASTER                           ,Canada                                                       ,ON                           ,L9G 4V5    ,X J BETTOM MECHANICAL,ANCASTER,ON,CA,L9G4V5
36A4635,5EB9B67,X.J Tobuchaeu & Zom Fuzhatuaz Ltd.                               ,14 Freeman St                                                ,                                                             ,                                                             ,CA     ,Middleton                          ,Canada                                                       ,NS                           ,B0S 1P0    ,X J TOBUCHAEU ZOM FUZHATUAZ,MIDDLETON,NS,CA,B0S1P0
FEA7AB8,9F0015A,XAEPAT PLUMBING & HAETUMG INC                                    ,91 HAIST AVE UNIT 3                                          ,                                                             ,                                                             ,CA     ,WOODBRIDGE                         ,Canada                                                       ,ONTARIO                      ,L4L 5V5    ,XAEPAT PLUMBING HAETUMG,WOODBRIDGE,ON,CA,L4L5V5
FEA7AB8,65A89A1,XAEPAT PLUMBING & HAETUMG INC                                    ,91 HAIST AVENUE                                              ,UNIT 3                                                       ,                                                             ,CA     ,WOODBRIDGE                         ,CA                                                           ,ONTARIO                      ,L4L 5V5    ,XAEPAT PLUMBING HAETUMG,WOODBRIDGE,ON,CA,L4L5V5
8101CD9,3905F34,XAETOM LTD                                                       ,ATT: ACCOUNTS PAYABLE                                        ,150 CONSUMERS RD                                             ,SUITE 207                                                    ,CA     ,NORTH YORK                         ,Canada                                                       ,ON                           ,M2J 1P9    ,XAETOM,NORTH YORK,ON,CA,M2J1P9
C9B7E56,F1D7789,XAV MYC LP                                                       ,700 LAWRENCE AVE WEST SUITE 375                              ,WEST OFFICE TOWER                                            ,                                                             ,CA     ,TORONTO                            ,Canada                                                       ,ON                           ,M6A 3B4    ,XAV MYC,TORONTO,ON,CA,M6A3B4
5C0F1CF,BC824E3,XAX Ucomuc Properties Inc.                                       ,300 - 2151 Scarth Street                                     ,                                                             ,                                                             ,CA     ,Regina                             ,Canada                                                       ,SK                           ,S4P 2H8    ,XAX UCOMUC PROPERTIES,REGINA,SK,CA,S4P2H8
A42E22E,2E8B0AF,Xectemat Canada                                                  ,"660 Speedvale Avenue West, Suite 101                         ",                                                             ,                                                             ,CA     ,Guelph                             ,Canada                                                       ,ON                           ,N1K 1E5    ,XECTEMAT CANADA,GUELPH,ON,CA,N1K1E5
DC85D78,F1D7789,XEKAZHOTA VILLAGE ETTUZTZ CO-OB INC                              ,35 BRADHAM PATH                                              ,                                                             ,                                                             ,CA     ,TORONTO                            ,Canada                                                       ,ONTARIO                      ,M8V 3Z9    ,XEKAZHOTA VILLAGE ETTUZTZ OB,TORONTO,ON,CA,M8V3Z9
F1FF2F9,F1D7789,Xempe Kammapy Office Limited Bettmatzhub                         ,Management Ltd.                                              ,812/4936 Yonge Street                                        ,                                                             ,CA     ,Toronto                            ,Canada                                                       ,ON                           ,M2N 6S3    ,XEMPE KAMMAPY OFFICE BETTMATZHUB,TORONTO,ON,CA,M2N6S3
1CB9695,3118285,XET-NAX INC                                                      ,5509 CANOTEK ROAD                                            ,UNIT 4                                                       ,                                                             ,CA     ,GLOUCESTER                         ,Canada                                                       ,ONTARIO                      ,K1J 9J8    ,XET NAX,GLOUCESTER,ON,CA,K1J9J8
193AFFC,765812E,X'ETAME DES CEMEPUAMZ INC                                        ,1275 RUE SAINT-ANTOINE O                                     ,                                                             ,                                                             ,CA     ,MONTREAL                           ,Canada                                                       ,QC                           ,H3C 5L2    ,XETAME DES CEMEPUAMZ,MONTREAL,QC,CA,H3C5L2
E8A6085,7C73983,XEWTAMCA CONSTRUCTION CO. LTD.                                   ,1135 LESLIE ST                                               ,                                                             ,                                                             ,CA     ,DON MILLS                          ,Canada                                                       ,ONTARIO                      ,M3C 2K7    ,XEWTAMCA CONSTRUCTION,DON MILLS,ON,CA,M3C2K7
E8A6085,1C8786B,XEWTAMCA CONSTRUCTION CO. LTD.                                   ,2263 WESTON RD                                               ,                                                             ,                                                             ,CA     ,YORK                               ,Canada                                                       ,ON                           ,M9N 1Z5    ,XEWTAMCA CONSTRUCTION,YORK,ON,CA,M9N1Z5
E76A672,ECEB307,XOBXEW'Z INC.                                                    ,101 WESTON ST                                                ,                                                             ,                                                             ,CA     ,WINNIPEG                           ,Canada                                                       ,MB                           ,R3E 2T4    ,XOBXEWZ,WINNIPEG,MB,CA,R3E2T4
D850FA6,EEAADD6,Xobxewz  Inc.                                                    ,1 President's Choice Circle                                  ,                                                             ,                                                             ,CA     ,Brampton                           ,Canada                                                       ,ON                           ,L6Y 5S5    ,XOBXEWZ,BRAMPTON,ON,CA,L6Y5S5
8C73027,5FCC0F1,Xobxewz Inc. (Btenbtom Quetty Apga)                              ,# 5548                                                       ,1275 Rymal Road East                                         ,                                                             ,CA     ,Hamilton                           ,Canada                                                       ,ON                           ,L8W 3N1    ,XOBXEWZ BTENBTOM QUETTY APGA,HAMILTON,ON,CA,L8W3N1
3273BC1,8784BDF,Xobxewz Inc. (Bxeumz Road)                                       ,# 78                                                         ,1059 Plains Rd.                                              ,                                                             ,CA     ,Burlington                         ,Canada                                                       ,ON                           ,L7T 4K1    ,XOBXEWZ BXEUMZ ROAD,BURLINGTON,ON,CA,L7T4K1
1324163,5FCC0F1,Xobxewz Inc. (Hughwey 30 & 63 2026)                              ,# 46                                                         ,1275 Rymal Road East                                         ,                                                             ,CA     ,Hamilton                           ,Canada                                                       ,ON                           ,L8W 3N1    ,XOBXEWZ HUGHWEY 30 63 2026,HAMILTON,ON,CA,L8W3N1
73744AA,5FCC0F1,Xobxewz Inc. (Maw Street 2029)                                   ,# 2268                                                       ,1275 Rymal Road East                                         ,                                                             ,CA     ,Hamilton                           ,Canada                                                       ,ON                           ,L8W 3N1    ,XOBXEWZ MAW STREET 2029,HAMILTON,ON,CA,L8W3N1
0212160,5FCC0F1,Xobxewz Inc.  (Neum Street) Ltd.                                 ,1275 RYMAL RD E                                              ,                                                             ,                                                             ,CA     ,HAMILTON                           ,Canada                                                       ,ON                           ,L8W 3N1    ,XOBXEWZ NEUM STREET,HAMILTON,ON,CA,L8W3N1
B361C56,5FCC0F1,Xobxewz Inc. (Ubbat Nuppxa 2028)                                 ,1275 RYMAL RD E                                              ,                                                             ,                                                             ,CA     ,HAMILTON                           ,Canada                                                       ,ON                           ,L8W 3N1    ,XOBXEWZ UBBAT NUPPXA 2028,HAMILTON,ON,CA,L8W3N1
DC03546,E45E887,XOCEX 85 CO-OB                                                   ,60 RICHMOND ST EAST                                          ,                                                             ,                                                             ,CA     ,TORONTO                            ,Canada                                                       ,ONTARIO                      ,M5C 1N8    ,XOCEX 85 OB,TORONTO,ON,CA,M5C1N8
D8A55ED,8ED1B78,"Xomgvuaw Evuetuom Properties Inc.,                               ",5750 Explorer Drive                                          ,                                                             ,                                                             ,CA     ,Mississauga                        ,Canada                                                       ,ON                           ,L4W 0A9    ,XOMGVUAW EVUETUOM PROPERTIES,MISSISSAUGA,ON,CA,L4W0A9
2626685,9B822B1,XOMPOM CLUB LTD                                                  ,177 QUEENS AVENUE                                            ,                                                             ,                                                             ,CA     ,LONDON                             ,Canada                                                       ,ONTARIO                      ,N6A 1J1    ,XOMPOM CLUB,LONDON,ON,CA,N6A1J1
2B77852,74DE965,Xowthat Taftugatetuom                                            ,2666 W River Rd                                              ,                                                             ,                                                             ,CA     ,Clyde River                        ,Canada                                                       ,PE                           ,C0A 1H3    ,XOWTHAT TAFTUGATETUOM,CLYDE RIVER,PE,CA,C0A1H3
931F97E,99F5F6B,Xumpzey Construction                                             ,105 - 134 Eileen Stubbs Avenue                               ,                                                             ,                                                             ,CA     ,Dartmouth                          ,Canada                                                       ,NS                           ,           ,XUMPZEY CONSTRUCTION,DARTMOUTH,NS,CA,
C1BD038,CD29DAB,X’équuba de gaztuom unnobuxuèta Xeucemptuqua                     ,4305 BOUL LAPINIERE                                          ,BUREAU 100                                                   ,                                                             ,CA     ,BROSSARD                           ,Canada                                                       ,QC                           ,J4Z 3H8    ,X’EQUUBA DE GAZTUOM UNNOBUXUETA XEUCEMPTUQUA,BROSSARD,QC,CA,J4Z3H8
501AD56,F1D7789,YCC202                                                           ,C/O COMFIELD MANAGEMENT SERVICES INC                         ,1135 LOGAN AVE                                               ,                                                             ,CA     ,TORONTO                            ,Canada                                                       ,ON                           ,M4K 3Y2    ,YCC202,TORONTO,ON,CA,M4K3Y2
E08CBB4,90A9287,YNCE OF MUEGETE                                                  ,ATT; ACCOUNTS PAYABLE                                        ,43 CHURCH ST                                                 ,SUITE 104                                                    ,CA     ,ST CATHARINES                      ,Canada                                                       ,ONTARIO                      ,L2R 7E1    ,YNCE OF MUEGETE,SAINT CATHARINES,ON,CA,L2R7E1
E08CBB4,975B0AF,YNCE OF MUEGETE                                                  ,ACCOUNTS PAYABLE                                             ,3-300 BUNTING RD                                             ,                                                             ,CA     ,ST CATHARINES                      ,Canada                                                       ,ON                           ,L2M 7X3    ,YNCE OF MUEGETE,SAINT CATHARINES,ON,CA,L2M7X3
BB58D4C,CC5A548,Yotk Zuncoa Management Services                                  ,431 Huronia Rd. Unit 5                                       ,                                                             ,                                                             ,CA     ,Barrie                             ,Canada                                                       ,ON                           ,L4N 9B3    ,YOTK ZUNCOA MANAGEMENT SERVICES,BARRIE,ON,CA,L4N9B3
25D4FD5,374A25A,YTPZB - BXEMT SERVICES                                           ,ACADEMIE DE LA MORAINE                                       ,115 RUE GEORGES                                              ,                                                             ,CA     ,AURORA                             ,Canada                                                       ,ONTARIO                      ,L4G 2S3    ,YTPZB BXEMT SERVICES,AURORA,ON,CA,L4G2S3
25D4FD5,DA9B9D6,YTPZB - BXEMT SERVICES                                           ,DENNE PS                                                     ,330 BURFORD ST                                               ,                                                             ,CA     ,NEWMARKET                          ,Canada                                                       ,ONTARIO                      ,L3Y 6L1    ,YTPZB BXEMT SERVICES,NEWMARKET,ON,CA,L3Y6L1
25D4FD5,CAC48E9,YTPZB - BXEMT SERVICES                                           ,RICHMOND HILL HS                                             ,201 YORKLAND ST                                              ,                                                             ,CA     ,RICHMOND HILL                      ,Canada                                                       ,ONTARIO                      ,L4S 1A2    ,YTPZB BXEMT SERVICES,RICHMOND HILL,ON,CA,L4S1A2
25D4FD5,60C6568,YTPZB - BXEMT SERVICES                                           ,PIERRE BERTON PS                                             ,470 VIA CAMPANILE                                            ,                                                             ,CA     ,VAUGHAN                            ,Canada                                                       ,ONTARIO                      ,L4H 0X9    ,YTPZB BXEMT SERVICES,VAUGHAN,ON,CA,L4H0X9
25D4FD5,0B298EA,YTPZB - BXEMT SERVICES                                           ,PINE GROVE PS                                                ,86 GAMBLE ST                                                 ,                                                             ,CA     ,WOODBRIDGE                         ,Canada                                                       ,ONTARIO                      ,L4L 1R2    ,YTPZB BXEMT SERVICES,WOODBRIDGE,ON,CA,L4L1R2
D9A9731,C2E18E0,YTZCC 1055                                                       ,1 Maison Parc Court                                          ,                                                             ,                                                             ,CA     ,Thornhill                          ,Canada                                                       ,ON                           ,L4J 9K1    ,YTZCC 1055,THORNHILL,ON,CA,L4J9K1
561C8A2,850025C,YTZCC 982                                                        ,C/O MANAGEMENT OFFICE                                        ,9015 LESLIE ST                                               ,                                                             ,CA     ,RICHMOND HILL                      ,Canada                                                       ,ONTARIO                      ,L4B 4J8    ,YTZCC 982,RICHMOND HILL,ON,CA,L4B4J8
AAA0A2D,4F46A21,Z.B. THATNEX SYSTEMS                                             ,248 OTTAWA ST N                                              ,                                                             ,                                                             ,CA     ,HAMILTON                           ,Canada                                                       ,ON                           ,L8H 3Z7    ,Z B THATNEX SYSTEMS,HAMILTON,ON,CA,L8H3Z7
AAA0A2D,36DB183,Z.B. THATNEX SYSTEMS                                             ,540 ARVIN AVE                                                ,                                                             ,                                                             ,CA     ,STONEY CREEK                       ,Canada                                                       ,ON                           ,L8E 5P1    ,Z B THATNEX SYSTEMS,STONEY CREEK,ON,CA,L8E5P1
AD78646,ECEB307,Z B TUCHETPZ                                                     ,1325 CLARK BLVD                                              ,                                                             ,                                                             ,CA     ,BRAMPTON                           ,Canada                                                       ,ON                           ,L6T 5R5    ,Z B TUCHETPZ,BRAMPTON,ON,CA,L6T5R5
E661D57,B345BCC,ZABH EUT MECHANICAL                                              ,PO BOX 206                                                   ,                                                             ,                                                             ,CA     ,ZEPHYR                             ,Canada                                                       ,ON                           ,L0E 1T0    ,ZABH EUT MECHANICAL,ZEPHYR,ON,CA,L0E1T0
C202EBA,99F5F6B,Zaeboumt Hetbout Uzxa (2025) Inc                                 ,45 Alderney Drive                                            ,Suite 910                                                    ,                                                             ,CA     ,Dartmouth                          ,Canada                                                       ,NS                           ,B2Y 2N6    ,ZAEBOUMT HETBOUT UZXA 2025,DARTMOUTH,NS,CA,B2Y2N6
D08340E,4E159CE,Zaguum Nottuz                                                    ,3170 RIDGEWAY DR                                             ,UNIT 3&4                                                     ,                                                             ,CA     ,MISSISSAUGA                        ,CANADA                                                       ,ON                           ,L5L 5R4    ,ZAGUUM NOTTUZ,MISSISSAUGA,ON,CA,L5L5R4
7978D83,8091A65,Zaguum  Nottuz                                                   ,3170 RIDGEWAY DR                                             ,UNIT 3&4                                                     ,                                                             ,CA     ,MISSISSAUGA                        ,Canada                                                       ,ON                           ,L5L 5R4    ,ZAGUUM NOTTUZ,MISSISSAUGA,ON,CA,L5L5R4
103FE76,91BF2B5,Zantach Corporation                                              ,4281 HARVESTER RD                                            ,                                                             ,                                                             ,CA     ,BURLINGTON                         ,Canada                                                       ,ON                           ,L7L 5M4    ,ZANTACH,BURLINGTON,ON,CA,L7L5M4
A88D5C2,F5AD5EF,ZAXACT FOOP PRODUCTS                                             ,120 SUNRISE AVE                                              ,                                                             ,                                                             ,CA     ,NORTH YORK                         ,Canada                                                       ,ON                           ,M4A 1B4    ,ZAXACT FOOP PRODUCTS,NORTH YORK,ON,CA,M4A1B4
FCF1B51,1E132C6,Zaxactuva Eut Systems                                            ,20 RIVERMEDE RD                                              ,                                                             ,                                                             ,CA     ,CONCORD                            ,Canada                                                       ,ON                           ,L4K 3N3    ,ZAXACTUVA EUT SYSTEMS,CONCORD,ON,CA,L4K3N3
49E5BE4,F1D7789,Zbac Futmututa                                                   ,165 City View Drive                                          ,                                                             ,                                                             ,CA     ,Toronto                            ,Canada                                                       ,ON                           ,M9W 5B1    ,ZBAC FUTMUTUTA,TORONTO,ON,CA,M9W5B1
09E0870,E2A1385,ZCOTUE XAETMUMG CAMTTAZ                                          ,ECOLE BEAUBASSIN                                             ,54 LARRY UTECK BLVD                                          ,                                                             ,CA     ,HALIFAX                            ,Canada                                                       ,NOVA SCOTIA                  ,B3M 4R9    ,ZCOTUE XAETMUMG CAMTTAZ,HALIFAX,NS,CA,B3M4R9
79A53E5,318B60D,Zeemp Taxpexa                                                    ,355 Attwell Drive                                            ,                                                             ,                                                             ,CA     ,Rexdale                            ,Canada                                                       ,ON                           ,M9W 5C2    ,ZEEMP TAXPEXA,REXDALE,ON,CA,M9W5C2
8F55C5C,A4B8138,ZEFATY AXBTAZZ                                                   ,965 POWELL AVE                                               ,                                                             ,                                                             ,CA     ,WINNIPEG                           ,Canada                                                       ,MB                           ,R3H 0H4    ,ZEFATY AXBTAZZ,WINNIPEG,MB,CA,R3H0H4
75FA1E5,074C5D0,Zefawey                                                          ,1020 64 AVE NE                                               ,                                                             ,                                                             ,CA     ,CALGARY                            ,Canada                                                       ,AB                           ,T2E 7V8    ,ZEFAWEY,CALGARY,AB,CA,T2E7V8
9571918,40B8E09,ZEMNUME CORPORATION                                              ,500 MARCH RD                                                 ,                                                             ,                                                             ,CA     ,KANATA                             ,Canada                                                       ,ON                           ,K2K 0J9    ,ZEMNUME,KANATA,ON,CA,K2K0J9
E1A0D8F,BC824E3,Zemte Netue Zamuot Cutuzamz Hona                                 ,4215 REGINA AVE                                              ,                                                             ,                                                             ,CA     ,REGINA                             ,Canada                                                       ,SK                           ,S4S 0J5    ,ZEMTE NETUE ZAMUOT CUTUZAMZ HONA,REGINA,SK,CA,S4S0J5
057FFEA,C67372D,Zemunex EBB                                                      ,9900 Bd Maurice-Duplessis                                    ,                                                             ,                                                             ,CA     ,Montr??al                          ,Canada                                                       ,QC                           ,H1C 1G1    ,ZEMUNEX EBB,MONTR??AL,QC,CA,H1C1G1
ABC31BB,5AD2247,ZezkAmatgy Incorporated                                          ,1777 VICTORIA AVE                                            ,                                                             ,                                                             ,CA     ,Regina                             ,Canada                                                       ,SK                           ,S4P 4K5    ,ZEZKAMATGY INCORPORATED,REGINA,SK,CA,S4P4K5
A365922,514B3C8,ZEZKETCHAWEM HAEXTH EUTHOTUTY                                    ,606 SPADINA CRES E                                           ,                                                             ,                                                             ,CA     ,SASKATOON                          ,Canada                                                       ,SK                           ,S7K 3H1    ,ZEZKETCHAWEM HAEXTH EUTHOTUTY,SASKATOON,SK,CA,S7K3H1
14319AE,772E8FD,Zezketchawem Haexth Euthotuty                                    ,311 2nd Ave E                                                ,                                                             ,                                                             ,CA     ,Lampman                            ,Canada                                                       ,SK                           ,S0C 1N0    ,ZEZKETCHAWEM HAEXTH EUTHOTUTY,LAMPMAN,SK,CA,S0C1N0
4F7CC7E,BC824E3,Zezketchawem Haexth Euthotuty - Betkzupa                         ,4540 RAE ST                                                  ,                                                             ,                                                             ,CA     ,REGINA                             ,Canada                                                       ,SK                           ,S4S 3B4    ,ZEZKETCHAWEM HAEXTH EUTHOTUTY BETKZUPA,REGINA,SK,CA,S4S3B4
79206FE,BC824E3,ZezkTax                                                          ,2121 Saskatchewan Dr                                         ,                                                             ,                                                             ,CA     ,Regina                             ,Canada                                                       ,SK                           ,S4P 3Y2    ,ZEZKTAX,REGINA,SK,CA,S4P3Y2
869518A,5A98A43,ZHAAME CHEMPETUE                                                 ,23 PARK LANE CIR                                             ,                                                             ,                                                             ,CA     ,TORONTO                            ,Canada                                                       ,ON                           ,M3B 1Z8    ,ZHAAME CHEMPETUE,TORONTO,ON,CA,M3B1Z8
4C098B9,1457D79,ZHATUPEM UMZT OF TACH & EPV XAETMUMG                             ,DAVIS BRAMPTON CAMPUS                                        ,7899 MCLAUGHLIN RD                                           ,                                                             ,CA     ,BRAMPTON                           ,Canada                                                       ,ON                           ,L6Y 5H9    ,ZHATUPEM UMZT OF TACH EPV XAETMUMG,BRAMPTON,ON,CA,L6Y5H9
4C098B9,B7BD9E5,ZHATUPEM UMZT OF TACH & EPV XAETMUMG                             ,HMC MISSISSAUGA CAMPUS B WING                                ,4180 DUKE OF YORK BLVD - B WING                              ,                                                             ,CA     ,MISSISSAUGA                        ,Canada                                                       ,ON                           ,L5B 0G5    ,ZHATUPEM UMZT OF TACH EPV XAETMUMG,MISSISSAUGA,ON,CA,L5B0G5
BF8E9AE,DCFC9B3,ZHEWCOT LTD                                                      ,25 BETHRIDGE RD                                              ,                                                             ,                                                             ,CA     ,TORONTO                            ,Canada                                                       ,ONTARIO                      ,M9W 1M7    ,ZHEWCOT,TORONTO,ON,CA,M9W1M7
500E29B,46D8581,ZHEWCOT LTD                                                      ,25 BETHRIDGE ROAD                                            ,                                                             ,                                                             ,CA     ,ETOBICOKE                          ,Canada                                                       ,ONTARIO                      ,M9W 1M7    ,ZHEWCOT,ETOBICOKE,ON,CA,M9W1M7
7807370,5FCC0F1,ZKYXUMA MANAGEMENT INC                                           ,222 GAGE STREET SOUTH                                        ,                                                             ,                                                             ,CA     ,HAMILTON                           ,Canada                                                       ,ONTARIO                      ,L8M 3M4    ,ZKYXUMA MANAGEMENT,HAMILTON,ON,CA,L8M3M4
1B5ADC5,F89FA57,ZMC -PO MOT UZA - CEMCAXXAP                                      ,DO NOT USE - SEE # 135187                                    ,770 GIBBONS ROAD                                             ,                                                             ,CA     ,RENFREW                            ,Canada                                                       ,ONTARIO                      ,K7V 4N1    ,ZMC PO MOT UZA CEMCAXXAP,RENFREW,ON,CA,K7V4N1
CC6E5B6,F38082F,ZMC - XEVEXUM OBATETUOMZ & NEUMTAMEMCA INC.                      ,L.H NICHOLSON BLDG RCMP HQ                                   ,1200 VANIER PARKWAY                                          ,                                                             ,CA     ,OTTAWA                             ,Canada                                                       ,ONTARIO                      ,K1A 0R2    ,ZMC XEVEXUM OBATETUOMZ NEUMTAMEMCA,OTTAWA,ON,CA,K1A0R2
CC6E5B6,FAB9794,ZMC - XEVEXUM OBATETUOMZ & NEUMTAMEMCA INC.                      ,1600 CARLING AVENUE                                          ,BOX 21 8TH FLR - 539676                                      ,ATTN: RECEPTS DOWNTOWN - 26025                               ,CA     ,OTTAWA                             ,Canada                                                       ,ONTARIO                      ,K1Z 1G3    ,ZMC XEVEXUM OBATETUOMZ NEUMTAMEMCA,OTTAWA,ON,CA,K1Z1G3
CC6E5B6,90B68C3,ZMC - XEVEXUM OBATETUOMZ & NEUMTAMEMCA INC.                      ,CONFERENCE CENTER                                            ,2 RIDEAU STREET                                              ,                                                             ,CA     ,OTTAWA                             ,Canada                                                       ,ONTARIO                      ,K1N 8X5    ,ZMC XEVEXUM OBATETUOMZ NEUMTAMEMCA,OTTAWA,ON,CA,K1N8X5
3B6D4A1,90B68C3,ZMC - XEVEXUM OBATETUOMZ & NEUMTAMEMCA INC.                      ,601 BOOTH STREET                                             ,                                                             ,                                                             ,CA     ,OTTAWA                             ,Canada                                                       ,ONTARIO                      ,K1A 0E8    ,ZMC XEVEXUM OBATETUOMZ NEUMTAMEMCA,OTTAWA,ON,CA,K1A0E8
E7E42F6,8C222EF,ZMC - XEVEXUM OBATETUOMZ & NEUMTAMEMCA INC.                      ,"1600 CARLING AVE, 8TH FL, BOX 21                             ",                                                             ,                                                             ,CA     ,OTTAWA                             ,Canada                                                       ,ONTARIO                      ,K1Z 1G3    ,ZMC XEVEXUM OBATETUOMZ NEUMTAMEMCA,OTTAWA,ON,CA,K1Z1G3
E7E42F6,BC3FDA9,ZMC - XEVEXUM OBATETUOMZ & NEUMTAMEMCA INC.                      ,"1600 CARLING AVE, 8TH FL, BOX 21                             ",                                                             ,                                                             ,CA     ,OTTAWA                             ,Canada                                                       ,ONTARIO                      ,K1Z 1G3    ,ZMC XEVEXUM OBATETUOMZ NEUMTAMEMCA,OTTAWA,ON,CA,K1Z1G3
E7E42F6,3EB6F6C,ZMC - XEVEXUM OBATETUOMZ & NEUMTAMEMCA INC.                      ,210-85 BELLEHUMEUR                                           ,                                                             ,                                                             ,CA     ,GATINEAU                           ,Canada                                                       ,QUEBEC                       ,J8T 8B7    ,ZMC XEVEXUM OBATETUOMZ NEUMTAMEMCA,GATINEAU,QC,CA,J8T8B7
377A5B8,40B8E09,ZMC - XEVEXUM OBATETUOMZ & NEUMTAMEMCA INC.                      ,MAIN STATS BUILDING                                          ,0401-150 TUNNEYS PASTURE DRIVEWAY                            ,                                                             ,CA     ,OTTAWA                             ,Canada                                                       ,ONTARIO                      ,K1A 0T6    ,ZMC XEVEXUM OBATETUOMZ NEUMTAMEMCA,OTTAWA,ON,CA,K1A0T6
0D8C043,60600BC,ZNETT BUILDING SERVICES LTD                                      ,6-14845 YONGE ST                                             ,                                                             ,                                                             ,CA     ,AURORA                             ,Canada                                                       ,ON                           ,L4G 6H8    ,ZNETT BUILDING SERVICES,AURORA,ON,CA,L4G6H8
E51C047,DF9AF84,ZNUTH AND XOMG LTD                                               ,115 IDEMA RD                                                 ,                                                             ,                                                             ,CA     ,MARKHAM                            ,CA                                                           ,ON                           ,L3R 1A9    ,ZNUTH AND XOMG,MARKHAM,ON,CA,L3R1A9
5E3B40A,,Znuth + Empatzam                                                 ,                                                             ,                                                             ,                                                             ,       ,                                   ,                                                             ,                             ,           ,ZNUTH EMPATZAM,,,,
F2A58B4,8E9BBBA,ZOCUATA QUABACOUZA DES UMFTEZTTUCTUTAZ                           ,PALAIS DE JUSTICE                                            ,800 BOUL DES BOIS-FRANCS S                                   ,                                                             ,CA     ,VICTORIAVILLE                      ,Canada                                                       ,QC                           ,G6P 5W5    ,ZOCUATA QUABACOUZA DES UMFTEZTTUCTUTAZ,VICTORIAVILLE,QC,CA,G6P5W5
F2A58B4,990C18D,ZOCUATA QUABACOUZA DES UMFTEZTTUCTUTAZ                           ,SURETE DU QUEBEC                                             ,30 BOUL LABBE S                                              ,                                                             ,CA     ,VICTORIAVILLE                      ,Canada                                                       ,QC                           ,G6S 1B5    ,ZOCUATA QUABACOUZA DES UMFTEZTTUCTUTAZ,VICTORIAVILLE,QC,CA,G6S1B5
DC1857C,3E6359D,ZOCUATA QUABACOUZA DES UMFTEZTTUCTUTAZ                           ,CDEVQ DE SAINT-HYACINTHE                                     ,3220 RUE SICOTTE                                             ,                                                             ,CA     ,SAINT-HYACINTHE                    ,Canada                                                       ,QC                           ,J2S 2M2    ,ZOCUATA QUABACOUZA DES UMFTEZTTUCTUTAZ,SAINT-HYACINTHE,QC,CA,J2S2M2
E52D52F,594483F,ZOCUATA QUABACOUZA DES UMFTEZTTUCTUTAZ                           ,MINISTERE DE LA JUSTICE                                      ,450 RUE ST-LOUIS                                             ,                                                             ,CA     ,JOLIETTE                           ,Canada                                                       ,QUEBEC                       ,J6E 2Y8    ,ZOCUATA QUABACOUZA DES UMFTEZTTUCTUTAZ,JOLIETTE,QC,CA,J6E2Y8
E52D52F,9414E90,ZOCUATA QUABACOUZA DES UMFTEZTTUCTUTAZ                           ,DI NORD DE MONTREAL - SATELITES                              ,1041 BOUL DES LAURENTIDES 201                                ,                                                             ,CA     ,LAVAL                              ,Canada                                                       ,QUEBEC                       ,H7G 2W2    ,ZOCUATA QUABACOUZA DES UMFTEZTTUCTUTAZ,LAVAL,QC,CA,H7G2W2
B45B35E,354E198,ZOEM MECHANICAL LTD                                              ,11 BAYVIEW CRT                                               ,                                                             ,                                                             ,CA     ,LONDON                             ,Canada                                                       ,ONTARIO                      ,N5W 5W4    ,ZOEM MECHANICAL,LONDON,ON,CA,N5W5W4
B45B35E,D877D52,ZOEM MECHANICAL LTD                                              ,NEW SAUGEEN VALLEY NURSING CENTRE                            ,720 PRINCESS ST                                              ,                                                             ,CA     ,MOUNT FOREST                       ,CANADA                                                       ,ON                           ,N0G 2L3    ,ZOEM MECHANICAL,MOUNT FOREST,ON,CA,N0G2L3
E4867D1,ECEB307,Zofume Foopz Inc. (Btenbtom)                                     ,145 EAST DR                                                  ,                                                             ,                                                             ,CA     ,BRAMPTON                           ,Canada                                                       ,ON                           ,L6T 1B9    ,ZOFUME FOOPZ BTENBTOM,BRAMPTON,ON,CA,L6T1B9
80D9ED4,8091A65,Zofume Foopz Inc. (Nuzzuzzeuge)                                  ,3340 Orlando Drive                                           ,                                                             ,                                                             ,CA     ,Mississauga                        ,Canada                                                       ,ON                           ,L4V 1C7    ,ZOFUME FOOPZ NUZZUZZEUGE,MISSISSAUGA,ON,CA,L4V1C7
2F25CA7,47DFAA8,Zofume Foopz Inc. (Xompom)                                       ,1226 TRAFALGAR ST                                            ,                                                             ,                                                             ,CA     ,LONDON                             ,Canada                                                       ,ON                           ,N5Z 1H5    ,ZOFUME FOOPZ XOMPOM,LONDON,ON,CA,N5Z1H5
029953E,ECEB307,ZOMAUX VEUGHEM INC. O/E ZOMAUX                                   ,46 West Drive                                                ,                                                             ,                                                             ,CA     ,Brampton                           ,Canada                                                       ,ON                           ,L6T 3T6    ,ZOMAUX VEUGHEM O E ZOMAUX,BRAMPTON,ON,CA,L6T3T6
C0B32A3,08C38A6,Zoutca Etxemtuc - Noumt Umuecka                                  ,P.O. Box 90                                                  ,140-142 Highway #1                                           ,                                                             ,CA     ,Mount Uniacke                      ,Canada                                                       ,NS                           ,B0N 1Z0    ,ZOUTCA ETXEMTUC NOUMT UMUECKA,MOUNT UNIACKE,NS,CA,B0N1Z0
B51E00A,1C634AE,ZOUTHBTUPGA CETA HONAZ                                           ,330 KING AVE W                                               ,                                                             ,                                                             ,CA     ,NEWCASTLE                          ,Canada                                                       ,ON                           ,L1B 1G9    ,ZOUTHBTUPGA CETA HONAZ,NEWCASTLE,ON,CA,L1B1G9
E419B3C,5920FF2,ZPC Xoftz des Ettz                                               ,3410 RUE GALT O                                              ,                                                             ,                                                             ,CA     ,SHERBROOKE                         ,Canada                                                       ,QC                           ,J1H 0A5    ,ZPC XOFTZ DES ETTZ,SHERBROOKE,QC,CA,J1H0A5
ACCBCF6,FB25BFD,ZTATXUMG KETENET PROPERTY NGNT.                                  ,377 RIDELLE AVE                                              ,                                                             ,                                                             ,CA     ,TORONTO                            ,Canada                                                       ,ON                           ,M6B 1K2    ,ZTATXUMG KETENET PROPERTY NGNT,TORONTO,ON,CA,M6B1K2
DA36A03,E477979,ZTAWETT MECHANICAL COMTTECTUMG                                   ,324 BURFORD-DELHI TOWNLINE RD                                ,                                                             ,                                                             ,CA     ,NORWICH                            ,Canada                                                       ,ON                           ,N0J 1P0    ,ZTAWETT MECHANICAL COMTTECTUMG,NORWICH,ON,CA,N0J1P0
E95DC42,420E405,ZTAXXET HU-TUZA MECHANICAL INC                                   ,AMICA                                                        ,2475 EGLINTON ACE W                                          ,                                                             ,CA     ,MISSISSAUGA                        ,Canada                                                       ,ON                           ,L5M 5H1    ,ZTAXXET HU TUZA MECHANICAL,MISSISSAUGA,ON,CA,L5M5H1
9B6103D,9BA5DB4,ZTO                                                              ,111 RUE JEAN-PROULX                                          ,                                                             ,                                                             ,CA     ,GATINEAU                           ,Canada                                                       ,QC                           ,J8Z 1T4    ,ZTO,GATINEAU,QC,CA,J8Z1T4
2D800B4,D47EB9E,Ztoma & Zouth c/o Bampexa                                        ,PO Box 290                                                   ,                                                             ,                                                             ,CA     ,Kingston                           ,Canada                                                       ,ON                           ,K7L 4V8    ,ZTOMA ZOUTH C O BAMPEXA,KINGSTON,ON,CA,K7L4V8
9EB1FD3,2908A93,Ztteut Taguomex Centre for Apucetuom                             ,Bayview Education Centre                                     ,133 Company Road                                             ,                                                             ,CA     ,Port Hood                          ,Canada                                                       ,NS                           ,           ,ZTTEUT TAGUOMEX CENTRE FOR APUCETUOM,PORT HOOD,NS,CA,
9EB1FD3,8C0344B,Ztteut Taguomex Centre for Apucetuom                             ,57 TAMARAC DR                                                ,                                                             ,                                                             ,CA     ,PORT HAWKESBURY                    ,Canada                                                       ,NS                           ,B9A 3G2    ,ZTTEUT TAGUOMEX CENTRE FOR APUCETUOM,PORT HAWKESBURY,NS,CA,B9A3G2
5AAB6BA,A19FA24,ZUAMME-ZEBTE LP                                                  ,DOUGLAS CROSSING                                             ,6 DOUGLAS ROAD                                               ,                                                             ,CA     ,UXBRIDGE                           ,CA                                                           ,ON                           ,L9P 1S9    ,ZUAMME ZEBTE,UXBRIDGE,ON,CA,L9P1S9
87904E5,8091A65,Zubat-Bufft Zmeckz Corp.                                         ,880 Gana Court                                               ,                                                             ,                                                             ,CA     ,Mississauga                        ,Canada                                                       ,ON                           ,L5S 1N8    ,ZUBAT BUFFT ZMECKZ,MISSISSAUGA,ON,CA,L5S1N8
C524ED5,844CBD3,ZUBATUOT BOUXAT WOTKZ & WAXPUMG                                  ,FOR OXFORD PROP - 120 ADELAIDE                               ,375 MCNEILLY ROAD                                            ,                                                             ,CA     ,STONEY CREEK                       ,Canada                                                       ,ONTARIO                      ,L8E 5H4    ,ZUBATUOT BOUXAT WOTKZ WAXPUMG,STONEY CREEK,ON,CA,L8E5H4
C524ED5,5C0D3A9,ZUBATUOT BOUXAT WOTKZ & WAXPUMG                                  ,375 MCNEILLY RD                                              ,                                                             ,                                                             ,CA     ,STONEY CREEK                       ,Canada                                                       ,ON                           ,L8E 5H4    ,ZUBATUOT BOUXAT WOTKZ WAXPUMG,STONEY CREEK,ON,CA,L8E5H4
C524ED5,A6840C8,ZUBATUOT BOUXAT WOTKZ & WAXPUMG                                  ,375 MCNEILLY RD                                              ,                                                             ,                                                             ,CA     ,STONEY CREEK                       ,Canada                                                       ,ON                           ,L8E 5H4    ,ZUBATUOT BOUXAT WOTKZ WAXPUMG,STONEY CREEK,ON,CA,L8E5H4
D070166,5FF74F6,ZUGMETUTA EXUNUMUN CANADA                                        ,1850 CLEMENTS ROAD - WEST TOWER                              ,                                                             ,                                                             ,CA     ,PICKERING                          ,Canada                                                       ,ONTARIO                      ,L1W 3R8    ,ZUGMETUTA EXUNUMUN CANADA,PICKERING,ON,CA,L1W3R8
F9B0702,FE217A2,ZUMMAT MECHANICAL                                                ,ELGIN WEST COMMUNITY CENTRE                                  ,11099 BATHURST STREET                                        ,                                                             ,CA     ,RICHMOND HILL                      ,Canada                                                       ,ONTARIO                      ,L4C 0N2    ,ZUMMAT MECHANICAL,RICHMOND HILL,ON,CA,L4C0N2
CECBE7D,0B770DB,ZUMTUZA ZAMUOT XUVUMG                                            ,SUNRISE OF UNIONVILLE                                        ,RC63280                                                      ,38 SWANSEA RD                                                ,CA     ,MARKHAM                            ,Canada                                                       ,ONTARIO                      ,L3R 5K2    ,ZUMTUZA ZAMUOT XUVUMG,MARKHAM,ON,CA,L3R5K2
0101465,BAF4F62,ZUMXUFA EZZUTEMCA CO. OF CANADA                                  ,3480 GILMORE WAY                                             ,                                                             ,                                                             ,CA     ,BURNABY                            ,Canada                                                       ,BRITISH COLUMBIA             ,V5G 4Y1    ,ZUMXUFA EZZUTEMCA OF CANADA,BURNABY,BC,CA,V5G4Y1
7D8A8B8,5C58F9A,ZUNCOA MECHANICAL                                                ,SIMCOE MECHANICAL                                            ,                                                             ,64 WESTERN AVE                                               ,CA     ,ORILLIA                            ,Canada                                                       ,ONTARIO                      ,L3V 1R7    ,ZUNCOA MECHANICAL,ORILLIA,ON,CA,L3V1R7
7D8A8B8,2D2BFD2,ZUNCOA MECHANICAL                                                ,COUCHICHING HEIGHTS PS                                       ,                                                             ,455 LACLIE ST NORTH                                          ,CA     ,ORILLIA                            ,Canada                                                       ,ONTARIO                      ,L3V 4P7    ,ZUNCOA MECHANICAL,ORILLIA,ON,CA,L3V4P7
4E73B4D,E57399B,ZUNEC XOPGA                                                      ,1464 BLACKWELL RD                                            ,                                                             ,                                                             ,CA     ,SARNIA                             ,Canada                                                       ,ON                           ,N7S 5M4    ,ZUNEC XOPGA,SARNIA,ON,CA,N7S5M4
02720CF,65C7848,Zunnut Place Tatutanamt Connumuty                                ,850 - 4th Street East                                        ,                                                             ,                                                             ,CA     ,Owen Sound                         ,Canada                                                       ,ON                           ,N4K 6A3    ,ZUNNUT PLACE TATUTANAMT CONNUMUTY,OWEN SOUND,ON,CA,N4K6A3
7015EC4,A16C46B,Zuxemu Zwaat Chaaza Ltd.                                         ,4205 2nd Line                                                ,                                                             ,                                                             ,CA     ,Schomberg                          ,Canada                                                       ,ON                           ,L0G 1T0    ,ZUXEMU ZWAAT CHAAZA,SCHOMBERG,ON,CA,L0G1T0
C6C7C52,7322954,ZWUFT MECHANICAL SERVICES                                        ,19-320 HANLAN RD                                             ,                                                             ,                                                             ,CA     ,WOODBRIDGE                         ,Canada                                                       ,ON                           ,L4L 3T4    ,ZWUFT MECHANICAL SERVICES,WOODBRIDGE,ON,CA,L4L3T4
676AF22,E25634D,ZXETA GTE ZUBUTBEM OFFICE INC                                    ,C/O AGENT CBRE LIMITED WITHOUT LIABILITY                     ,BB# L9-138-918000  ATTN: AP                                  ,135 WEST BEAVER CREEK PO BOX 254                             ,CA     ,RICHMOND HILL                      ,Canada                                                       ,ONTARIO                      ,L4B 4R5    ,ZXETA GTE ZUBUTBEM OFFICE,RICHMOND HILL,ON,CA,L4B4R5
15FD936,C67372D,Zympucet 375 Zeumt-Empta                                         ,1723 RUE ST PATRICK                                          ,SUITE 102                                                    ,                                                             ,CA     ,MONTREAL                           ,Canada                                                       ,QC                           ,H3K 3G9    ,ZYMPUCET 375 ZEUMT EMPTA,MONTREAL,QC,CA,H3K3G9
D709A13,0F805D9,ZYMPUCET DE LA COBTOBTUATA ZYNBHOMUE 11E                          ,C/O SOLUTION CONDO                                           ,5160 BOUL DECARIE SUITE 500                                  ,                                                             ,CA     ,MONTREAL                           ,Canada                                                       ,QC                           ,H3X 2H9    ,ZYMPUCET DE LA COBTOBTUATA ZYNBHOMUE 11E,MONTREAL,QC,CA,H3X2H9
B48E08D,9BA5DB4,Zympucet de la Cobtobtuété Le Vuu                                ,185 RUE LAURIER                                              ,SUITE 200                                                    ,                                                             ,CA     ,GATINEAU                           ,Canada                                                       ,QC                           ,J8X 0B2    ,ZYMPUCET DE LA COBTOBTUETE LE VUU,GATINEAU,QC,CA,J8X0B2
844FCA8,49B73A3,Zympucet du 66-70 St-Hamtu                                       ,56 St-Henri                                                  ,                                                             ,                                                             ,CA     ,Riviere-du-Loup                    ,Canada                                                       ,QC                           ,G5R 3Z5    ,ZYMPUCET DU 66 70 ST HAMTU,RIVIERE-DU-LOUP,QC,CA,G5R3Z5
5ED2A03,9BA5DB4,ZZ3690590 Canada Inc                                             ,"768 boul. St-Joseph, bureau 100                              ",                                                             ,                                                             ,CA     ,Gatineau                           ,Canada                                                       ,QC                           ,J8Y 4B8    ,ZZ3690590 CANADA,GATINEAU,QC,CA,J8Y4B8
C7C5841,8091A65,ZZAquuchan Technologies Corporation                              ,"1520 Trinity Drive, Unit 6                                   ",                                                             ,                                                             ,CA     ,Mississauga                        ,Canada                                                       ,ON                           ,L5T 1N9    ,ZZAQUUCHAN TECHNOLOGIES,MISSISSAUGA,ON,CA,L5T1N9
5D5CF71,F1D7789,ZZAvoque Wetat Technologies Ltd                                  ,2045 Drew Road                                               ,                                                             ,                                                             ,CA     ,Toronto                            ,Canada                                                       ,ON                           ,L5S 1S4    ,ZZAVOQUE WETAT TECHNOLOGIES,TORONTO,ON,CA,L5S1S4
5D5CF71,FD39761,ZZAvoque Wetat Technologies Ltd                                  ,3673 BOUL DE LA CITE-DES-JEUNES                              ,                                                             ,                                                             ,CA     ,VAUDREUIL-DORION                   ,Canada                                                       ,QC                           ,J7V 3Z2    ,ZZAVOQUE WETAT TECHNOLOGIES,VAUDREUIL-DORION,QC,CA,J7V3Z2
9E1EA11,62B33BD,ZZBNO c/o BGUZ Canada LP.-_                                      ,4100 Gordon Baker Road                                       ,                                                             ,                                                             ,CA     ,Scarborough                        ,Canada                                                       ,ON                           ,M1W 3E8    ,ZZBNO C O BGUZ CANADA,SCARBOROUGH,ON,CA,M1W3E8
6D4BCF0,E444E5C,"ZZCUUZZZ AZT DE X'UXA DE NOMTTAEX, UMZT. UUZNN                   ",7401 RUE HOCHELAGA                                           ,                                                             ,                                                             ,CA     ,MONTREAL                           ,Canada                                                       ,QC                           ,H1N 3M5    ,ZZCUUZZZ AZT DE XUXA DE NOMTTAEX UMZT UUZNN,MONTREAL,QC,CA,H1N3M5
9D6EBE1,05368B2,ZZCUZZZ DE LA NOMTATAGUA-CENTRE                                  ,"3120, BOUL. TASCHEREAU                                       ",GREENFIELD PARK                                              ,                                                             ,CA     ,GREENFIELD PARK                    ,CANADA                                                       ,QC                           ,J4V 2H1    ,ZZCUZZZ DE LA NOMTATAGUA CENTRE,GREENFIELD PARK,QC,CA,J4V2H1
45110A3,F926E1F,ZZCUZZZ DE XEVEX                                                 ,1755 BOUL. RENE-LAENNEC                                      ,*Heures d'ouvertures de 6h à 16h*                            ,                                                             ,CA     ,LAVAL                              ,Canada                                                       ,QC                           ,H7M 3L9    ,ZZCUZZZ DE XEVEX,LAVAL,QC,CA,H7M3L9
AC6C64B,F1D7789,ZZCXEC c/o GWX Taexty Epvuzotz Inc.                              ,1 Adelaide Street East                                       ,PO Box 199                                                   ,                                                             ,CA     ,Toronto                            ,Canada                                                       ,ON                           ,M5C 2V9    ,ZZCXEC C O GWX TAEXTY EPVUZOTZ,TORONTO,ON,CA,M5C2V9
6CC3557,6050A4E,ZZEXBEMY INTERNATIONAL CANADA                                    ,300 DE WESTMOUNT RUE                                         ,                                                             ,                                                             ,CA     ,COWANSVILLE                        ,Canada                                                       ,QC                           ,J2K 1S9    ,ZZEXBEMY INTERNATIONAL CANADA,COWANSVILLE,QC,CA,J2K1S9
74BD455,F1D7789,ZZGWX Taexty Epvuzotz Inc*                                       ,PMO S-2                                                      ,330 University Ave                                           ,                                                             ,CA     ,Toronto                            ,Canada                                                       ,ON                           ,M5G 1R8    ,ZZGWX TAEXTY EPVUZOTZ,TORONTO,ON,CA,M5G1R8
D34CF4A,765812E,ZZJXX                                                            ,1500 AV MCGILL COLLEGE                                       ,"PLACE MONTREAL TRUST, LE 1500,                               ",                                                             ,CA     ,MONTREAL                           ,Canada                                                       ,QC                           ,H3A 3J5    ,ZZJXX,MONTREAL,QC,CA,H3A3J5
47494CF,F1D7789,ZZNaepowvexa Holdings Limited                                    ,Advisors Inc.                                                ,40 University Ave.Suite 1200                                 ,                                                             ,CA     ,Toronto                            ,Canada                                                       ,ON                           ,M5J 1T1    ,ZZNAEPOWVEXA HOLDINGS,TORONTO,ON,CA,M5J1T1
7D70032,E444E5C,ZZNCGUXX UNIVERSITY - ZHATBTOOKA                                 ,11TH FLOOR                                                   ,1010 RUE SHERBROOKE OUEST                                    ,                                                             ,CA     ,MONTREAL                           ,Canada                                                       ,QC                           ,H3A 2R7    ,ZZNCGUXX UNIVERSITY ZHATBTOOKA,MONTREAL,QC,CA,H3A2R7
410459F,9C36CA7,ZZTtuco Consulting Services Inc                                  ,22 Rosebank Blvd.                                            ,                                                             ,                                                             ,CA     ,Holland Landing                    ,Canada                                                       ,ON                           ,L9N 1C8    ,ZZTTUCO CONSULTING SERVICES,HOLLAND LANDING,ON,CA,L9N1C8
812E92A,CD29DAB,ZZUnnobuxueta Xeucemptuqua                                       ,4305 boul Lapiniere #100                                     ,                                                             ,                                                             ,CA     ,Brossard                           ,Canada                                                       ,QC                           ,J4Z 3H8    ,ZZUNNOBUXUETA XEUCEMPTUQUA,BROSSARD,QC,CA,J4Z3H8
AEBC1BF,,ZZWABAT INTERNATIONAL                                            ,                                                             ,                                                             ,                                                             ,       ,                                   ,                                                             ,                             ,           ,ZZWABAT INTERNATIONAL,,,,
074CDDA,BC824E3,ZZZezketchawem Haexth Euthotuty - Tagume                         ,2180 23 Ave                                                  ,                                                             ,                                                             ,CA     ,Regina                             ,Canada                                                       ,SK                           ,S4S 0A5    ,ZZZEZKETCHAWEM HAEXTH EUTHOTUTY TAGUME,REGINA,SK,CA,S4S0A5
