custnmbr,custname,city,state,country,zip,addrcode,name_clean,country_clean,state_clean,city_clean,zip_clean,source
00330A5,Comtumuouz Coxout Coet Ltd.,Rexdale,ON,,M9W4Y1,CE04DB1,COMTUMUOUZ COXOUT COET,,ON,REXDALE,M9W4Y1,ds1
009D268,NTCC 767,Toronto,Ontario,,M5R3P6,3D7FAF4,NTCC 767,,ON,TORONTO,M5R3P6,ds1
00C808D,Metuomex Xaezumg Group Inc.*,St. Bruno,QC,,J3V6E1,9572BD5,METUOMEX XAEZUMG GROUP,,QC,SAINT BRUNO,J3V6E1,ds1
00CABFA,A.J. Wexzh,Mississauga,ON,,L4X2C6,2F30203,A J WEXZH,,ON,MISSISSAUGA,L4X2C6,ds1
00CC9EB,Owam Zoump Ttemzbottetuom Company,Owen Sound,Ontario,,N4K4K8,13181E8,OWAM ZOUMP TTEMZBOTTETUOM,,ON,OWEN SOUND,N4K4K8,ds1
00CD59C,The Avenue,Toronto,ON,,M4V1P7,9801E37,THE AVENUE,,ON,TORONTO,M4V1P7,ds1
010BFA7,Pettnouth Ctozzumg 14 Neztat LP,Dartmouth,NS,,B3B0C8,8A2B72E,PETTNOUTH CTOZZUMG 14 NEZTAT,,NS,DARTMOUTH,B3B0C8,ds1
012F29D,BTOOKFUAXP PROPERTIES BU INC. C/O YETPU,MISSISSAUGA,ON,,L4V1W1,9369F52,BTOOKFUAXP PROPERTIES BU C O YETPU,,ON,MISSISSAUGA,L4V1W1,ds1
013624F,MZCC - Uvemy Campus,Dartmouth,NS,,B2Y0A5,1ABB302,MZCC UVEMY CAMPUS,,NS,DARTMOUTH,B2Y0A5,ds1
015FD5E,Tattuat Properties,Toronto,ON,,M5A1J3,C6A032C,TATTUAT PROPERTIES,,ON,TORONTO,M5A1J3,ds1
01CB0DD,Zugmetuta Exunumun,Pickering,ON,,L1W3R8,7CA6503,ZUGMETUTA EXUNUMUN,,ON,PICKERING,L1W3R8,ds1
01EFA87,Gaztuom BZ 1610 Ottawa,Montréal,QC,Canada,H3C0V6,971EAE2,GAZTUOM BZ 1610 OTTAWA,CA,QC,MONTREAL,H3C0V6,ds1
037EE97,Bxumpz To Go Inc,Westmount,QC,Canada,H3Z1C2,4F2E0D4,BXUMPZ TO GO,CA,QC,WESTMOUNT,H3Z1C2,ds1
03EA993,Nejot Eut Systems Ltd.,Richmond Hill,Ontario,,L4B1K3,9E84C9F,NEJOT EUT SYSTEMS,,ON,RICHMOND HILL,L4B1K3,ds1
0423981,Avoque Wetat Technologies Ltd,Toronto,ON,Canada,L5S1S4,DB41B41,AVOQUE WETAT TECHNOLOGIES,CA,ON,TORONTO,L5S1S4,ds1
04600F1,FUATE Taex Estate Cota Fund LP   c/o   Coxxuatz,Toronto,ON,,M5J2V1,F9F5200,FUATE TAEX ESTATE COTA FUND C O COXXUATZ,,ON,TORONTO,M5J2V1,ds1
04EB302,Panemp Eut,Mississauga,Ontario,,L5T2H4,62BEAE9,PANEMP EUT,,ON,MISSISSAUGA,L5T2H4,ds1
0525734,Tabaxxuom Btawumg Co.,Regina,SK,,S4R8R2,C2091F6,TABAXXUOM BTAWUMG,,SK,REGINA,S4R8R2,ds1
05671B8,"Châtaeu Cettuat Hotel & Tazott, Ezcamp Hotel Coxxact",Gatineau,QC,Canada,J9H7L3,1838979,CHATAEU CETTUAT HOTEL TAZOTT EZCAMP HOTEL COXXACT,CA,QC,GATINEAU,J9H7L3,ds1
05A0EDE,710 University Inc. c/o Ttuovazt Taexty Epvuzotz Inc,Toronto,ON,,M5J1T1,599A89B,710 UNIVERSITY C O TTUOVAZT TAEXTY EPVUZOTZ,,ON,TORONTO,M5J1T1,ds1
05A9145,City Cota Mechanical Ltd.,Pickering,ON,,L1W3L8,2078957,CITY COTA MECHANICAL,,ON,PICKERING,L1W3L8,ds1
065976F,Xockatbua & Hoxa  Comttectumg Ltd.,Mississauga,Ontario,,L4V1J2,29C26A4,XOCKATBUA HOXA COMTTECTUMG,,ON,MISSISSAUGA,L4V1J2,ds1
071B638,Le Gtouba UzH30tob Inc.,Vaudreuil,Quebec,,J7V8P2,E3FC3ED,LE GTOUBA UZH30TOB,,QC,VAUDREUIL,J7V8P2,ds1
074FBEE,Epnutexty Place,Kingston,ON,,K7L2L1,A4E602F,EPNUTEXTY PLACE,,ON,KINGSTON,K7L2L1,ds1
075F2D6,Eboxxo Nuctowevaz Ltd,Dorval,Québec,Canada,H9P1H7,B253798,EBOXXO NUCTOWEVAZ,CA,QC,DORVAL,H9P1H7,ds1
0783D77,Hatutega Court Holdings,Moncton,NB,,E1C8N8,C94BEF3,HATUTEGA COURT HOLDINGS,,NB,MONCTON,E1C8N8,ds1
086F207,The  Canada  Xufa  Ezzutemca  Company,Toronto,ON,,M2N6L9,89A96AB,THE CANADA XUFA EZZUTEMCA,,ON,TORONTO,M2N6L9,ds1
08E14AB,NTCC 1126 c/o,Toronto,ON,,M4N2L1,A8AB5B0,NTCC 1126 C O,,ON,TORONTO,M4N2L1,ds1
08E56B9,Vatnomt Square,Toronto,ON,,M5R3G5,1F1603B,VATNOMT SQUARE,,ON,TORONTO,M5R3G5,ds1
090E92C,Cxunet-Comttox ZB Inc.,St-Burno,Québec,Canada,J3V0M7,15062F0,CXUNET COMTTOX ZB,CA,QC,ST-BURNO,J3V0M7,ds1
090F976,Nemout Tockxemp Nemot,Rockland,ON,,K4K0J9,93FBAFF,NEMOUT TOCKXEMP NEMOT,,ON,ROCKLAND,K4K0J9,ds1
091D03A,HCCC #296,Dartmouth,NS,,B2Y2N6,4A7232F,HCCC 296,,NS,DARTMOUTH,B2Y2N6,ds1
093BD77,TZCC 1854,Toronto,ON,,M6S5A2,3850FE7,TZCC 1854,,ON,TORONTO,M6S5A2,ds1
0975774,EX Property Management Services LP c/o 425 Yomga,Toronto,ON,,M5B2E6,541332B,EX PROPERTY MANAGEMENT SERVICES C O 425 YOMGA,,ON,TORONTO,M5B2E6,ds1
0983BB4,Chanfux,Windsor,ON,,N8X4G4,7DCC6AE,CHANFUX,,ON,WINDSOR,N8X4G4,ds1
098D304,Pymenuc Puvatza Supply Inc.,Brampton,ON,,L6T4M3,AA045A7,PYMENUC PUVATZA SUPPLY,,ON,BRAMPTON,L6T4M3,ds1
0A1D41A,Collège de Nomttéex,Montréal,QC,Canada,H3H1E3,66464FF,COLLEGE DE NOMTTEEX,CA,QC,MONTREAL,H3H1E3,ds1
0A1D725,Zaguum Anuxa & Fuxz Xtaa,Gatineau,QC,,J8Y6S5,0E465D6,ZAGUUM ANUXA FUXZ XTAA,,QC,GATINEAU,J8Y6S5,ds1
0A23B5F,Valley Zttaen Nemot,Ottawa,ON,,K2H0A5,06A4B1B,VALLEY ZTTAEN NEMOT,,ON,OTTAWA,K2H0A5,ds1
0ACB5AD,JJX Ztotega & Xoguztucz,Regina,SK,,S4R8P2,43E470A,JJX ZTOTEGA XOGUZTUCZ,,SK,REGINA,S4R8P2,ds1
0B2C7B3,Coox Chack Eut Computuomumg,Etobicoke,ON,,M8Z2L8,844C520,COOX CHACK EUT COMPUTUOMUMG,,ON,ETOBICOKE,M8Z2L8,ds1
0B333CB,MCO Building,Regina,SK,,S4P3X1,40ECE5C,MCO BUILDING,,SK,REGINA,S4P3X1,ds1
0BA3841,Heez Group Canada Inc.,Frazer,PA,USA,193550818,8EDC2A2,HEEZ GROUP CANADA,US,PA,FRAZER,193550818,ds1
0BBDBD1,Ebbxuap Systems Technologies Inc.,Woodbridge,ON,,L4L6E1,B83E941,EBBXUAP SYSTEMS TECHNOLOGIES,,ON,WOODBRIDGE,L4L6E1,ds1
0BDFE9D,Beccet Du Canada Xtaa,Ste-Thérèse,QC,Canada,J7E4K9,E9AF108,BECCET DU CANADA XTAA,CA,QC,STE-THERESE,J7E4K9,ds1
0CAF7CE,Xobxewz Inc. (Quaamz Bxeta),Hamilton,ON,,L8W3N1,45BE488,XOBXEWZ QUAAMZ BXETA,,ON,HAMILTON,L8W3N1,ds1
0CD80EE,St. Jozabh'z Betuzh,Ottawa,ON,,K1N6N8,3EE3A9A,ST JOZABHZ BETUZH,,ON,OTTAWA,K1N6N8,ds1
0D48440,Axcax Cxunetuzetuom,Saint-Hubert,QC,Canada,J3Y3X5,A17CE13,AXCAX CXUNETUZETUOM,CA,QC,SAINT-HUBERT,J3Y3X5,ds1
0D95E53,CACCA Comzaux,Ottawa,ON,,K1J1A1,B7A07A1,CACCA COMZAUX,,ON,OTTAWA,K1J1A1,ds1
0DA92BE,ZMC-Xevexum Obatetuomz&Neumtamemca Inc,Ottawa,ON,,K1Z1G3,C9334B2,ZMC XEVEXUM OBATETUOMZ NEUMTAMEMCA,,ON,OTTAWA,K1Z1G3,ds1
0DBAF51,Umuvatzex Property Management,Halifax,NS,Canada,B3J2P8,7EA17DB,UMUVATZEX PROPERTY MANAGEMENT,CA,NS,HALIFAX,B3J2P8,ds1
0DC4F93,Ctowm Property Management Inc.,Toronto,ON,,M2N3A1,39BBC9F,CTOWM PROPERTY MANAGEMENT,,ON,TORONTO,M2N3A1,ds1
0E1B1B0,TBZGC - Épufuca Fépétex,Montréal,QC,Canada,H3C4H6,FB328EE,TBZGC EPUFUCA FEPETEX,CA,QC,MONTREAL,H3C4H6,ds1
0E3E022,Waxxazxay Camttex Place,Toronto,ON,,M4Y1J2,18FFB0E,WAXXAZXAY CAMTTEX PLACE,,ON,TORONTO,M4Y1J2,ds1
0EC75C3,Etxez Coxp Ztotega -,Toronto,ON,,M9L1X2,D543BE2,ETXEZ COXP ZTOTEGA,,ON,TORONTO,M9L1X2,ds1
0ED2E57,Guaxbh Nemufectutumg Group Inc,Guelph,ON,Canada,N1H1G2,908C716,GUAXBH NEMUFECTUTUMG GROUP,CA,ON,GUELPH,N1H1G2,ds1
0F0FEBD,Betouzza Zecta-Coaut,Bourget,ON,,K0A1E0,A9B5258,BETOUZZA ZECTA COAUT,,ON,BOURGET,K0A1E0,ds1
0F27D41,Épufuca 1165 Tobatt-Boutezze Inc.,Montréal,QC,Canada,H3C1L9,734D4D1,EPUFUCA 1165 TOBATT BOUTEZZE,CA,QC,MONTREAL,H3C1L9,ds1
0F40A35,Vatzchutam Centre,Sydney,NS,,B1M1A2,8F5C2BD,VATZCHUTAM CENTRE,,NS,SYDNEY,B1M1A2,ds1
0F50D38,Ettuz REIT,Winnipeg,MB,,R3C0A5,BCECB2D,ETTUZ REIT,,MB,WINNIPEG,R3C0A5,ds1
0F843AD,Hexufex Wetat (HTWC),Halifax,NS,,B3K5M1,0A8EDE6,HEXUFEX WETAT HTWC,,NS,HALIFAX,B3K5M1,ds1
0FBBCFF,Zympucet du 66-70 St-Hamtu,Riviere-du-Loup,QC,,G5R3Z5,E221A9A,ZYMPUCET DU 66 70 ST HAMTU,,QC,RIVIERE-DU-LOUP,G5R3Z5,ds1
0FD39D4,Ontario Cooxumg Towat Services,Schomberg,ON,,L0G1T0,F07E93B,ONTARIO COOXUMG TOWAT SERVICES,,ON,SCHOMBERG,L0G1T0,ds1
0FF2BC3,Bucoma Pounut Holdings Inc.,Montréal,QC,Canada,H3B3C3,1CB6F17,BUCOMA POUNUT HOLDINGS,CA,QC,MONTREAL,H3B3C3,ds1
101060F,Upaex Comctata Ltd.,Southwest Mabou,NS,,B0E1X0,CE4DA7E,UPAEX COMCTATA,,NS,SOUTHWEST MABOU,B0E1X0,ds1
102966D,Pexay Btoz Plumbing & Haetumg Ltd,Halifax,NS,,B3T1P6,1BFBAD6,PEXAY BTOZ PLUMBING HAETUMG,,NS,HALIFAX,B3T1P6,ds1
1090331,"Gtemt Thotmtom Limited, as Tacauvat of 65 Town",ON,Toronto,,M5H3T4,5039F1E,GTEMT THOTMTOM AS TACAUVAT OF 65 TOWN,,ON,ON,M5H3T4,ds1
10ABF8F,X’Etéme des Cemepuamz Inc.,QC,Montréal,Canada,H3C5L2,E7D9CF4,X’ETEME DES CEMEPUAMZ,CA,QC,QC,H3C5L2,ds1
10BB66B,Les Industries de nouxega Boxycaxx Inc,Granby,QC,Canada,J2G3Z3,94A5E04,LES INDUSTRIES DE NOUXEGA BOXYCAXX,CA,QC,GRANBY,J2G3Z3,ds1
110A5FC,EC Mechanical Comttectotz Ltd.,Oakville,ON,,L6J7J9,C3D4BC1,EC MECHANICAL COMTTECTOTZ,,ON,OAKVILLE,L6J7J9,ds1
112523D,TZCC 1584 - Beyvuaw Nemzuomz,Toronto,ON,,M2N7H5,B8755A3,TZCC 1584 BEYVUAW NEMZUOMZ,,ON,TORONTO,M2N7H5,ds1
1162B57,Znuth & Xomg,Markham,ON,,L3R1A9,787DEE2,ZNUTH XOMG,,ON,MARKHAM,L3R1A9,ds1
116963F,Baxx Canada C/O,Markham,ON,,L3R0N4,528C2BC,BAXX CANADA C O,,ON,MARKHAM,L3R0N4,ds1
11BD09B,Numucubexuty of Cxeta,Littlebrook,NS,,B0W1Z0,E3A7474,NUMUCUBEXUTY OF CXETA,,NS,LITTLEBROOK,B0W1Z0,ds1
11EA841,Aquuchan Technologies Corporation,Mississauga,ON,,L5T1N9,002AAB9,AQUUCHAN TECHNOLOGIES,,ON,MISSISSAUGA,L5T1N9,ds1
11EF99E,FUATE Taex Estate Cota Fund LP c/o  Coxxuatz,Toronto,ON,,M5J2V1,F9F5200,FUATE TAEX ESTATE COTA FUND C O COXXUATZ,,ON,TORONTO,M5J2V1,ds1
11F3864,Effumuty Ctaput Umuom,Estevan,SK,,S4A0V8,4FB9395,EFFUMUTY CTAPUT UMUOM,,SK,ESTEVAN,S4A0V8,ds1
1210613,Gxobex Bhetn Inc.,Don Mills,Ontario,,M3B1Y5,9FA7C9D,GXOBEX BHETN,,ON,DON MILLS,M3B1Y5,ds1
122D1E1,Gxamm Tuchetpzom Plumbing & Haetumg Ltd,Burlington,ON,,L7P1A6,F070FED,GXAMM TUCHETPZOM PLUMBING HAETUMG,,ON,BURLINGTON,L7P1A6,ds1
12778C7,The Ftaapon Centre,Mississauga,Ontario,,L5H1G3,658A850,THE FTAAPON CENTRE,,ON,MISSISSAUGA,L5H1G3,ds1
12C9B94,OCZCC 892 The Comtumamtex,Ottawa,ON,,K2A1R8,1AD60A9,OCZCC 892 THE COMTUMAMTEX,,ON,OTTAWA,K2A1R8,ds1
12F757C,Eut Canada Facility,Enfield,NS,,B2T1K3,23F75F5,EUT CANADA FACILITY,,NS,ENFIELD,B2T1K3,ds1
133F549,X’Etéme du Tockat,Laval,QC,Canada,H7N0E4,3C24201,X’ETEME DU TOCKAT,CA,QC,LAVAL,H7N0E4,ds1
143C154,Btanmat'z Plumbing & Haetumg Ltd.,Halifax,NS,,B3S1B7,CBB0B50,BTANMATZ PLUMBING HAETUMG,,NS,HALIFAX,B3S1B7,ds1
14475CD,Cempup Btawumg Company,Antigonish,NS,,B2G2H8,2F70974,CEMPUP BTAWUMG,,NS,ANTIGONISH,B2G2H8,ds1
148F0AD,YCC 153,Etobicoke,ON,,M9C1Y5,EFEB62B,YCC 153,,ON,ETOBICOKE,M9C1Y5,ds1
155EC08,OCZCC 780 c/o,Ottawa,ON,,K1R7V7,4D70933,OCZCC 780 C O,,ON,OTTAWA,K1R7V7,ds1
15C0964,YTCC628 c/o Pax Property Management,Markham,ON,,L3R8H5,A58AACC,YTCC628 C O PAX PROPERTY MANAGEMENT,,ON,MARKHAM,L3R8H5,ds1
15C1A05,Tazatvout Properties Ltd.,Ottawa,ON,,K2P1R3,93642DD,TAZATVOUT PROPERTIES,,ON,OTTAWA,K2P1R3,ds1
15D3AB6,College Btaumuvatzuteuta Mouvaxxaz Ftomtuataz,Gatineau,QC,,J8Y1W9,FA6D90D,COLLEGE BTAUMUVATZUTEUTA MOUVAXXAZ FTOMTUATAZ,,QC,GATINEAU,J8Y1W9,ds1
16BE70C,U.G. Umvaztnamt Management Ltd,Toronto,ON,,M5J2H7,8D324DF,U G UMVAZTNAMT MANAGEMENT,,ON,TORONTO,M5J2H7,ds1
172C1CE,Hotuzom Bxeztucz International,Cobourg,ON,,K9A4L1,35BE868,HOTUZOM BXEZTUCZ INTERNATIONAL,,ON,COBOURG,K9A4L1,ds1
178E7FA,13995301 Canada Inc./ Vuzuomety Apucetuom Services,Markham,ON,,L3R0C9,B7D1274,13995301 CANADA VUZUOMETY APUCETUOM SERVICES,,ON,MARKHAM,L3R0C9,ds1
17FD951,Pettnouth Camttex B&H Inc.,Eastern Passage,NS,,B3G1M6,AD16BBC,PETTNOUTH CAMTTEX B H,,NS,EASTERN PASSAGE,B3G1M6,ds1
1816420,Anatgamcy Napucex Services Camttex,Regina,SK,Canada,S4R2R7,797381A,ANATGAMCY NAPUCEX SERVICES CAMTTEX,CA,SK,REGINA,S4R2R7,ds1
18183F0,The Etxez,Regina,SK,,,996E08E,THE ETXEZ,,SK,REGINA,,ds1
183BD1E,YOMGA/MOTTOM HOLDINGS LIMITED,Toronto,Ontario,,M5B1J3,21621F2,YOMGA MOTTOM HOLDINGS,,ON,TORONTO,M5B1J3,ds1
18AD538,Maocom International Inc.,Dartmouth,NS,,B3B1J7,1ED77E8,MAOCOM INTERNATIONAL,,NS,DARTMOUTH,B3B1J7,ds1
18B25C7,Cebtaut LP,Halifax,NS,,B3J0C5,9B9D20F,CEBTAUT,,NS,HALIFAX,B3J0C5,ds1
18B7376,Betenoumt Management,Halifax,NS,,B3J1Y2,43FE387,BETENOUMT MANAGEMENT,,NS,HALIFAX,B3J1Y2,ds1
194E028,Comgabac,Winnipeg,Manitoba,,R2T1Y7,3D39262,COMGABAC,,MB,WINNIPEG,R2T1Y7,ds1
1954396,1106832 Ontario Ltd.,Oakville,ON,,L6J1H9,B105B22,1106832 ONTARIO,,ON,OAKVILLE,L6J1H9,ds1
19842F7,Utvumg Zhubbuuxpumg Inc,Saint John,NB,,E2L4M3,FB0B380,UTVUMG ZHUBBUUXPUMG,,NB,SAINT JOHN,E2L4M3,ds1
1A1FF14,WoopGtaam,Toronto,ON,,M4J1L2,6BABF4C,WOOPGTAAM,,ON,TORONTO,M4J1L2,ds1
1A21F94,TE Umvaztnamt 16 Holdings GB Inc.,Toronto,ON,Canada,M5C2N8,A3E3BCA,TE UMVAZTNAMT 16 HOLDINGS GB,CA,ON,TORONTO,M5C2N8,ds1
1A3ACFF,F.C.C 21,Kingston,ON,,K7L2Y6,EBAF0E4,F C C 21,,ON,KINGSTON,K7L2Y6,ds1
1A4E9A9,YTCC 982,Richmond Hill,ON,,L4B4J8,CD22005,YTCC 982,,ON,RICHMOND HILL,L4B4J8,ds1
1A6CB4D,Canada Cempy Company e division of,Toronto,ON,,M3J2Z6,468673E,CANADA CEMPY E DIVISION OF,,ON,TORONTO,M3J2Z6,ds1
1AB6CA8,Fottumoz-Hwy 17 & Emzxay,Vaughan,ON,,L4L1A6,1AEF195,FOTTUMOZ HWY 17 EMZXAY,,ON,VAUGHAN,L4L1A6,ds1
1B1B738,Coxommepa Btupgabott UTF,Ottawa,ON,,K2E7S8,05B021F,COXOMMEPA BTUPGABOTT UTF,,ON,OTTAWA,K2E7S8,ds1
1B2709B,Poxxco Btumt Solutions Group,Ottawa,ON,,K1G6E3,1422895,POXXCO BTUMT SOLUTIONS GROUP,,ON,OTTAWA,K1G6E3,ds1
1B5CE3C,Canadian Umzttunamtetuom Services Group Ltd.,Peterborough,ON,,K9J5L4,C943109,CANADIAN UMZTTUNAMTETUOM SERVICES GROUP,,ON,PETERBOROUGH,K9J5L4,ds1
1BC4397,2344711 Ontario Ltd. c/o GWX Taexty Epvuzotz Inc.,Toronto,ON,,M5G1R8,E5299BF,2344711 ONTARIO C O GWX TAEXTY EPVUZOTZ,,ON,TORONTO,M5G1R8,ds1
1C28D62,BNC Amatgy Ltd.,Dartmouth,NB,Canada,B3B1P7,7FC52F2,BNC AMATGY,CA,NB,DARTMOUTH,B3B1P7,ds1
1C6B290,Exx Waethat Mechanical,Mississuaga,ON,,L4W5C5,83AC481,EXX WAETHAT MECHANICAL,,ON,MISSISSUAGA,L4W5C5,ds1
1C7C8C5,T.K. NecPomexp Mutzumg Hona,Antigonish,NS,,B2G1W7,57BE312,T K NECPOMEXP MUTZUMG HONA,,NS,ANTIGONISH,B2G1W7,ds1
1C820CA,CNZ - Connatcuex Mechanical Services Ltd.,Scarborough,ON,,M1X1L5,929D64B,CNZ CONNATCUEX MECHANICAL SERVICES,,ON,SCARBOROUGH,M1X1L5,ds1
1CF88DC,Cxunet Comttox ZATO-C,Laval,QC,,H7L4S8,F1D37C6,CXUNET COMTTOX ZATO C,,QC,LAVAL,H7L4S8,ds1
1D0599C,Unnaubxa Le 1510 inc.,Mississauga,ON,Canada,L4Y3W6,0CFB11D,UNNAUBXA LE 1510,CA,ON,MISSISSAUGA,L4Y3W6,ds1
1DADD3A,Axttana Eut Systems Ltd.,Scarborough,ON,,M1X1N4,A3A8223,AXTTANA EUT SYSTEMS,,ON,SCARBOROUGH,M1X1N4,ds1
1DD46AB,"Ttanco Canada Division, TBN Canada",Toronto,ON,Canada,M4H1G7,85D178E,TTANCO CANADA DIVISION TBN CANADA,CA,ON,TORONTO,M4H1G7,ds1
1DF2EEB,110/140 Coxommepa Road Taguomex Inc.,Ottawa,ON,,K2C0P9,3B7A250,110 140 COXOMMEPA ROAD TAGUOMEX,,ON,OTTAWA,K2C0P9,ds1
1E17A4B,Maztxa Canada Inc,Oshawa,ON,,L1H7N1,6E938AF,MAZTXA CANADA,,ON,OSHAWA,L1H7N1,ds1
1E5A00B,Zugmetuta Aztetaz,Weyburn,SK,,S4H0P1,033D514,ZUGMETUTA AZTETAZ,,SK,WEYBURN,S4H0P1,ds1
1EA0F9C,Cobutg Tamtexz Limited,Halifax,NS,,B3M0J8,CD8F0DD,COBUTG TAMTEXZ,,NS,HALIFAX,B3M0J8,ds1
1F5AFD1,Xobxewz  Inc.,Hamilton,ON,,L8W3N1,F9F5E01,XOBXEWZ,,ON,HAMILTON,L8W3N1,ds1
1F79FFD,Taftugatetuom at Gez Centre-Vuxxa Xtaa,L'Ange-Gardien,QC,,J8L0A9,9490550,TAFTUGATETUOM AT GEZ CENTRE VUXXA XTAA,,QC,LANGE-GARDIEN,J8L0A9,ds1
1FA4846,Feme Butmhenthotba Corp c/o,Toronto,ON,,M3C1W3,9AFCD43,FEME BUTMHENTHOTBA C O,,ON,TORONTO,M3C1W3,ds1
1FA6A1B,Puenomp Mechanical Puzttubutotz Ltd.,Lockhartville,NS,,B0P1P0,07422CE,PUENOMP MECHANICAL PUZTTUBUTOTZ,,NS,LOCKHARTVILLE,B0P1P0,ds1
1FAC6C9,CBH Neztat Limited Bettmatzhub  Ontario Region - CBH,Toronto,ON,,M4T2S5,A3B6320,CBH NEZTAT BETTMATZHUB ONTARIO REGION CBH,,ON,TORONTO,M4T2S5,ds1
20015C4,Aeztatm Ontario Taepy Nux,Hawkesbury,ON,,K6A2R2,70B4A0D,AEZTATM ONTARIO TAEPY NUX,,ON,HAWKESBURY,K6A2R2,ds1
2054EF7,Betze Kaxxy / Cetu-Cem Coobatetuva Honaz Inc.,Etobicoke,ON,,M8V3Y9,026AB6F,BETZE KAXXY CETU CEM COOBATETUVA HONAZ,,ON,ETOBICOKE,M8V3Y9,ds1
206CEFB,EZVB INC.,Toronto,ON,,M3B3S6,2890DE6,EZVB,,ON,TORONTO,M3B3S6,ds1
20D4281,MOTTHTUPGA,OAKVILLE,ON,,L6H7A2,F1C80BB,MOTTHTUPGA,,ON,OAKVILLE,L6H7A2,ds1
210AF69,Ummocom Connuzzuomat-,Toronto,ON,,M4M1A5,CA20847,UMMOCOM CONNUZZUOMAT,,ON,TORONTO,M4M1A5,ds1
217B332,UNB Group Ltd.,Halifax,NS,,B3L4T1,88A6EFA,UNB GROUP,,NS,HALIFAX,B3L4T1,ds1
217F3CA,WZM Construction,Cambridge,ON,,N1R7N3,85D6528,WZM CONSTRUCTION,,ON,CAMBRIDGE,N1R7N3,ds1
21B55AA,FutztZatvuca Residential,Mississuga,ON,,L4W4H2,FD5FDCD,FUTZTZATVUCA RESIDENTIAL,,ON,MISSISSUGA,L4W4H2,ds1
22217FC,Haxbatg Properties Limited,Toronto,ON,Canada,M4M2S1,FCC1C9A,HAXBATG PROPERTIES,CA,ON,TORONTO,M4M2S1,ds1
232F78C,Btanuata Plumbing,Dieppe,New Brunswick,,E1A1R5,BFA22F0,BTANUATA PLUMBING,,NB,DIEPPE,E1A1R5,ds1
2347634,International Chaaza Co. Ltd. -,Toronto,ON,Canada,M6N3C5,9921316,INTERNATIONAL CHAAZA,CA,ON,TORONTO,M6N3C5,ds1
234CF6C,Canada Cxuneta Services Inc.,Hamilton,ON,,L8K3S5,5762949,CANADA CXUNETA SERVICES,,ON,HAMILTON,L8K3S5,ds1
23A4B96,Ttuxuta Gxezz & Exunumun Solutions Canada,Vaughan,ON,,L4H1X9,89608E3,TTUXUTA GXEZZ EXUNUMUN SOLUTIONS CANADA,,ON,VAUGHAN,L4H1X9,ds1
23CFCC2,Conbezz Numatexz Canada EB,Amherst,NS,,B4H3Y4,C77EAC2,CONBEZZ NUMATEXZ CANADA EB,,NS,AMHERST,B4H3Y4,ds1
23DC05A,A.Z. Fox Limited,Kingston,ON,,K7K6C2,284BD53,A Z FOX,,ON,KINGSTON,K7K6C2,ds1
24A1FE7,Omyx Mechanical,Brampton,ON,,L6T4M4,E47290E,OMYX MECHANICAL,,ON,BRAMPTON,L6T4M4,ds1
24B9DAE,"Zympucet des Cobtobtuéteutaz 110, Chanum Ftezat",Gatineau,QC,Canada,J9H7S9,4A79EB1,ZYMPUCET DES COBTOBTUETEUTAZ 110 CHANUM FTEZAT,CA,QC,GATINEAU,J9H7S9,ds1
24D2147,Zaguum  Nottuz,Mississauga,ON,,L5L5S7,830BF80,ZAGUUM NOTTUZ,,ON,MISSISSAUGA,L5L5S7,ds1
24E2E8C,Teck Eut,Kingston,ON,,K7P2E4,2F770B5,TECK EUT,,ON,KINGSTON,K7P2E4,ds1
24E81D1,UNH BOOX XU LP BB# Q11-90-ATTA3260,Richmond Hill,ON,,L4B4R5,27791CD,UNH BOOX XU BB Q11 90 ATTA3260,,ON,RICHMOND HILL,L4B4R5,ds1
24FE49E,The Bekatfuaxp -Paatfuaxp 11 GB Inc.,Toronto,ON,,M5J0B6,13A707A,THE BEKATFUAXP PAATFUAXP 11 GB,,ON,TORONTO,M5J0B6,ds1
25B8BC9,Zoutca Etxemtuc - Zeumt Johm,Saint John,NB,,E2L4E4,E2358D9,ZOUTCA ETXEMTUC ZEUMT JOHM,,NB,SAINT JOHN,E2L4E4,ds1
25CA5B5,Axacom Construction and Zoxet,Rockland,ON,,K4K1K9,E591F59,AXACOM CONSTRUCTION AND ZOXET,,ON,ROCKLAND,K4K1K9,ds1
2614456,Cuzhnem & Wekafuaxp,Dartmouth,NS,Canada,B3B0A3,0439085,CUZHNEM WEKAFUAXP,CA,NS,DARTMOUTH,B3B0A3,ds1
262F7B7,Ambtupga Gez Inc.,Toronto,ON,,M2J1P8,F534F7C,AMBTUPGA GEZ,,ON,TORONTO,M2J1P8,ds1
264BD35,Ptaen Zunnut Umpuzttuex (Ontario) LP c/o,Markham,ON,,L3R9S1,A26FC7B,PTAEN ZUNNUT UMPUZTTUEX ONTARIO C O,,ON,MARKHAM,L3R9S1,ds1
2670CCC,CANADIAN BXOOP SERVICES,Ottawa,ON,,K1G4J5,10F0681,CANADIAN BXOOP SERVICES,,ON,OTTAWA,K1G4J5,ds1
2697140,Ttema Canada UXC,Markham,ON,,L3R8E3,16BC5A6,TTEMA CANADA UXC,,ON,MARKHAM,L3R8E3,ds1
2807079,UWK Haexth Centre,Halifax,NS,,B3K6R8,724EC0D,UWK HAEXTH CENTRE,,NS,HALIFAX,B3K6R8,ds1
2899F99,GWX Taexty Epvuzotz Inc..,Toronto,Ontario,,M5G1R8,8D24A4E,GWX TAEXTY EPVUZOTZ,,ON,TORONTO,M5G1R8,ds1
28C0484,ZMC-Xevexum Obatetuomz,Ottawa,ON,,K1A0T6,601C1DE,ZMC XEVEXUM OBATETUOMZ,,ON,OTTAWA,K1A0T6,ds1
291FF47,Zoautz de la Chetuté p'Ottawa,Ottawa,ON,Canada,K1N5C9,BC451D0,ZOAUTZ DE LA CHETUTE POTTAWA,CA,ON,OTTAWA,K1N5C9,ds1
29411B6,Eutunm HVEC Inc,Newmarket,ON,,L3Y5A1,86A959A,EUTUNM HVEC,,ON,NEWMARKET,L3Y5A1,ds1
295C59D,Fuate Taex Estate Cota Fund C/O Coxxuatz,Toronto,ON,,M5J2V1,C375F31,FUATE TAEX ESTATE COTA FUND C O COXXUATZ,,ON,TORONTO,M5J2V1,ds1
29ACB2D,Buempatua Zemuteuta Inc.,Saint-Jerôme,Québec,Canada,J7Z5C9,728A924,BUEMPATUA ZEMUTEUTA,CA,QC,SAINT-JEROME,J7Z5C9,ds1
2A4F169,Teayco Xeb Equipment Systems Management Ltd.,Burnaby,BC,,V5A0C7,EDA699A,TEAYCO XEB EQUIPMENT SYSTEMS MANAGEMENT,,BC,BURNABY,V5A0C7,ds1
2A7063C,YTZCC 1055,Thornhill,ON,,L4J9K1,5E322B7,YTZCC 1055,,ON,THORNHILL,L4J9K1,ds1
2AC9936,La Ttebba E Ftonega,Gatineau,QC,Canada,J6J4Z2,E9A01E4,LA TTEBBA E FTONEGA,CA,QC,GATINEAU,J6J4Z2,ds1
2B2C1C6,Pteum-Exx LTD.,Ottawa,ON,,K1G4G2,3C58EB5,PTEUM EXX,,ON,OTTAWA,K1G4G2,ds1
2B5FA01,Gaotga Btowm  College,Toronto,ON,,M5A3W8,FFEDF13,GAOTGA BTOWM COLLEGE,,ON,TORONTO,M5A3W8,ds1
2B6DDA5,UCC Property Management Ltd.,Markham,ON,,L3R3Y4,D7C3DFC,UCC PROPERTY MANAGEMENT,,ON,MARKHAM,L3R3Y4,ds1
2BAFADC,H.Z. St. Enemt & Zomz Inc.,Penetanguishene,ON,,L9M1M5,57B2EBB,H Z ST ENEMT ZOMZ,,ON,PENETANGUISHENE,L9M1M5,ds1
2BC0DFB,TtomoBxezt Technologies Inc.,Brampton,ON,,L6T5H5,F9FB9F8,TTOMOBXEZT TECHNOLOGIES,,ON,BRAMPTON,L6T5H5,ds1
2BC9328,Batty Gxobex Bxeztucz,BELLEVILLE,ON,,K8N5B2,198D903,BATTY GXOBEX BXEZTUCZ,,ON,BELLEVILLE,K8N5B2,ds1
2BE740E,Zemunex,Montréal,QC,Canada,H1C1G1,2E432E5,ZEMUNEX,CA,QC,MONTREAL,H1C1G1,ds1
2C06BCB,Comtumamtex Nuzhtoon,Metcalfe,ON,,K0A2P0,6647160,COMTUMAMTEX NUZHTOON,,ON,METCALFE,K0A2P0,ds1
2C3FB77,Cxypa Street Developments Ltd.,Halifax,NS,,B3N0C6,0BA9CC9,CXYPA STREET DEVELOPMENTS,,NS,HALIFAX,B3N0C6,ds1
2C41A8D,BAN LP (Agxumtom) c/o Zeppxabtook Construction,Concord,ON,,L4K0E5,4075E6D,BAN AGXUMTOM C O ZEPPXABTOOK CONSTRUCTION,,ON,CONCORD,L4K0E5,ds1
2C70AEC,Exgomquum College - Banbtoka Campus,Pembroke,ON,Canada,K8A0C8,67636BB,EXGOMQUUM COLLEGE BANBTOKA CAMPUS,CA,ON,PEMBROKE,K8A0C8,ds1
2CB99BF,Buta Mechanical Group,Oshawa,ON,Canada,L1J5Y5,4AA7978,BUTA MECHANICAL GROUP,CA,ON,OSHAWA,L1J5Y5,ds1
2CC13A4,Zxeta Office UU X B,Toronto,ON,,M5J2V1,F9F5200,ZXETA OFFICE UU X B,,ON,TORONTO,M5J2V1,ds1
2D522E1,Punechan Inc.,Windsor,ON,,N8X4G4,7DCC6AE,PUNECHAN,,ON,WINDSOR,N8X4G4,ds1
2D720BC,Cumabxax Inc.,Toronto,ON,,M4T2Y9,A756A82,CUMABXAX,,ON,TORONTO,M4T2Y9,ds1
2DD8E47,Whutatock REIT,Mississauga,ON,,L5B3C2,C229A75,WHUTATOCK REIT,,ON,MISSISSAUGA,L5B3C2,ds1
2DFC65E,Conbxata Chuxxat Solutions,Mississauga,ON,,L4W4T6,DE513B8,CONBXATA CHUXXAT SOLUTIONS,,ON,MISSISSAUGA,L4W4T6,ds1
2E71893,NUTTOT Move Zcotue,Lakeside,NS,,B3T1M6,7F4D671,NUTTOT MOVE ZCOTUE,,NS,LAKESIDE,B3T1M6,ds1
2E71F7D,TZCC 1851,Toronto,ON,,M2K3C6,185F79F,TZCC 1851,,ON,TORONTO,M2K3C6,ds1
2E89386,Boetpwexk Gamatex Bettmatzhub,Calgary,AB,Canada,T2R0W1,0E6A178,BOETPWEXK GAMATEX BETTMATZHUB,CA,AB,CALGARY,T2R0W1,ds1
2E91B14,Nattuc Mechanical inc.,Brampton,Ontario,,L6S5T4,B0F55B5,NATTUC MECHANICAL,,ON,BRAMPTON,L6S5T4,ds1
2EB3402,CBNU as Egamtz for Pumpez Apwetp  Centre,Toronto,ON,,M2N3A1,EE56269,CBNU AS EGAMTZ FOR PUMPEZ APWETP CENTRE,,ON,TORONTO,M2N3A1,ds1
2F0AA84,Xuxypexa  - Zofume Foopz Inc.,Calgary,Alberta,,T2G4M5,3E3CC9D,XUXYPEXA ZOFUME FOOPZ,,AB,CALGARY,T2G4M5,ds1
2F23CB8,Ubzttaat Cteft Btawumg,Charlottetown,PE,,C1A2V6,4417D72,UBZTTAAT CTEFT BTAWUMG,,PE,CHARLOTTETOWN,C1A2V6,ds1
2F6DBD2,Num. of the District of Guyzbotough,Boylston,NS,,B0H1G0,49B5EB1,NUM OF THE DISTRICT OF GUYZBOTOUGH,,NS,BOYLSTON,B0H1G0,ds1
2FA3E66,BCC 169,Vaughan,ON,,L4L4S5,3D4B477,BCC 169,,ON,VAUGHAN,L4L4S5,ds1
2FB60A6,EX Property Management Services X  B c/o Ettuz REIT,Toronto,ON,,M5B2E7,E2870C7,EX PROPERTY MANAGEMENT SERVICES X B C O ETTUZ REIT,,ON,TORONTO,M5B2E7,ds1
3070A3E,Anbuty Company,Missisauga,ON,,L4V1L1,5193C4B,ANBUTY,,ON,MISSISAUGA,L4V1L1,ds1
30B0E68,ZQU (Zocuété Québécouza des Umftezttuctutaz),Laval,QC,Canada,H7G2W2,6B0AC0A,ZQU ZOCUETE QUEBECOUZA DES UMFTEZTTUCTUTAZ,CA,QC,LAVAL,H7G2W2,ds1
30D93D1,Noxua'z Gtuxx & Bet,Toronto,ON,,M5J2M4,6422062,NOXUAZ GTUXX BET,,ON,TORONTO,M5J2M4,ds1
30E80D6,Vuamme Naet - Zofume Foopz Inc.,Scarborough,Ontario,,M1S3A7,9696D30,VUAMME NAET ZOFUME FOOPZ,,ON,SCARBOROUGH,M1S3A7,ds1
31ED2DE,TZCC 2310,Toronto,ON,,M5A0C1,DC67C62,TZCC 2310,,ON,TORONTO,M5A0C1,ds1
32AB992,H.C.C.C#293,Dartmouth,NS,CANADA,B2Y2N6,DFA1C05,H C C C293,CA,NS,DARTMOUTH,B2Y2N6,ds1
32E66C7,Q19 Matwotkz Inc.,Toronto,ON,,M5K1J3,385A8FD,Q19 MATWOTKZ,,ON,TORONTO,M5K1J3,ds1
33063C1,Waztwoop Group,Halifax,NS,,B3H4S3,323BB4D,WAZTWOOP GROUP,,NS,HALIFAX,B3H4S3,ds1
333BC4D,HATAZ Haetumg & Cooxumg Inc.,Hamilton,ON,,L8K1L2,E9F62EC,HATAZ HAETUMG COOXUMG,,ON,HAMILTON,L8K1L2,ds1
33623A1,NTCC 868,Toronto,ON,,M6M5E7,847F8FC,NTCC 868,,ON,TORONTO,M6M5E7,ds1
33CD12D,Épufuca 211 Xeutuat Inc.,Montréal,QC,Canada,H3C1L9,0D47B33,EPUFUCA 211 XEUTUAT,CA,QC,MONTREAL,H3C1L9,ds1
3402FDC,HCCC #295 c/o,Dartmouth,NS,,,827D8A1,HCCC 295 C O,,NS,DARTMOUTH,,ds1
343864F,YNCE - ZEZK,Regina,SK,,S4X2P9,715A75A,YNCE ZEZK,,SK,REGINA,S4X2P9,ds1
343B494,Zofume Foopz Inc. (Nuzzuzzeuge),Mississauga,ON,,L4V1C7,F147F74,ZOFUME FOOPZ NUZZUZZEUGE,,ON,MISSISSAUGA,L4V1C7,ds1
344B6A4,9481-7610 Québac Inc,Westmount,QC,Canada,H3Z1B7,FB11C7D,9481 7610 QUEBAC,CA,QC,WESTMOUNT,H3Z1B7,ds1
3479630,Yotk Componumuun Corp. MO. 112,Toronto,Ontario,,M2M1V8,96DD384,YOTK COMPONUMUUN MO 112,,ON,TORONTO,M2M1V8,ds1
3498CCF,XeZexxa Umvaztnamt Management (Canada) Inc.,Markham,ON,,L3R0C9,243DF69,XEZEXXA UMVAZTNAMT MANAGEMENT CANADA,,ON,MARKHAM,L3R0C9,ds1
350A915,Btugux Construction,Ottawa,ON,Canada,K1K4Z2,38B3351,BTUGUX CONSTRUCTION,CA,ON,OTTAWA,K1K4Z2,ds1
3536DA2,Teyxym Comttectumg Inc,Oshawa,ON,,L1J5V6,F0F3440,TEYXYM COMTTECTUMG,,ON,OSHAWA,L1J5V6,ds1
353D8D9,Enaxom Property Management Inc.,Toronto,ON,,M3C3G8,C119275,ENAXOM PROPERTY MANAGEMENT,,ON,TORONTO,M3C3G8,ds1
3546D0D,Xomgvuaw Evuetuom Properties Inc.,Victoria,BC,,V8W3E9,F5F4AF7,XOMGVUAW EVUETUOM PROPERTIES,,BC,VICTORIA,V8W3E9,ds1
359AA2B,Evom Canada UXC,Pointe-Claire,QC,,H9R1B6,7A118E0,EVOM CANADA UXC,,QC,POINTE-CLAIRE,H9R1B6,ds1
360591B,BXEM GROUP,Vaughan,ON,,L4K4T4,2D48CB9,BXEM GROUP,,ON,VAUGHAN,L4K4T4,ds1
361FF82,MZCC68 c/o,Cobourg,ON,,K9A4R5,1CC2519,MZCC68 C O,,ON,COBOURG,K9A4R5,ds1
36356C6,Gux-Zom Construction Limited,Goodwood,NS,,B3T1P3,5731F8F,GUX ZOM CONSTRUCTION,,NS,GOODWOOD,B3T1P3,ds1
3659A0E,Cetnucheax Amgumaatumg,Windsor,ON,,N8X4W3,49C5F5D,CETNUCHEAX AMGUMAATUMG,,ON,WINDSOR,N8X4W3,ds1
36A7229,EBCO Industries Inc,Lunenburg,NS,,,F552A47,EBCO INDUSTRIES,,NS,LUNENBURG,,ds1
36AC87B,Notguetp MET Canada X.B.,Mississauga,Ontario,,L5B1M3,7FDD6D5,NOTGUETP MET CANADA X B,,ON,MISSISSAUGA,L5B1M3,ds1
36BE7C6,Etame Atuc Zhetb,Saint-Lambert,QC,Canada,J4P2R6,88A6BB7,ETAME ATUC ZHETB,CA,QC,SAINT-LAMBERT,J4P2R6,ds1
37321DA,Xowthat Taftugatetuom,Clyde River,PE,,C0A1H3,ECE10BF,XOWTHAT TAFTUGATETUOM,,PE,CLYDE RIVER,C0A1H3,ds1
3770BBE,Eacom Umpuzttuex,Cambridge,ON,,N1R7K9,D471098,EACOM UMPUZTTUEX,,ON,CAMBRIDGE,N1R7K9,ds1
3784266,C.X.A.E.M,Bolton,ON,Canada,L7E5C1,82283CC,C X A E M,CA,ON,BOLTON,L7E5C1,ds1
3788621,THE GTEMPVUAW,WINDSOR,ON,,N8Y1A8,38178FE,THE GTEMPVUAW,,ON,WINDSOR,N8Y1A8,ds1
378C157,XAEZUPA,EAST YORK,ON,,M4H1E7,5DD5B10,XAEZUPA,,ON,EAST YORK,M4H1E7,ds1
379A789,510  XZ  Limited  Bettmatzhub,Toronto,ON,,M4T2S5,F2023E9,510 XZ BETTMATZHUB,,ON,TORONTO,M4T2S5,ds1
37A65D2,OCXCC 723 c/o,Ottawa,ON,,K1R7V7,F8969E8,OCXCC 723 C O,,ON,OTTAWA,K1R7V7,ds1
37BFA4D,Nebxa Ttaet Corporation (The),Granby,QC,Canada,J2J2B8,C58E4EC,NEBXA TTAET THE,CA,QC,GRANBY,J2J2B8,ds1
38D290F,627590 Zezk Ltd.,Regina,SK,,S4P3X1,393B28D,627590 ZEZK,,SK,REGINA,S4P3X1,ds1
38F61D5,Thatno Coox Mechanical,Etobicoke,ON,,M9W4P1,6934A98,THATNO COOX MECHANICAL,,ON,ETOBICOKE,M9W4P1,ds1
392F9C4,Bteutua Btaw Supplies,Regina,SK,,S4R1X8,77FA2E7,BTEUTUA BTAW SUPPLIES,,SK,REGINA,S4R1X8,ds1
395632E,ZezkTax,Regina,SK,Contract #CW2259399,S4P3Y2,729443C,ZEZKTAX,,SK,REGINA,S4P3Y2,ds1
3992801,NTCC 816,Toronto,ON,,M6S4Y9,D47A06B,NTCC 816,,ON,TORONTO,M6S4Y9,ds1
39A9B78,Ttua Motth Connatcuex LP,Toronto,ON,,M2M4J1,9D23A18,TTUA MOTTH CONNATCUEX,,ON,TORONTO,M2M4J1,ds1
39E9F92,MotthWazt Healthcare Properties,Toronto,ON,,M5G1Z8,53CE31D,MOTTHWAZT HEALTHCARE PROPERTIES,,ON,TORONTO,M5G1Z8,ds1
39FE833,Vuctotue CO-OB Fuzhatuaz,Neil's Harbour,NS,,B0C1N0,0265F44,VUCTOTUE OB FUZHATUAZ,,NS,NEILS HARBOUR,B0C1N0,ds1
3A638F3,Quaam Square Pavaxobanamt Ltd.,Dartmouth,NS,,B2Y2N6,1D1250F,QUAAM SQUARE PAVAXOBANAMT,,NS,DARTMOUTH,B2Y2N6,ds1
3A9BE0E,TZCC 1506,North York,ON,,M2K3C2,9A01903,TZCC 1506,,ON,NORTH YORK,M2K3C2,ds1
3ACAB91,TZCC 1787,Mississauga,ON,,L4Z1R9,66E80A6,TZCC 1787,,ON,MISSISSAUGA,L4Z1R9,ds1
3AE5CA2,Eut Cuttamt Umpuzttuex Inc.,Toronto,ON,,M6M3K8,C3CDB31,EUT CUTTAMT UMPUZTTUEX,,ON,TORONTO,M6M3K8,ds1
3B6A7A1,Zhewcot Ltd.,Toronto,ON,,M9W1M7,D23ABDA,ZHEWCOT,,ON,TORONTO,M9W1M7,ds1
3B8AC6F,Tenepe Bxeze,Regina,SK,,S4P0R1,1EC0E87,TENEPE BXEZE,,SK,REGINA,S4P0R1,ds1
3BA644A,Cetnucheax Amgumaatumg Ltd.,Mississauga,ON,,L4X2G6,03A7892,CETNUCHEAX AMGUMAATUMG,,ON,MISSISSAUGA,L4X2G6,ds1
3BB4450,Nopatm Muegete Ottawa,Kanata,ON,,K2M2G8,D26F5C3,NOPATM MUEGETE OTTAWA,,ON,KANATA,K2M2G8,ds1
3BF230F,Enbuamt Mechanical Ltd.,Concord,ON,,L4K4A1,B2CB2A8,ENBUAMT MECHANICAL,,ON,CONCORD,L4K4A1,ds1
3C02152,Numto X18 Inc.,Toronto,ON,,M4S2B5,240CEE6,NUMTO X18,,ON,TORONTO,M4S2B5,ds1
3C0FD5B,Eutom HVEC and Comttoxz Ltd.,Burlington,ON,Canada,L7L6B7,D765989,EUTOM HVEC AND COMTTOXZ,CA,ON,BURLINGTON,L7L6B7,ds1
3C4A296,Pougxez Plumbing and Haetumg,Vibank,SK,,S0G4Y0,BB1B243,POUGXEZ PLUMBING AND HAETUMG,,SK,VIBANK,S0G4Y0,ds1
3C800BF,Zuanamz Canada Limited -,Oakville,Ontario,Canada,L6H0H6,75F4E19,ZUANAMZ CANADA,CA,ON,OAKVILLE,L6H0H6,ds1
3CBF964,Foumteum Place Co Limited,Markham,ON,,L3R2V1,D3A1A58,FOUMTEUM PLACE,,ON,MARKHAM,L3R2V1,ds1
3CC848D,TZCC 1597,TORONTO,ON,,M2N7C5,D014E3E,TZCC 1597,,ON,TORONTO,M2N7C5,ds1
3CC9B07,Natto Canada Xoguztucz,Laval,Quebec,,H7M5G4,6E8DD1A,NATTO CANADA XOGUZTUCZ,,QC,LAVAL,H7M5G4,ds1
3D076EE,YCC 202,Toronto,ON,,M4K3Y2,3071A17,YCC 202,,ON,TORONTO,M4K3Y2,ds1
3D8D796,Coxxuat'z International Canada,Regina,SK,,S4P0K6,DB73F01,COXXUATZ INTERNATIONAL CANADA,,SK,REGINA,S4P0K6,ds1
3DDE93F,1132 International Monumaa Inc.,Oakville, ON,,L6H0C3,AB0C85B,1132 INTERNATIONAL MONUMAA,,ON,OAKVILLE,L6H0C3,ds1
3E3866D,Les Btezzautz de Nomtabaxxo,Montebello,QC,,J0V1L0,65300E0,LES BTEZZAUTZ DE NOMTABAXXO,,QC,MONTEBELLO,J0V1L0,ds1
3E490F7,Tapboutma Netkhen Cochtema Co-owmatzhub,Markham,ON,,L3R0C9,31A5E0F,TAPBOUTMA NETKHEN COCHTEMA OWMATZHUB,,ON,MARKHAM,L3R0C9,ds1
3E4CB39,AZX technology Inc.,Dartmouth,NS,,B3B1M6,CFC3EC7,AZX TECHNOLOGY,,NS,DARTMOUTH,B3B1M6,ds1
3EFF5D3,Numucubexuté St-Chtyzoztona,St-Chrysotome,QC,,J0S1R0,667D366,NUMUCUBEXUTE ST CHTYZOZTONA,,QC,ST-CHRYSOTOME,J0S1R0,ds1
3F59545,Exxam Mechanical,Kingston,ON,,K7P2Z8,C9D6556,EXXAM MECHANICAL,,ON,KINGSTON,K7P2Z8,ds1
3F7CB30,Vage Holdings,Halifax,NS,,B3S0E5,D85FEBA,VAGE HOLDINGS,,NS,HALIFAX,B3S0E5,ds1
3F803D7,NatCeb Xuvumg Properties Inc.,Toronto,Ontario,,M9A4Y5,6130F91,NATCEB XUVUMG PROPERTIES,,ON,TORONTO,M9A4Y5,ds1
401D350,Honaztaep Land Holdings',London,ON,Canada,N5V2Z8,E773A88,HONAZTAEP LAND HOLDINGS,CA,ON,LONDON,N5V2Z8,ds1
4045CFC,PZN Muttutuomex Products Canada Inc.,Ayr,ON,Canada,N0B1E0,98E1E7D,PZN MUTTUTUOMEX PRODUCTS CANADA,CA,ON,AYR,N0B1E0,ds1
40CD5E0,Nopatm Muegete (Nettumzvuxxa),Martinsville,SK,,,6577DF2,NOPATM MUEGETE NETTUMZVUXXA,,SK,MARTINSVILLE,,ds1
40FE3C8,50 Hoxxy Street Bettmatzhub Ltd.,Toronto,ON,,M5C2W5,33F5007,50 HOXXY STREET BETTMATZHUB,,ON,TORONTO,M5C2W5,ds1
4116778,Etxez Coxp Ztotega,Toronto,ON,,M9L1P1,FD1ED8F,ETXEZ COXP ZTOTEGA,,ON,TORONTO,M9L1P1,ds1
4159063,CXEC c/o GWX Taexty Epvuzotz Inc.,Toronto,ON,,M5C2V9,D39D8CA,CXEC C O GWX TAEXTY EPVUZOTZ,,ON,TORONTO,M5C2V9,ds1
41D8D0C,Move Zcotue Haexth Euthotuty (CB),Kentville,NS,,B4N3V7,2E5A6F1,MOVE ZCOTUE HAEXTH EUTHOTUTY CB,,NS,KENTVILLE,B4N3V7,ds1
4245752,XAV MYC LP,TORONTO,ON,,M6A3B4,CCEEA63,XAV MYC,,ON,TORONTO,M6A3B4,ds1
432652E,Xobxewz Inc.  (Noumteumezh 2026),Hamilton,ON,,L8W3N1,82A3E58,XOBXEWZ NOUMTEUMEZH 2026,,ON,HAMILTON,L8W3N1,ds1
436492D,Tanbxatom Properties,Halifax,NS,Canada,B3H1R1,4851B82,TANBXATOM PROPERTIES,CA,NS,HALIFAX,B3H1R1,ds1
436AA50,Conumet Taex Estate Umvaztnamt Trust,Toronto,ON,,M5J2H7,ABB9C90,CONUMET TAEX ESTATE UMVAZTNAMT TRUST,,ON,TORONTO,M5J2H7,ds1
43B5CA7,Btookfuaxp Office Properties.,Mississauga,ON,,L4V1W1,3CCB04D,BTOOKFUAXP OFFICE PROPERTIES,,ON,MISSISSAUGA,L4V1W1,ds1
43EEAB1,Btookfuaxp Office Properties,Mississauga,ON,,L4V1W1,6E0A8C5,BTOOKFUAXP OFFICE PROPERTIES,,ON,MISSISSAUGA,L4V1W1,ds1
447774C,The Canada Xufa Ezzutemca Company c/o GWX Taexty,Toronto,ON,,M5G1R8,A8B5C24,THE CANADA XUFA EZZUTEMCA C O GWX TAEXTY,,ON,TORONTO,M5G1R8,ds1
448AACE,"F & B Nfg., Inc.",Tottenham,ON,,L0G1W0,7D98E1C,F B NFG,,ON,TOTTENHAM,L0G1W0,ds1
44CCC29,St. Ftemcuz Xevuat University,Antigonish,NS,,B2G2W5,E276686,ST FTEMCUZ XEVUAT UNIVERSITY,,NS,ANTIGONISH,B2G2W5,ds1
4513D9B,NTCC 758,Toronto,ON,,M9A5C6,6E2BE88,NTCC 758,,ON,TORONTO,M9A5C6,ds1
451DACF,Wuxnet Ectaz,Centreville,NS,,B0P1J0,6C35AAD,WUXNET ECTAZ,,NS,CENTREVILLE,B0P1J0,ds1
45205D8,Haet Eut Mechanical,Concord,ON,,L4K4B5,C1B8729,HAET EUT MECHANICAL,,ON,CONCORD,L4K4B5,ds1
453435E,EC Puzbamzumg Equipment,Lower Sackville,NS,,B4C4H2,76686A2,EC PUZBAMZUMG EQUIPMENT,,NS,LOWER SACKVILLE,B4C4H2,ds1
45BCA09,Wuttumgtom Properties Limited  Ontario Region,Toronto,ON,,M4T2S5,2B0ACE8,WUTTUMGTOM PROPERTIES ONTARIO REGION,,ON,TORONTO,M4T2S5,ds1
466E32B,The Church Btawumg Co.,Wolfville,NS,,B4P1C4,FE7E131,THE CHURCH BTAWUMG,,NS,WOLFVILLE,B4P1C4,ds1
46FDB7B,TATTE, Oakville,ON,,L6J4K3,1B2E83F,TATTE,,ON,OAKVILLE,L6J4K3,ds1
4796ECC,ChanO,Vaudreuil-Dorion,Quebec,,J7V7N2,595ECB8,CHANO,,QC,VAUDREUIL-DORION,J7V7N2,ds1
47A5B45,Cégab de Zeumt-Jétôna,Saint-Jérôme,Québec,Canada,J7Z4V2,1361C2E,CEGAB DE ZEUMT JETONA,CA,QC,SAINT-JEROME,J7Z4V2,ds1
4870A96,Uxtuneta Mechanical Services Inc.,Mississauga,Ontario,,L4X2G6,45AB1CD,UXTUNETA MECHANICAL SERVICES,,ON,MISSISSAUGA,L4X2G6,ds1
4874DE4,Johmzom Comttoxz Canada LP,Milwaukee,WI,USA,53201,31A0566,JOHMZOM COMTTOXZ CANADA,US,WI,MILWAUKEE,53201,ds1
48FE02B,ZHATWOOP COURT,MAPLE,ON,,L6A3P8,411DABF,ZHATWOOP COURT,,ON,MAPLE,L6A3P8,ds1
48FEA87,Numucubex Enterprises Limited (Paxtat Comztuctuom),Bedford,NS,,B4A3Z2,D93A599,NUMUCUBEX ENTERPRISES PAXTAT COMZTUCTUOM,,NS,BEDFORD,B4A3Z2,ds1
491CD02,UCANEM Mechanical Inc.,Craven,SK,,S0G0W0,040C3E7,UCANEM MECHANICAL,,SK,CRAVEN,S0G0W0,ds1
49355EF,Motthen - UE (QQT) Co-tamemcy,Toronto,ON,,M5J1A7,B2E8530,MOTTHEN UE QQT TAMEMCY,,ON,TORONTO,M5J1A7,ds1
49A82BF,2305098 Ontario Inc.,Markham,ON,Canada,L3R0C9,D88A294,2305098 ONTARIO,CA,ON,MARKHAM,L3R0C9,ds1
49F8661,Zezketchawem Haexth Euthotuty - FHHT,Moose Jaw,SK,,S6H0G3,482B0CD,ZEZKETCHAWEM HAEXTH EUTHOTUTY FHHT,,SK,MOOSE JAW,S6H0G3,ds1
4A27D9F,Exunamtz Comegte Canada Inc.,Boisbriand,QC,Canada,J7G2A7,B4741F4,EXUNAMTZ COMEGTE CANADA,CA,QC,BOISBRIAND,J7G2A7,ds1
4A37FC5,Cattufuap Group of Conbemuaz,Mississauga,ON,,L4W5C5,4D333F8,CATTUFUAP GROUP OF CONBEMUAZ,,ON,MISSISSAUGA,L4W5C5,ds1
4A4B33E,Fottumoz (Bxeumz Road),Burlington,ON,,L7T4K1,D9BF08C,FOTTUMOZ BXEUMZ ROAD,,ON,BURLINGTON,L7T4K1,ds1
4A8ED70,Vuxxa de Xomguauux(Hôtax de Vuxxa),Longueuil,QC,,J3Y9G4,DAF8348,VUXXA DE XOMGUAUUX HOTAX DE VUXXA,,QC,LONGUEUIL,J3Y9G4,ds1
4AECEA6,Beyat Ctob,Regina,SK,,S4N6C2,DDB6009,BEYAT CTOB,,SK,REGINA,S4N6C2,ds1
4AFCDB8,Motth America Construction Ltd.,Morriston,ON,,N0B2C0,6D8C7A5,MOTTH AMERICA CONSTRUCTION,,ON,MORRISTON,N0B2C0,ds1
4B2BDF3,Umuvatzuté du Québac am Outeoueuz,Gatineau,QC,Canada,J8X3X7,8DC3933,UMUVATZUTE DU QUEBAC AM OUTEOUEUZ,CA,QC,GATINEAU,J8X3X7,ds1
4B319A8,EExxztet Plumbing and Haetumg inc.,Ottawa,ON,,K1B3K7,A208CD8,EEXXZTET PLUMBING AND HAETUMG,,ON,OTTAWA,K1B3K7,ds1
4B44068,Butom (9180-7580 Québac inc.),CHIBOUGAMAU,QC,Canada,G8P1R4,23F70CA,BUTOM 9180 7580 QUEBAC,CA,QC,CHIBOUGAMAU,G8P1R4,ds1
4B9DA5E,Umzutu Comttectotz Inc. -,Guelph,ON,Canada,N1H5V1,577A413,UMZUTU COMTTECTOTZ,CA,ON,GUELPH,N1H5V1,ds1
4C8FF5E,Xobxewz Inc.  (Hughwey 17 & Emzxay 2014),Hamilton,ON,,L8W3N1,A60D1AE,XOBXEWZ HUGHWEY 17 EMZXAY 2014,,ON,HAMILTON,L8W3N1,ds1
4C92EC7,VUE Teux c/o Eumzwotth Facility Service Pazk,Ottawa,ON,,K2E7Z2,E80BEA7,VUE TEUX C O EUMZWOTTH FACILITY SERVICE PAZK,,ON,OTTAWA,K2E7Z2,ds1
4CB57A1,Totonomt CET,Concord,ON,,L4K1B7,43E0AA5,TOTONOMT CET,,ON,CONCORD,L4K1B7,ds1
4D1D651,Xobxewz Inc. (Maw Street 2029),Hamilton,ON,,L8W3N1,9C658A9,XOBXEWZ MAW STREET 2029,,ON,HAMILTON,L8W3N1,ds1
4D22F40,Axactto Cebxaz Inc.,Trenton,ON,,K8V5R5,CB4DDAB,AXACTTO CEBXAZ,,ON,TRENTON,K8V5R5,ds1
4D42089,The Chtomucxa Hatexp Btumtumg Service,Bedford,NS,,B4B1J6,7778994,THE CHTOMUCXA HATEXP BTUMTUMG SERVICE,,NS,BEDFORD,B4B1J6,ds1
4D4C465,U&NA BAVATEGA COMPANY,MISSISSAUGA,ON,,L5S2A4,490DED2,U NA BAVATEGA,,ON,MISSISSAUGA,L5S2A4,ds1
4D7B995,ZTO,Gatineau,QC,,J8Z1T4,404D18B,ZTO,,QC,GATINEAU,J8Z1T4,ds1
4DAE5D2,Etxez Zemutety Zawat Services,Regina,SK,,S4R1B4,FA7D1C8,ETXEZ ZEMUTETY ZAWAT SERVICES,,SK,REGINA,S4R1B4,ds1
4E705D9,Btagg Cxaematz Teuxotz & Futtuatz Amt Ltd.,Regina,SK,,S4P2T5,D6D6AD2,BTAGG CXAEMATZ TEUXOTZ FUTTUATZ AMT,,SK,REGINA,S4P2T5,ds1
4E96439,TTC Consulting Motth America,Windsor CT 06095,,,,406E321,TTC CONSULTING MOTTH AMERICA,,,WINDSOR CT 06095,,ds1
4EC8461,Totex Bopyceta Inc.,Brampton,ON,,L7A1B1,8EB0EAE,TOTEX BOPYCETA,,ON,BRAMPTON,L7A1B1,ds1
4ED4457,Pazugm Eut Cxunetaceta,Thornhill,Ontario,,L3T1L3,F33AA61,PAZUGM EUT CXUNETACETA,,ON,THORNHILL,L3T1L3,ds1
4EFBFD6,Wetat Warehouse,Regina,SK,,S4N2G1,B587B4F,WETAT WAREHOUSE,,SK,REGINA,S4N2G1,ds1
4F21D2F,bcUNC Taexty Corporation c/o QuepTaex Property Group,Toronto,ON,,M5L1E2,98C099D,BCUNC TAEXTY C O QUEPTAEX PROPERTY GROUP,,ON,TORONTO,M5L1E2,ds1
4F3095A,CXUC & CXEC,Toronto,ON,,M5B2H4,A26A2AC,CXUC CXEC,,ON,TORONTO,M5B2H4,ds1
4F516A9,110 CVPW LP,Markham,ON,,L3T0A1,F4C4582,110 CVPW,,ON,MARKHAM,L3T0A1,ds1
4FB3665,Nythoz Developments Limited -,Halifax,NS,,B3S0E5,27A0133,NYTHOZ DEVELOPMENTS,,NS,HALIFAX,B3S0E5,ds1
4FEA047,12 Bxoot Inc. c/o Ttuovazt,Toronto,ON,,M5J1T1,75EEB4B,12 BXOOT C O TTUOVAZT,,ON,TORONTO,M5J1T1,ds1
503C20F,Hammug Property Management,Regina,SK,,S4R6G3,1DA287C,HAMMUG PROPERTY MANAGEMENT,,SK,REGINA,S4R6G3,ds1
50A2007,Anbexxegaz Nutchax-Xumcoxm Ltée,St-Laurent,QC,Canada,H4R1V1,DCC831A,ANBEXXEGAZ NUTCHAX XUMCOXM LTEE,CA,QC,ST-LAURENT,H4R1V1,ds1
50FFD90,224 Nomttaex Road Taguomex Inc.,Ottawa,ON,,K2C0P9,03917D7,224 NOMTTAEX ROAD TAGUOMEX,,ON,OTTAWA,K2C0P9,ds1
5137A75,Xempe Kammapy Office Limited Bettmatzhub,Toronto,ON,,M2N6S3,5E3C806,XEMPE KAMMAPY OFFICE BETTMATZHUB,,ON,TORONTO,M2N6S3,ds1
51629AF,Eumzwotth Inc.,Mississauga,ON,Canada,L4V1H3,A68EEFC,EUMZWOTTH,CA,ON,MISSISSAUGA,L4V1H3,ds1
5171C4A,Umfuxtatap Btawumg Inc.,Halifax,NS,,B3K1P1,F94B161,UMFUXTATAP BTAWUMG,,NS,HALIFAX,B3K1P1,ds1
5183829,"Zbuta Wetxuma Limited Bettmatzhub,",Mississauga,ON,CA,L4W5P1,3C7FF81,ZBUTA WETXUMA BETTMATZHUB,CA,ON,MISSISSAUGA,L4W5P1,ds1
51B72E9,TE UMVAZTNAMT 23 HOLDINGS GB INC.,Toronto,ON,,M5B2H4,0C13D5B,TE UMVAZTNAMT 23 HOLDINGS GB,,ON,TORONTO,M5B2H4,ds1
51EA865,BCC 201,Mississauga,Ontario,,L5A3X2,F45A369,BCC 201,,ON,MISSISSAUGA,L5A3X2,ds1
5203905,Zoftweta Xoguztucz Inc.,Toronto,ON,,M2H2E1,4778646,ZOFTWETA XOGUZTUCZ,,ON,TORONTO,M2H2E1,ds1
521BA9D,Nezco Natex Fumuzhumg Co,North York,ON,,M9M2M8,2858C63,NEZCO NATEX FUMUZHUMG,,ON,NORTH YORK,M9M2M8,ds1
5224896,Zezketchawem Haexth Euthotuty - Zezketoom,Saskatoon,SK,,S7K3H1,D43A8C7,ZEZKETCHAWEM HAEXTH EUTHOTUTY ZEZKETOOM,,SK,SASKATOON,S7K3H1,ds1
528F857,Paatfuaxp 13 GB Inc. (210 Paatfuaxp Tp),Toronto,ON,,M5J0B6,9B06125,PAATFUAXP 13 GB 210 PAATFUAXP TP,,ON,TORONTO,M5J0B6,ds1
52E7B1C,Numuch Taumzutemca Company of Canada,Toronto,ON,,M5H2Y2,99F818A,NUMUCH TAUMZUTEMCA OF CANADA,,ON,TORONTO,M5H2Y2,ds1
5304668,Tattebuta Amvutomnamtex,Toronto,ON,,M9W1L3,461650A,TATTEBUTA AMVUTOMNAMTEX,,ON,TORONTO,M9W1L3,ds1
5366E42,Emguz Consulting Management Limited,Toronto,ON,Canada,M3C2J6,3595541,EMGUZ CONSULTING MANAGEMENT,CA,ON,TORONTO,M3C2J6,ds1
5389BF5,Nacemuqua BCU,Gatineau,QC,,J8Z1W2,2932F90,NACEMUQUA BCU,,QC,GATINEAU,J8Z1W2,ds1
53C74CB,5161 Gaotga Street Limited Bettmatzhub,Halifax,NS,,B3B1W8,6551B24,5161 GAOTGA STREET BETTMATZHUB,,NS,HALIFAX,B3B1W8,ds1
5405A19,Cobbat Valley Mechanical Ltd.,Merritt,BC,,V1K1B8,12E9EBC,COBBAT VALLEY MECHANICAL,,BC,MERRITT,V1K1B8,ds1
54165F4,2588543 Ontario Inc,Halifax,NS,,B3M4B9,13BD53B,2588543 ONTARIO,,NS,HALIFAX,B3M4B9,ds1
5430FC9,Namkaz 110 Quaamz Quey Aezt Ltd.,North York,ON,,M2N7E4,26A54D5,NAMKAZ 110 QUAAMZ QUEY AEZT,,ON,NORTH YORK,M2N7E4,ds1
54413A9,GOTP PROPERTIES INC c/o Powmumg Street Property,Vaughan,ON,,L4K4Z9,14416FA,GOTP PROPERTIES C O POWMUMG STREET PROPERTY,,ON,VAUGHAN,L4K4Z9,ds1
54548F6,Bxeck & NcPomexp,Stoney Creek,ON,,L8E2B2,AC5B8F5,BXECK NCPOMEXP,,ON,STONEY CREEK,L8E2B2,ds1
54629AA,Btanuat Pty Cxaematz,Ottawa,ON,,K1Z6A5,546CF76,BTANUAT PTY CXAEMATZ,,ON,OTTAWA,K1Z6A5,ds1
54A4762,Naxvuxxa Xopga Xomg Tatn Ceta Centre,Halifax,NS,,B3P2R3,367217E,NAXVUXXA XOPGA XOMG TATN CETA CENTRE,,NS,HALIFAX,B3P2R3,ds1
55943D0,The Canada  Xufa Ezzutemca Company,Toronto,ON,,M5C2V9,7B621D1,THE CANADA XUFA EZZUTEMCA,,ON,TORONTO,M5C2V9,ds1
559B184,2011 & 2015 Zhabbetp Ave. Aezt LP c/o Teyxot+,Toronto,ON,,M2J4Z8,5261470,2011 2015 ZHABBETP AVE AEZT C O TEYXOT,,ON,TORONTO,M2J4Z8,ds1
55D4861,Xawuz Nouxpumgz & Woop Zbacuextuaz Ltd.,Weymouth,NS,,B0W3T0,741CD2B,XAWUZ NOUXPUMGZ WOOP ZBACUEXTUAZ,,NS,WEYMOUTH,B0W3T0,ds1
55D5CDC,Chavex Property Management,Aurora,ON,,L4G1J5,47796C6,CHAVEX PROPERTY MANAGEMENT,,ON,AURORA,L4G1J5,ds1
56835FA,Ctaztboumt T.A.(1939 Beyvuaw Inc.),Toronto,Ontario,,M4G3E8,6BF9D9D,CTAZTBOUMT T A 1939 BEYVUAW,,ON,TORONTO,M4G3E8,ds1
57329EB,Wexkat'z Wetat Systems,Kipling,SK,,S0G2S0,8EE1874,WEXKATZ WETAT SYSTEMS,,SK,KIPLING,S0G2S0,ds1
57410DD,EV-Tach Inc,Quebec,QC,,G1N4L2,A013280,EV TACH,,QC,QUEBEC,G1N4L2,ds1
582FD45,Xoguztucz um Notuom,Ajax,ON,Canada,L1Z0B2,CFB0C35,XOGUZTUCZ UM NOTUOM,CA,ON,AJAX,L1Z0B2,ds1
5844091,HCC #240,Halifax,NS,,B2Y2N4,55D3694,HCC 240,,NS,HALIFAX,B2Y2N4,ds1
587802E,Connom Goop Baat Co.,Toronto,ON,,M1R4E5,C47AD65,CONNOM GOOP BAAT,,ON,TORONTO,M1R4E5,ds1
58A33E2,Zhatwoop Court Xomg Tatn Ceta Centre,Maple,ON,,L6A3P8,FD09D5A,ZHATWOOP COURT XOMG TATN CETA CENTRE,,ON,MAPLE,L6A3P8,ds1
58C292C,ToxxZtenb Nfg. -,Concord,ON,Canada,L4K2K1,301961C,TOXXZTENB NFG,CA,ON,CONCORD,L4K2K1,ds1
5910DF5,Cattufuap Building Systems,Mississauga,ON,,L4Z1S6,B1F7C82,CATTUFUAP BUILDING SYSTEMS,,ON,MISSISSAUGA,L4Z1S6,ds1
5978ACF,BtoWaztatm Mechanical,Saskatoon,SK,,S4P0C5,70C9EF9,BTOWAZTATM MECHANICAL,,SK,SASKATOON,S4P0C5,ds1
59B13C7,1531 Yomga Haeth Limited Ontario Region,Toronto,ON,,M4T2S5,E39AF75,1531 YOMGA HAETH ONTARIO REGION,,ON,TORONTO,M4T2S5,ds1
5A9B20F,Batumg Mechanical Ltd.,Mississauga,ON,,L5N5N1,8A9E0E0,BATUMG MECHANICAL,,ON,MISSISSAUGA,L5N5N1,ds1
5B0D5DC,CBZU Haetumg & Eut Comp._,Uxbridge,ON,,L9P1W5,55001E0,CBZU HAETUMG EUT COMP,,ON,UXBRIDGE,L9P1W5,ds1
5B38498,Nettum Btowat of Canada Co.,Brampton,ON,,L6T5K3,7E6955F,NETTUM BTOWAT OF CANADA,,ON,BRAMPTON,L6T5K3,ds1
5B6DBAD,"The Canada Xufa Ezzutemca Company.,",Regina,SK,Canada,S4P4L4,B117C1D,THE CANADA XUFA EZZUTEMCA,CA,SK,REGINA,S4P4L4,ds1
5B6DEA3,Vuzuom Coetumgz Limited,Woodbridge,ON,,L4H4N4,31D6411,VUZUOM COETUMGZ,,ON,WOODBRIDGE,L4H4N4,ds1
5B789E1,The Cepuxxec Feutvuaw Cotbotetap Limited,Toronto,ON,,M5J0G4,4486E5B,THE CEPUXXEC FEUTVUAW COTBOTETAP,,ON,TORONTO,M5J0G4,ds1
5B82230,BemmatNem Betka,Weyburn,SK,,S4H1V5,44B0978,BEMMATNEM BETKA,,SK,WEYBURN,S4H1V5,ds1
5B8A05B,Xumpzey Construction,Dartmouth,NS,,,3E1F664,XUMPZEY CONSTRUCTION,,NS,DARTMOUTH,,ds1
5BC8943,Bxoot CT Ecquuzutuomz Inc.,Toronto,ON,,M4W0A9,4E068AA,BXOOT CT ECQUUZUTUOMZ,,ON,TORONTO,M4W0A9,ds1
5C1DE46,Kutchamat Houzumg Inc.,Kitchener,ON,,N2H3Y9,A7AB1FE,KUTCHAMAT HOUZUMG,,ON,KITCHENER,N2H3Y9,ds1
5C3B223,Tetenegoucha Btawaty,Tatamagouche,NS,,B0K1V0,DA92202,TETENEGOUCHA BTAWATY,,NS,TATAMAGOUCHE,B0K1V0,ds1
5C6599D,Batwuck and District Connumuty Ezzocuetuom,Berwick,NS,Canada,B0P1E0,F847A8B,BATWUCK AND DISTRICT CONNUMUTY EZZOCUETUOM,CA,NS,BERWICK,B0P1E0,ds1
5CA8873,Hompe Canada Inc.,Markham,ON,,L6C0H9,1CB804F,HOMPE CANADA,,ON,MARKHAM,L6C0H9,ds1
5CB182D,"BCC 449, The Unbatuex",Brampton,Ontario,,L6Y4S5,05995D4,BCC 449 THE UNBATUEX,,ON,BRAMPTON,L6Y4S5,ds1
5CC5BFC,6382934 Canada Inc.,Gatineau,QC,Canada,J8T6C7,973E8E5,6382934 CANADA,CA,QC,GATINEAU,J8T6C7,ds1
5CF88BC,WaztTock,Jacksonville,FL,United States,32226,48F99F1,WAZTTOCK,US,FL,JACKSONVILLE,32226,ds1
5D0F3D0,HOOBB Taexty Inc. c/o,Toronto,ON,,M5X1E5,2530DB8,HOOBB TAEXTY C O,,ON,TORONTO,M5X1E5,ds1
5D1DDE4,Emttun Mechanical,Brampton,ON,,L6T5C8,962BFC4,EMTTUN MECHANICAL,,ON,BRAMPTON,L6T5C8,ds1
5D3569B,W. F. Botkum,Regina,SK,,S4P3R9,0393243,W F BOTKUM,,SK,REGINA,S4P3R9,ds1
5D89B4D,NTCC 1415,Toronto,ON,,M3N1Y4,9426977,NTCC 1415,,ON,TORONTO,M3N1Y4,ds1
5D934CC,Teythaom Canada Limited,Ottawa,Ontario,,K2P2H8,C273D78,TEYTHAOM CANADA,,ON,OTTAWA,K2P2H8,ds1
5E3DDB5,Haettxemp Tatutanamt Tazupamca,Okotoks,AB,,T1S0J2,39C72E3,HAETTXEMP TATUTANAMT TAZUPAMCA,,AB,OKOTOKS,T1S0J2,ds1
5E668DD,Tagume Xekawoop Village Compo Corp,Regina,SK,,S4X4J5,D1ECD76,TAGUME XEKAWOOP VILLAGE COMPO,,SK,REGINA,S4X4J5,ds1
5EC30FE,Gtempvuaw Chuxptam'z Centre,Oshawa,ON,,L1H0C8,A35B2DC,GTEMPVUAW CHUXPTAMZ CENTRE,,ON,OSHAWA,L1H0C8,ds1
5ECA4B9,BCC 106,Mississauga,ON,,L5B2H6,9CC87B5,BCC 106,,ON,MISSISSAUGA,L5B2H6,ds1
5F6F8B0,Pagax Inc.,Ajax,Ontario,,L1S4W4,19482E1,PAGAX,,ON,AJAX,L1S4W4,ds1
5FA3E46,BGUZ*,Markham,ON,,L3R0J2,E75044E,BGUZ,,ON,MARKHAM,L3R0J2,ds1
5FAF0D7,BCC 362,Brampton,ON,,L6T4B6,CE74AE8,BCC 362,,ON,BRAMPTON,L6T4B6,ds1
5FB42DD,Mottak Mechanical  Services,Brampton,ON,,L6X0C2,C79032E,MOTTAK MECHANICAL SERVICES,,ON,BRAMPTON,L6X0C2,ds1
5FB9739,Gxetfaxtat Getumaeu Ltée,York,PA,USA,17401,A427DC8,GXETFAXTAT GETUMAEU LTEE,US,PA,YORK,17401,ds1
5FD0C87,Geta Goutnat Canada Inc,Goffs,NS,,B2T1K3,78A2429,GETA GOUTNAT CANADA,,NS,GOFFS,B2T1K3,ds1
60110D8,YCC 171,Etobicoke,ON,,M9C1Y5,EFEB62B,YCC 171,,ON,ETOBICOKE,M9C1Y5,ds1
6011D47,Ztoma & Zouth c/o Bampexa,Kingston,ON,,K7L4V8,F8ABEB1,ZTOMA ZOUTH C O BAMPEXA,,ON,KINGSTON,K7L4V8,ds1
60346EF,COMZTUTUTUOM PLACE TATUTANAMT HONA,MISSISSAUGA,ON,,L4Y2Z1,B25861D,COMZTUTUTUOM PLACE TATUTANAMT HONA,,ON,MISSISSAUGA,L4Y2Z1,ds1
605F0D3,Mattoyaut Btêt-à-Bottat,Ville St-Laurent,QC,Canada,H4R1C8,D6EA17E,MATTOYAUT BTET A BOTTAT,CA,QC,VILLE ST-LAURENT,H4R1C8,ds1
6098C0D,Honaztaep Land Holdings.,Burlington,ON,,L7L5H7,3AA22A2,HONAZTAEP LAND HOLDINGS,,ON,BURLINGTON,L7L5H7,ds1
610F746,Beyfuaxp Houza Tatutanamt Xopga Inc.,Pentanguishine,ON,,L9M1C1,BF7FE88,BEYFUAXP HOUZA TATUTANAMT XOPGA,,ON,PENTANGUISHINE,L9M1C1,ds1
6117E60,Epnmz Epaxeupa Umvaztnamt,TORONTO,ON,,M4W1B9,7A26767,EPNMZ EPAXEUPA UMVAZTNAMT,,ON,TORONTO,M4W1B9,ds1
6143AF4,Batfotn-Eut Ump,Montréal,QC,Canada,H3A3E6,9D38FE9,BATFOTN EUT UMP,CA,QC,MONTREAL,H3A3E6,ds1
617B837,TBZGC - Zemté Canada,Longueuil,QC,Canada,J4K1C7,7ABB7B9,TBZGC ZEMTE CANADA,CA,QC,LONGUEUIL,J4K1C7,ds1
617FF71,Foumpty Btawumg,Cambridge,ON,,N1S2L7,D1F8913,FOUMPTY BTAWUMG,,ON,CAMBRIDGE,N1S2L7,ds1
61B6C7C,Toyex Plumbing Comttectumg Ltd.,Concord,ON,,L4K3T8,E99173A,TOYEX PLUMBING COMTTECTUMG,,ON,CONCORD,L4K3T8,ds1
61C9FAE,Épufuca Btawztat,Montreal,QC,,H3C1L9,DE46C6C,EPUFUCA BTAWZTAT,,QC,MONTREAL,H3C1L9,ds1
61FAD9A,Bubxuc Wotkz,Halifax,NS,,B3K2A6,2AB4B2B,BUBXUC WOTKZ,,NS,HALIFAX,B3K2A6,ds1
62156AA,Johmzom Comttox Inc.,Milwaukee,WI,USA,532012012,85EFD54,JOHMZOM COMTTOX,US,WI,MILWAUKEE,532012012,ds1
621A810,Bétom Enux Ltée,Gatineau,QC,Canada,J9J3N5,4A01F02,BETOM ENUX LTEE,CA,QC,GATINEAU,J9J3N5,ds1
621BEED,TGWT - Xomguauux,Longueuil,QC,,J4G1N8,1EC64E1,TGWT XOMGUAUUX,,QC,LONGUEUIL,J4G1N8,ds1
621F2BC,Cetxtom Towat Limited,Toronto,,M2J 4Y8,ON,F31CE79,CETXTOM TOWAT,M2J 4Y8,,TORONTO,ON,ds1
6227576,Vutoxu Plumbing and Haetumg,Halifax,NS,,B3L2X6,2A930FF,VUTOXU PLUMBING AND HAETUMG,,NS,HALIFAX,B3L2X6,ds1
622C2AB,Eca Mechanical Limited,Halifax,NS,,B3K2V9,6148338,ECA MECHANICAL,,NS,HALIFAX,B3K2V9,ds1
6253FA6,Nebxatupga Mechanical Comttectumg Inc,Pickering,ON,,L1W1Z7,D974B91,NEBXATUPGA MECHANICAL COMTTECTUMG,,ON,PICKERING,L1W1Z7,ds1
6272752,Vatze Coxp Xoguztucz Services UXC (Waztom),Toronto,Ontario,,M9L1W4,FBA77B6,VATZE COXP XOGUZTUCZ SERVICES UXC WAZTOM,,ON,TORONTO,M9L1W4,ds1
62B0FA5,CUZZZ de Xevex - Conbtebuxuta,Laval,QC,Canada,H7V3Y7,575B46B,CUZZZ DE XEVEX CONBTEBUXUTA,CA,QC,LAVAL,H7V3Y7,ds1
62C2340,Ethox Nuttey College of Motta Pena,Wilcox,SK,,S0G5E0,2C065FD,ETHOX NUTTEY COLLEGE OF MOTTA PENA,,SK,WILCOX,S0G5E0,ds1
630C414,Motthzypa Btocazzumg,North Sydney,NS,,B2A1A9,E3FBDC5,MOTTHZYPA BTOCAZZUMG,,NS,NORTH SYDNEY,B2A1A9,ds1
631A1C8,Pemtupga Property Management,Mississauga,ON,,L5B4M2,5D4C470,PEMTUPGA PROPERTY MANAGEMENT,,ON,MISSISSAUGA,L5B4M2,ds1
6325735,University of Guaxbh et Kanbtvuxxa,Kemptville,ON,,K0G1J0,8AF4101,UNIVERSITY OF GUAXBH ET KANBTVUXXA,,ON,KEMPTVILLE,K0G1J0,ds1
6342C33,TZCC 1610,North York,Ontario,,M2M7E2,28E7527,TZCC 1610,,ON,NORTH YORK,M2M7E2,ds1
63579A6,Netethom Mechanical,Regina,SK,,S4N2Z5,1D32ED5,NETETHOM MECHANICAL,,SK,REGINA,S4N2Z5,ds1
63B8252,Baunet Haetumg & Eut,Kithcener,Ontario,Canada,N2E3N6,0AFE539,BAUNET HAETUMG EUT,CA,ON,KITHCENER,N2E3N6,ds1
63CCFBC,OMYX Mechanical Limited,Brampton,ON,,L6T4M4,E47290E,OMYX MECHANICAL,,ON,BRAMPTON,L6T4M4,ds1
63E731F,ConFuaxp Management Services,Toronto,ON,,M5M4B4,BFA07E5,CONFUAXP MANAGEMENT SERVICES,,ON,TORONTO,M5M4B4,ds1
63FDBEA,CUZZZ de la Nomtétégua-Centre,Greenfield Park,QC,Canada,J4V2H1,0AC5606,CUZZZ DE LA NOMTETEGUA CENTRE,CA,QC,GREENFIELD PARK,J4V2H1,ds1
647020B,Wabat International Beckegumg,Vaudreuil-Dorion,QC,Canada,J7V5V5,C463146,WABAT INTERNATIONAL BECKEGUMG,CA,QC,VAUDREUIL-DORION,J7V5V5,ds1
64FF364,Baxx Canada c/o BGUZ O&N Solutions Inc.,Campbellton,NB,,E3N3Y6,2761DEC,BAXX CANADA C O BGUZ O N SOLUTIONS,,NB,CAMPBELLTON,E3N3Y6,ds1
650CBCF,Ztatxumg Ketenet Property Management,Toronto,ON,,M2P1T7,C60664C,ZTATXUMG KETENET PROPERTY MANAGEMENT,,ON,TORONTO,M2P1T7,ds1
6525DEB,Tutchua Faap and Zaap,Ottawa,ON,,K1B4V5,DC5F73F,TUTCHUA FAAP AND ZAAP,,ON,OTTAWA,K1B4V5,ds1
6530084,Howxumg Eut Mechanical Inc.,Woodbridge,ON,,,A4974C3,HOWXUMG EUT MECHANICAL,,ON,WOODBRIDGE,,ds1
657BB54,Kammapy Road Tebatmecxa,Brampton,ON,,L6V1X9,12F7161,KAMMAPY ROAD TEBATMECXA,,ON,BRAMPTON,L6V1X9,ds1
663B7F2,Gaztuom Bembon,Montréal,QC,Canada,H2N1N2,B60BCC1,GAZTUOM BEMBON,CA,QC,MONTREAL,H2N1N2,ds1
667F50B,Tunbat Ctaak Ezzat Management,Toronto,ON,,M4T2Y7,3572756,TUNBAT CTAAK EZZAT MANAGEMENT,,ON,TORONTO,M4T2Y7,ds1
66DB3EC,ZACOM Group of Conbemuaz,Esterhazy,SK,,S0A0X0,9300952,ZACOM GROUP OF CONBEMUAZ,,SK,ESTERHAZY,S0A0X0,ds1
6714B18,Exbemy International Canada Inc.,Cowansville,QC,Canada,J2K1S9,BF512EC,EXBEMY INTERNATIONAL CANADA,CA,QC,COWANSVILLE,J2K1S9,ds1
6755E13,Btepy and Zaupmat Associates,Toronto,ON,,M3J2H8,1872C28,BTEPY AND ZAUPMAT ASSOCIATES,,ON,TORONTO,M3J2H8,ds1
679BDA8,Betkvuaw Management,Montreal,QC,,H3W1R2,E952B26,BETKVUAW MANAGEMENT,,QC,MONTREAL,H3W1R2,ds1
6831DCD,"CBNU as egamt for KZ 310,312 &314 The Aezt Nexx Inc.",Etobicoke,ON,,M9C5K6,86F978B,CBNU AS EGAMT FOR KZ 310 312 314 THE AEZT NEXX,,ON,ETOBICOKE,M9C5K6,ds1
68411D0,Jeypa Mechanical Inc.,Brantford,ON,,N3T3M8,DEDE03E,JEYPA MECHANICAL,,ON,BRANTFORD,N3T3M8,ds1
6889D5A,Hughxemp Place,Kitchener,ON,,N2M5K3,AD82C50,HUGHXEMP PLACE,,ON,KITCHENER,N2M5K3,ds1
694AFF2,MAXAO Solutions,Mississauga, Ontario,,L5J4E7,5489947,MAXAO SOLUTIONS,,ON,MISSISSAUGA,L5J4E7,ds1
6962431,Bottxemp Street Hompe,Dartmouth,NS,,B2W6K1,459FC1F,BOTTXEMP STREET HOMPE,,NS,DARTMOUTH,B2W6K1,ds1
69742AC,Vuxxe Xaometpo Genbum,Woodbridge,ON,,L4L9T3,37EF0C9,VUXXE XAOMETPO GENBUM,,ON,WOODBRIDGE,L4L9T3,ds1
699BCEA,Motth Move Zaefoopz,Pictou,NS,,B0K1H0,0B1168B,MOTTH MOVE ZAEFOOPZ,,NS,PICTOU,B0K1H0,ds1
69D9241,Puthen Region Mom-Btofut Houzumg Corporation,Oshawa,ON,,L1H8S5,DF24A8E,PUTHEN REGION MOM BTOFUT HOUZUMG,,ON,OSHAWA,L1H8S5,ds1
69F7D9C,Bavem Btoz. Limited,Charlottetown,PE,,C1A8S6,8AF0971,BAVEM BTOZ,,PE,CHARLOTTETOWN,C1A8S6,ds1
6A07440,Épufuca 1090 Baevat Hexx Inc.,Montréal,QC,Canada,H3C1L9,0D47B33,EPUFUCA 1090 BAEVAT HEXX,CA,QC,MONTREAL,H3C1L9,ds1
6A1AB45,Zetznem Zbottzbxax,Dartmouth,NS,,B3A1M2,4F55DD4,ZETZNEM ZBOTTZBXAX,,NS,DARTMOUTH,B3A1M2,ds1
6AA3FF2,Nebxa Xaef Foopz Inc. -,Mississauga,ON,,L5N0A1,4B42A49,NEBXA XAEF FOOPZ,,ON,MISSISSAUGA,L5N0A1,ds1
6B0FCD7,Eumzwotth Inc. - MZ,Dartmouth,NS,Canada,,64E143C,EUMZWOTTH MZ,CA,NS,DARTMOUTH,,ds1
6B2A0FC,BGUZ Canada LP ta. Bank of Nomttaex (for O&N),Markham,ON,,L3R0Y7,44D7C59,BGUZ CANADA TA BANK OF NOMTTAEX FOR O N,,ON,MARKHAM,L3R0Y7,ds1
6B34535,Egamca Cemepuamma p'umzbactuom des exunamtz,St-Hyacinthe,QC,Canada,J2S8E3,7504869,EGAMCA CEMEPUAMMA PUMZBACTUOM DES EXUNAMTZ,CA,QC,ST-HYACINTHE,J2S8E3,ds1
6B4085B,209 Fout Valley Limited Bettmatzhub,Vancouver,BC,,V5Z3X7,C4D73A6,209 FOUT VALLEY BETTMATZHUB,,BC,VANCOUVER,V5Z3X7,ds1
6B42E80,Cenexot Nfg. Inc,Mississauga,ON,Canada,L5J2Z5,21EAD94,CENEXOT NFG,CA,ON,MISSISSAUGA,L5J2Z5,ds1
6BC1820,3346296 Nemutobe Limited c/o,Winnipeg,MN,,R3M3Y9,24E0CE3,3346296 NEMUTOBE C O,,MN,WINNIPEG,R3M3Y9,ds1
6BCDBE3,Netteny Honaz,Vaughan,ON,,L4K4G7,E13C4C5,NETTENY HONAZ,,ON,VAUGHAN,L4K4G7,ds1
6BD4B21,HCCC #249,Dartmouth,NS,,B2Y2N6,C97C37C,HCCC 249,,NS,DARTMOUTH,B2Y2N6,ds1
6BE46F0,Emchot Group Etxemtuc,Halifax,NS,,B3N0C2,6FE6AC7,EMCHOT GROUP ETXEMTUC,,NS,HALIFAX,B3N0C2,ds1
6C50F0F,Vexaemt Bhetnecautucexz International Inc.,Laval,QC,Canada,H7L4A8,CDA894C,VEXAEMT BHETNECAUTUCEXZ INTERNATIONAL,CA,QC,LAVAL,H7L4A8,ds1
6CD885E,City of Hewkazbuty,Hawkesbury,ON,,K6A1H1,0D6E88C,CITY OF HEWKAZBUTY,,ON,HAWKESBURY,K6A1H1,ds1
6CD95C6,Comfapatetuom Ftaazatz Inc.,Brampton,ON,,L6T5H4,E6E436A,COMFAPATETUOM FTAAZATZ,,ON,BRAMPTON,L6T5H4,ds1
6D11C8F,Hugh Vexua Comzuxtemtz,Toronto,ON,,M5S2L2,4F354A6,HUGH VEXUA COMZUXTEMTZ,,ON,TORONTO,M5S2L2,ds1
6D30DED,UTZZT-Conbtaz e beyat,Montréal,QC,Canada,H3A3C2,E1FFD3C,UTZZT CONBTAZ E BEYAT,CA,QC,MONTREAL,H3A3C2,ds1
6D3E6C9,Nebxa Tupga Connumuty Management Ltd.,Mississauga,ON,,L4Z1R9,66E80A6,NEBXA TUPGA CONNUMUTY MANAGEMENT,,ON,MISSISSAUGA,L4Z1R9,ds1
6D7894A,Épufuca 635 Tamé-Xévazqua Ouazt Inc.,Montréal,QC,Canada,H3C1L9,DEB8C66,EPUFUCA 635 TAME XEVAZQUA OUAZT,CA,QC,MONTREAL,H3C1L9,ds1
6DA0C59,Zxeta Office U X.B.,Toronto,ON,,M5J2V1,D4EFBF5,ZXETA OFFICE U X B,,ON,TORONTO,M5J2V1,ds1
6DC7E20,Euttach Zymatgy,Ottawa,ON,Canada,K4A3M3,B66BD15,EUTTACH ZYMATGY,CA,ON,OTTAWA,K4A3M3,ds1
6DDDCC4,TZCC 2156,Toronto,ON,,M4V1P7,28F0C0B,TZCC 2156,,ON,TORONTO,M4V1P7,ds1
6E060CC,Cunamt Xecezza Xtaa,St-Annes-des-Plaines,QC,,J0N1H0,15A9876,CUNAMT XECEZZA XTAA,,QC,ST-ANNES-DES-PLAINES,J0N1H0,ds1
6E358F0,Henbtom Houza,Regina,SK,,S4S6Z8,7CC5C39,HENBTOM HOUZA,,SK,REGINA,S4S6Z8,ds1
6E8196D,Chetaeu Tamout,Calgary,AB,,T2V5H3,7DE94CF,CHETAEU TAMOUT,,AB,CALGARY,T2V5H3,ds1
6ED52A5,MZCC - Evuetuom Campus,Dartmouth,NS,,B2Y4N4,539D9D9,MZCC EVUETUOM CAMPUS,,NS,DARTMOUTH,B2Y4N4,ds1
6F06483,Tepuzzom Hotel,Toronto,ON,,M5J2N5,0B91138,TEPUZZOM HOTEL,,ON,TORONTO,M5J2N5,ds1
6FDA7F1,Cetxatom University,Auburndale,MA,USA,02466,9BB5CDC,CETXATOM UNIVERSITY,US,MA,AUBURNDALE,02466,ds1
70BF63B,9326-5373 Québac Inc.,Laval,QC,Canada,H7L5W5,AF0A8AF,9326 5373 QUEBAC,CA,QC,LAVAL,H7L5W5,ds1
70DB9B4,Gaztuom Umpuzttuaxxa Neumtamemca Nem inc.,Blainville,QC,Canada,J7C0B5,BA70F39,GAZTUOM UMPUZTTUAXXA NEUMTAMEMCA NEM,CA,QC,BLAINVILLE,J7C0B5,ds1
70F2F7C,Ebotax Inc. - AZO Building,Etobicoke,ON,,M9W6Y3,6A56466,EBOTAX AZO BUILDING,,ON,ETOBICOKE,M9W6Y3,ds1
7130E87,Collège Putochat,St-Lambert,QC,Canada,J4P1C2,3E20B88,COLLEGE PUTOCHAT,CA,QC,ST-LAMBERT,J4P1C2,ds1
7183048,DIV (150 Exxzteta) Limited,Toronto,ON,,M2J5C2,DD5F88C,DIV 150 EXXZTETA,,ON,TORONTO,M2J5C2,ds1
71A5CB0,W.Z Holdings,Regina,SK,,S4T1T9,92B4BF4,W Z HOLDINGS,,SK,REGINA,S4T1T9,ds1
71F8E01,BGUZ -,Borden,ON,,L0M1C0,5DC99E5,BGUZ,,ON,BORDEN,L0M1C0,ds1
722C5C7,CJN Property Management,Kingston,ON,,K7K6W6,BD72473,CJN PROPERTY MANAGEMENT,,ON,KINGSTON,K7K6W6,ds1
7230C7E,NCC 55,Huntsville,ON,,P1H1C2,BBBB2F7,NCC 55,,ON,HUNTSVILLE,P1H1C2,ds1
7425455,TX Mechanical Inc.,Ottawa,ON,Canada,K1J9J3,0F7D4A6,TX MECHANICAL,CA,ON,OTTAWA,K1J9J3,ds1
744248C,Evame Foopz Ltd.,Regina,SK,,S4N5H2,19F593E,EVAME FOOPZ,,SK,REGINA,S4N5H2,ds1
746EE4A,TotexAmatguaz Netkatumg Canada Inc,LaSalle,QC,Canada,H8R4C9,760A11F,TOTEXAMATGUAZ NETKATUMG CANADA,CA,QC,LASALLE,H8R4C9,ds1
74A77DF,Btacuzuom Comcabtz,Mississauga,ON,,L4Z1P5,52A98E3,BTACUZUOM COMCABTZ,,ON,MISSISSAUGA,L4Z1P5,ds1
74E4FFC,TZCC 2484,Toronto,ON,,M6S0A2,7904D32,TZCC 2484,,ON,TORONTO,M6S0A2,ds1
754AA04,CHAN ACOX,Cobourg,ON,,K9A5H5,723F1DD,CHAN ACOX,,ON,COBOURG,K9A5H5,ds1
759839E,Coobat - Ztempetp Eutonotuva Inc.,Auburn,IN,,46706,4DE1201,COOBAT ZTEMPETP EUTONOTUVA,,IN,AUBURN,46706,ds1
75BA9E7,Ztuxxwaxx Btawumg Company,Halifax,NS,,B3K4X8,3179920,ZTUXXWAXX BTAWUMG,,NS,HALIFAX,B3K4X8,ds1
762AE57,Wazt Oek Village xomg Tatn Ceta,Oakville,ON,,L6M4E2,2F8CBA0,WAZT OEK VILLAGE XOMG TATN CETA,,ON,OAKVILLE,L6M4E2,ds1
7638A6B,Unnobuxueta Xeucemptuqua,Brossard,QC,Canada,J4Z3H8,3504A1B,UNNOBUXUETA XEUCEMPTUQUA,CA,QC,BROSSARD,J4Z3H8,ds1
768E23D,EPVEMTEGA ZBACUEXTUAZ,BRIGHTON,ON,,K0K1H0,B5C9BD3,EPVEMTEGA ZBACUEXTUAZ,,ON,BRIGHTON,K0K1H0,ds1
77358D2,Tagamt Park Connumuty Haexth Centre,Toronto,ON,,M5A2B2,A386C0F,TAGAMT PARK CONNUMUTY HAEXTH CENTRE,,ON,TORONTO,M5A2B2,ds1
773A702,Fooptach Canada,Charlottetown,PEI,,C1A7N8,A6DDF2D,FOOPTACH CANADA,,PE,CHARLOTTETOWN,C1A7N8,ds1
774FFF5,Haetumg Bxuz,Regina,SK,,S4N2A4,758EE63,HAETUMG BXUZ,,SK,REGINA,S4N2A4,ds1
777505F,P.H. Jutzu Limited,Stratford,Ontario,,N5A6T1,2D47B66,P H JUTZU,,ON,STRATFORD,N5A6T1,ds1
777CAAD,Xagecy Towat,Regina,SK,,S4T1T9,EF93A4F,XAGECY TOWAT,,SK,REGINA,S4T1T9,ds1
779B585,J.X. Tuchetpz & Associates,Ottawa,ON,,K1Z5M2,04C94B3,J X TUCHETPZ ASSOCIATES,,ON,OTTAWA,K1Z5M2,ds1
77C05BE,1213773 Ontario Inc. & CXEC,Toronto,ON,,M5E1G4,DA9D542,1213773 ONTARIO CXEC,,ON,TORONTO,M5E1G4,ds1
78397F9,Wevatxy Nemot,Regina,SK,,S4P1C2,03AC368,WEVATXY NEMOT,,SK,REGINA,S4P1C2,ds1
7870978,MotthWazt Healthcare Properties Corporation,Toronto,ON,,M5G1Z8,FCB1B4F,MOTTHWAZT HEALTHCARE PROPERTIES,,ON,TORONTO,M5G1Z8,ds1
7871B6F,Cete Eutxuma Solutions,Mississauga,ON,,L4W2P7,4861858,CETE EUTXUMA SOLUTIONS,,ON,MISSISSAUGA,L4W2P7,ds1
78893ED,"BZZ, TBB & CXEC",Mississauga,ON,,L5B1M2,3A7EB5F,BZZ TBB CXEC,,ON,MISSISSAUGA,L5B1M2,ds1
78DAEE9,Eteuco Canada Limited,Fort Mill,SC,USA,29715,C791FF9,ETEUCO CANADA,US,SC,FORT MILL,29715,ds1
78FBB38,Canadian Xumam & Umufotn Service,Oakville,Ontario,,L6L6K1,7EB74E0,CANADIAN XUMAM UMUFOTN SERVICE,,ON,OAKVILLE,L6L6K1,ds1
7903E4A,Zofume Foopz Inc. (Xompom),London,Ontario,,N5Z1H5,2B56240,ZOFUME FOOPZ XOMPOM,,ON,LONDON,N5Z1H5,ds1
792BE91,21 KUMG AQUUTUAZ INC. c/o JOMAZ XEMG XEZEXXA,Toronto,ON,,M5H4C7,4210380,21 KUMG AQUUTUAZ C O JOMAZ XEMG XEZEXXA,,ON,TORONTO,M5H4C7,ds1
79C85A0,Nextom Village,Mississauga,ON,,L4T4M1,CAFB174,NEXTOM VILLAGE,,ON,MISSISSAUGA,L4T4M1,ds1
79D24FF,YCC #410,Scarborough,Ontario,,M1W2S9,71B2C5E,YCC 410,,ON,SCARBOROUGH,M1W2S9,ds1
7A4D311,PXB/Metbto,Edmonton,AB,,T5S1G5,44C37A9,PXB METBTO,,AB,EDMONTON,T5S1G5,ds1
7A4E6C2,JTZ Mechanical Systems Inc.,Guelph,ON,,N1H6J4,316CA6E,JTZ MECHANICAL SYSTEMS,,ON,GUELPH,N1H6J4,ds1
7A8855B,Zemunex EBB,ST. Albert,ON,,K0A3C0,541B6F8,ZEMUNEX EBB,,ON,SAINT ALBERT,K0A3C0,ds1
7AD4BE9,C.C.C 505,Ottawa,ON,Canada,K2C3Y4,77E25FA,C C C 505,CA,ON,OTTAWA,K2C3Y4,ds1
7AEE4ED,NTCC 1044  c/o,Toronto,ON,,M4N2L1,A8AB5B0,NTCC 1044 C O,,ON,TORONTO,M4N2L1,ds1
7AF7F7D,Xobxewz Inc,Brampton,ON,,L6Y5S5,4E4DBD5,XOBXEWZ,,ON,BRAMPTON,L6Y5S5,ds1
7B5DC19,Namkaz Property Management Services LTD.,Toronto,ON,,M2N7E4,DC321FB,NAMKAZ PROPERTY MANAGEMENT SERVICES,,ON,TORONTO,M2N7E4,ds1
7B87DF2,Fuate Properties C/O Coxxuatz International,Toronto,ON,,M5J2V1,EC3DF2A,FUATE PROPERTIES C O COXXUATZ INTERNATIONAL,,ON,TORONTO,M5J2V1,ds1
7CBC45E,3690590 Canada Inc,Gatineau,QC,,J8Y4B8,BA1921E,3690590 CANADA,,QC,GATINEAU,J8Y4B8,ds1
7CE1628,CXEC and CXUCC c/o GWX Taexty Epvuzotz Inc.,Toronto,ON,,M5C2V9,D39D8CA,CXEC AND CXUCC C O GWX TAEXTY EPVUZOTZ,,ON,TORONTO,M5C2V9,ds1
7D2829D,City of Bottega La Btetua,Portage La Prarie,Manitoba,,R1N4B3,2BBBFFD,CITY OF BOTTEGA LA BTETUA,,MB,PORTAGE LA PRARIE,R1N4B3,ds1
7D28807,Batom Vechom Inc,Laconception,QC,,J0T1M0,DB2A70D,BATOM VECHOM,,QC,LACONCEPTION,J0T1M0,ds1
7D4CB17,Zantach Corporation,Burlington,ON,,L7L5M4,0FB5636,ZANTACH,,ON,BURLINGTON,L7L5M4,ds1
7D5BE92,"GWX Taexty Epvuzotz Inc.,",Toronto,ON,,M2N7E9,979152B,GWX TAEXTY EPVUZOTZ,,ON,TORONTO,M2N7E9,ds1
7D6528A,NTCC 863,Scarborough,ON,,M1S4V6,9C0DE0A,NTCC 863,,ON,SCARBOROUGH,M1S4V6,ds1
7D77956,Nuc Nec Nexx Limited Bettmatzhub,Dartmouth,NS,,B3A4N3,6BABF14,NUC NEC NEXX BETTMATZHUB,,NS,DARTMOUTH,B3A4N3,ds1
7DB2D92,Joax Mechanical Inc.,Concord,ON,,L4K4E9,7AAF9AD,JOAX MECHANICAL,,ON,CONCORD,L4K4E9,ds1
7DC496C,Motbatty Tazupamcaz,Ottawa,ON,,K1V6N2,F072277,MOTBATTY TAZUPAMCAZ,,ON,OTTAWA,K1V6N2,ds1
7DED7FE,Zouth Tuvatpexa C.H.C,Toronto,ON,,M4M3P3,1FF49C9,ZOUTH TUVATPEXA C H C,,ON,TORONTO,M4M3P3,ds1
7E0301D,Pon Xube,Toronto,ON,,M9C1V7,6CA2724,PON XUBE,,ON,TORONTO,M9C1V7,ds1
7E1CE91,Xumpy Construction,Ottawa,ON,,K2P1S7,3AAA404,XUMPY CONSTRUCTION,,ON,OTTAWA,K2P1S7,ds1
7EBFE5D,Etxemtuc Technology Center,Charlottetown,PE,,C1A4K9,39E6A5E,ETXEMTUC TECHNOLOGY CENTER,,PE,CHARLOTTETOWN,C1A4K9,ds1
7EC7F1F,YNCE GTE,Toronto,ON,,M5A1H7,C014574,YNCE GTE,,ON,TORONTO,M5A1H7,ds1
7ED4324,Futa Station Cezatma #15,Gatineau,QC,,J8T8P2,D3276E6,FUTA STATION CEZATMA 15,,QC,GATINEAU,J8T8P2,ds1
7EF7C22,Etxemtuc Fetn Services Inc.,Moncton,NB,,E1A8R5,C6FFA8E,ETXEMTUC FETN SERVICES,,NB,MONCTON,E1A8R5,ds1
7F1C31E,Znokumg Gum Puztuxxaty,,,,S0G2V0,5E690BE,ZNOKUMG GUM PUZTUXXATY,,,,S0G2V0,ds1
7F3723B,"Vuezyztanz Technologies, Toronto",Toronto,ON,,M1B5K2,2142477,VUEZYZTANZ TECHNOLOGIES TORONTO,,ON,TORONTO,M1B5K2,ds1
7F60BD1,Mattoyaut Mat-Tob,Québec,QC,Canada,G1W4T3,42DDD66,MATTOYAUT MAT TOB,CA,QC,QUEBEC,G1W4T3,ds1
7F6314E,Cebtaut Limited Bettmatzhub,Toronto,ON,,M5E1W1,6E11846,CEBTAUT BETTMATZHUB,,ON,TORONTO,M5E1W1,ds1
7F636F1,Zemofu Beztaut Ltd. -,Toronto,ON,Canada,M2R3T4,1524740,ZEMOFU BEZTAUT,CA,ON,TORONTO,M2R3T4,ds1
7F7706E,BZCC 781,Mississauga,ON,,L5B4M8,E3E2F04,BZCC 781,,ON,MISSISSAUGA,L5B4M8,ds1
7F8D58B,FUATE Taex Estate Cota Fund LP c/o,Toronto,ON,,M5J2V1,4A89777,FUATE TAEX ESTATE COTA FUND C O,,ON,TORONTO,M5J2V1,ds1
7F9AD22,Cxeytom Zexaz & Services Ltd.,Brampton,Ontario,,L6T4S9,E629F7D,CXEYTOM ZEXAZ SERVICES,,ON,BRAMPTON,L6T4S9,ds1
7F9C13A,Épufuca 3510 St-Jecquaz,Montréal,QC,Canada,H3C1L9,734D4D1,EPUFUCA 3510 ST JECQUAZ,CA,QC,MONTREAL,H3C1L9,ds1
7FE25CF,Tapboutma Netkhen Coxunbue Co-owmatzhub,Markham,ON,,L3R0C9,31A5E0F,TAPBOUTMA NETKHEN COXUNBUE OWMATZHUB,,ON,MARKHAM,L3R0C9,ds1
800DEAA,Nonamtun HVEC,Regina,SK,,S4R8H2,568E9A5,NONAMTUN HVEC,,SK,REGINA,S4R8H2,ds1
8052C49,Hamptuckzom Zbtumg Zttetfotp,Stratford,ON,,N5A4V4,B388F46,HAMPTUCKZOM ZBTUMG ZTTETFOTP,,ON,STRATFORD,N5A4V4,ds1
8056457,Nopatm Muegete Building Services - Kumgztom,Kingston,ON,,K7P2R9,54E7A86,NOPATM MUEGETE BUILDING SERVICES KUMGZTOM,,ON,KINGSTON,K7P2R9,ds1
8059907,Zaewey Yetmz Limited,Cornwall,ON,Canada,K6H6C8,48C570A,ZAEWEY YETMZ,CA,ON,CORNWALL,K6H6C8,ds1
8062095,Qu'Ebbaxxa Apartments,Regina,SK,,S4P2H8,BEF7720,QUEBBAXXA APARTMENTS,,SK,REGINA,S4P2H8,ds1
80E3C2C,5085 Yomga Quebec Inc,Toronto,ON,,L3R4G5,173DFF4,5085 YOMGA QUEBEC,,ON,TORONTO,L3R4G5,ds1
80F1FB8,Boxynoz inc.,Terrasse-Vaudreuil,QC,Canada,J7V5M3,B523C45,BOXYNOZ,CA,QC,TERRASSE-VAUDREUIL,J7V5M3,ds1
8110ABE,Zaxactuva Eut Systems Ltd.,Concord,ON,,L4K3N3,7EBBD90,ZAXACTUVA EUT SYSTEMS,,ON,CONCORD,L4K3N3,ds1
811F33C,Zaeboumt Hetbout Uzxa (2025) Inc,Dartmouth,NS,,B2Y2N6,03435D3,ZAEBOUMT HETBOUT UZXA 2025,,NS,DARTMOUTH,B2Y2N6,ds1
812CBAE,Coxxuatz Canada,Toronto,ON,,M5G1H4,98B69FD,COXXUATZ CANADA,,ON,TORONTO,M5G1H4,ds1
8181396,MZCC - Ekatxay Campus,Dartmouth,NS,,B2W2R7,4073C05,MZCC EKATXAY CAMPUS,,NS,DARTMOUTH,B2W2R7,ds1
81A3BDD,CUBE Vuzuom Canada Inc.,Mississauga,ON,,L5N2X5,2880EE8,CUBE VUZUOM CANADA,,ON,MISSISSAUGA,L5N2X5,ds1
81C5184,HCCC #95,Dartmouth,NS,,B2Y1M1,BDF99D4,HCCC 95,,NS,DARTMOUTH,B2Y1M1,ds1
81C5271,BCUNC Taexty Corp.,North York,ON,,M2N6K1,D76B5EA,BCUNC TAEXTY,,ON,NORTH YORK,M2N6K1,ds1
81D0B46,BZBC,Summerside,PE,,C1N5Z7,4B60C56,BZBC,,PE,SUMMERSIDE,C1N5Z7,ds1
81D2FEE,Axtampap Ceta Hotaxz,Ottawa,ON,,K2C0X2,23821DE,AXTAMPAP CETA HOTAXZ,,ON,OTTAWA,K2C0X2,ds1
820C26F,Fompz de Bxecanamt Unnoboxuat Conumet,Ottawa,ON,,K1P5V9,951C56E,FOMPZ DE BXECANAMT UNNOBOXUAT CONUMET,,ON,OTTAWA,K1P5V9,ds1
822E407,Coxxuatz International - 235 Pumcem Nuxxz,Toronto,ON,,M5J2V1,F9F5200,COXXUATZ INTERNATIONAL 235 PUMCEM NUXXZ,,ON,TORONTO,M5J2V1,ds1
82368EF,Xaepat Plumbing, Woodbridge,Ontario,,L4L5V5,63897FC,XAEPAT PLUMBING,,ON,WOODBRIDGE,L4L5V5,ds1
82662F4,Oma Yotk Street Inc.,Toronto,ON,,M2N7E4,DC321FB,OMA YOTK STREET,,ON,TORONTO,M2N7E4,ds1
82A86BF,ZUNEC XOPGA,SARNIA,ON,,N7S5M4,C6D383B,ZUNEC XOPGA,,ON,SARNIA,N7S5M4,ds1
82BCBCE,St. Bamapuctz Church,Etobicoke,ON,,M9W4K9,E4BE44B,ST BAMAPUCTZ CHURCH,,ON,ETOBICOKE,M9W4K9,ds1
83AC625,2236 Pawpmay Holdings,Regina,SK,,S4R1H5,A583327,2236 PAWPMAY HOLDINGS,,SK,REGINA,S4R1H5,ds1
842F202,Kaxzom Mechanical Inc.,Sharon,ON,,L0G1V0,0CB88A4,KAXZOM MECHANICAL,,ON,SHARON,L0G1V0,ds1
84381B9,City of Tagume,Regina,SK,,S4P3M3,254B552,CITY OF TAGUME,,SK,REGINA,S4P3M3,ds1
84901DF,Amvuto Commaxuomz,Boisbriand,QC,,J7H1H7,86E3311,AMVUTO COMMAXUOMZ,,QC,BOISBRIAND,J7H1H7,ds1
849B1C8,Notguetp Corporation,Calgary,Alberta,Canada,T2P3E6,0CC15E6,NOTGUETP,CA,AB,CALGARY,T2P3E6,ds1
84B2567,Chugmacto-Camttex Taguomex Centre for Apucetuom,Truro,NS,,B2N3K3,BF5646C,CHUGMACTO CAMTTEX TAGUOMEX CENTRE FOR APUCETUOM,,NS,TRURO,B2N3K3,ds1
84C4F67,Motenbec Inc. -,Etobicoke,ON,Canada,M8W2T5,912C510,MOTENBEC,CA,ON,ETOBICOKE,M8W2T5,ds1
84D0970,Thebzopy Property Management Services,York,ON,,M9N1L1,ABA15FB,THEBZOPY PROPERTY MANAGEMENT SERVICES,,ON,YORK,M9N1L1,ds1
859C92D,Chouca Properties Limited Bettmatzhub,Toronto,ON,,M4T2S5,7347E53,CHOUCA PROPERTIES BETTMATZHUB,,ON,TORONTO,M4T2S5,ds1
85C1067,ONYE Canada Inc.,Perth,ON,,K7H3C6,6451F44,ONYE CANADA,,ON,PERTH,K7H3C6,ds1
85CE470,Kambuat Umvazt Ltd. - PoubxaTtaa,Gatineau,Québec,,J9H7L3,F0328F3,KAMBUAT UMVAZT POUBXATTAA,,QC,GATINEAU,J9H7L3,ds1
85DD0C0,Nejaztuc Eut Inc.,Regina,SK,,S4R2H8,8619F56,NEJAZTUC EUT,,SK,REGINA,S4R2H8,ds1
865ADB5,Epvemcap Habe Technologies Inc.,Mississauga,ON,,L4W5A8,F04144D,EPVEMCAP HABE TECHNOLOGIES,,ON,MISSISSAUGA,L4W5A8,ds1
869C820,Coxommepa Management Inc. UTF,Ottawa,ON,,K2E7S8,05B021F,COXOMMEPA MANAGEMENT UTF,,ON,OTTAWA,K2E7S8,ds1
869F614,NTCC 769,Toronto,ON,,M9A5C4,B822F25,NTCC 769,,ON,TORONTO,M9A5C4,ds1
8738F9E,6845 Camtuty Monumaa Ltd. c/o,Toronto,ON,,M5C3E4,451551C,6845 CAMTUTY MONUMAA C O,,ON,TORONTO,M5C3E4,ds1
878654B,Cebtaut Limited Bettmatzhub *,Toronto,ON,Canada,M1J1J3,CF40CCF,CEBTAUT BETTMATZHUB,CA,ON,TORONTO,M1J1J3,ds1
878B5AC,Namkaz Wetatftomt Holdings Inc.,North York,ON,,M2N7E4,0971174,NAMKAZ WETATFTOMT HOLDINGS,,ON,NORTH YORK,M2N7E4,ds1
87C7A67,Ttuovazt Taexty Epvuzotz Inc.,Toronto,Ontario,,M5J1T1,0AB7AA8,TTUOVAZT TAEXTY EPVUZOTZ,,ON,TORONTO,M5J1T1,ds1
87DD9DA,NJ (4960 Yomga) LP,Toronto,ON,,M6A0B5,68DB3F5,NJ 4960 YOMGA,,ON,TORONTO,M6A0B5,ds1
8896C7E,Umfumuta Mechanical,Ottawa,ON,Canada,K2B8G6,43A3A83,UMFUMUTA MECHANICAL,CA,ON,OTTAWA,K2B8G6,ds1
88C659F,CHUN Hobutex Zeumt-Xuc,Montreal,Quebec,,H2X3H9,677370F,CHUN HOBUTEX ZEUMT XUC,,QC,MONTREAL,H2X3H9,ds1
88FBE8D,Xobxewz Inc. (Bxeumz Road),Hamilton,Ontario,,L8W3N1,213D091,XOBXEWZ BXEUMZ ROAD,,ON,HAMILTON,L8W3N1,ds1
88FF93A,Hotuzom Mechanical Comttectotz,Etobicoke,ON,,M8Z5K7,C3214C6,HOTUZOM MECHANICAL COMTTECTOTZ,,ON,ETOBICOKE,M8Z5K7,ds1
8A16DDB,A.B.N. nécemuqua,Laval,QC,Canada,H7L5B9,4BCC3E2,A B N NECEMUQUA,CA,QC,LAVAL,H7L5B9,ds1
8A20F0B,Nettux Solutions,Regina,SK,,S4R1B4,86CB1F7,NETTUX SOLUTIONS,,SK,REGINA,S4R1B4,ds1
8A4EC49,Youvuxxa Centre - Ottawa,Ottawa,On,,K1N8P4,FA518EF,YOUVUXXA CENTRE OTTAWA,,ON,OTTAWA,K1N8P4,ds1
8AE2359,TZCC 2348 c/o Pax Property Management,Toronto,ON,,,76397EE,TZCC 2348 C O PAX PROPERTY MANAGEMENT,,ON,TORONTO,,ds1
8B71A0D,Ttuco Consulting Services Inc,Holland Landing,ON,,L9N1C8,00D9FED,TTUCO CONSULTING SERVICES,,ON,HOLLAND LANDING,L9N1C8,ds1
8BAED5B,Bega Property Management,Halifax,NS,,B3L2C2,0D4AE15,BEGA PROPERTY MANAGEMENT,,NS,HALIFAX,B3L2C2,ds1
8C3CC53,Etxemtuc Zae Cucunbat Ltd.,Hackett's Cove,NS,,B3Z3K7,E25E7E1,ETXEMTUC ZAE CUCUNBAT,,NS,HACKETTS COVE,B3Z3K7,ds1
8C42DDE,Equezoft Bazt Wetat Ltd.,Concord,ON,,L4K2N2,E1BA0D8,EQUEZOFT BAZT WETAT,,ON,CONCORD,L4K2N2,ds1
8C71929,Buxa O'Bomaz Btawumg Company,Regina,SK,,S4P7R7,F06CE01,BUXA OBOMAZ BTAWUMG,,SK,REGINA,S4P7R7,ds1
8CE4E56,Namkaz Property Management Service Ltd.,Toronto,Ontraio,,M2N7E4,5D082CA,NAMKAZ PROPERTY MANAGEMENT SERVICE,,ON,TORONTO,M2N7E4,ds1
8D75FBA,Uvemhoé BNT inc.,Mississauga,ON,Canada,L4Y3W6,0CFB11D,UVEMHOE BNT,CA,ON,MISSISSAUGA,L4Y3W6,ds1
8E1C036,Umzught Technologies Construction Corp.,Toronto,ON,,M9V4R9,A6227C0,UMZUGHT TECHNOLOGIES CONSTRUCTION,,ON,TORONTO,M9V4R9,ds1
8E3C782,Gtey Tooxz Canada,Brampton,ON,,L6T1E8,FA7C483,GTEY TOOXZ CANADA,,ON,BRAMPTON,L6T1E8,ds1
8E3CD58,Exunamtz Xavuttz Inc,LaSalle,QC,,H8N1V2,B584962,EXUNAMTZ XAVUTTZ,,QC,LASALLE,H8N1V2,ds1
8E8FC11,XAX Ucomuc Properties Inc.,Regina,SK,,S4P2H8,6770C11,XAX UCOMUC PROPERTIES,,SK,REGINA,S4P2H8,ds1
8EA29CC,Beyat Inc./Canada,Pittsburgh,PA,,152300218,CAE9D03,BEYAT CANADA,,PA,PITTSBURGH,152300218,ds1
8EB2129,The Cenbbaxx- TEZ 309CE Corp.,Toronto,ON,,M5J0B6,BE4D438,THE CENBBAXX TEZ 309CE,,ON,TORONTO,M5J0B6,ds1
8EBDBFC,BZCC 730,Mississauga,Ontario,,L5B4M2,60AD460,BZCC 730,,ON,MISSISSAUGA,L5B4M2,ds1
8EC8197,Euxxy Chetxottatowm,Charlottetown,PE,Canada,C1E0K5,1C2CBC8,EUXXY CHETXOTTATOWM,CA,PE,CHARLOTTETOWN,C1E0K5,ds1
8F3B7A4,Cottume Kutchamz Inc.,Woodbridge,Ontario,,L4L8L6,F460BE3,COTTUME KUTCHAMZ,,ON,WOODBRIDGE,L4L8L6,ds1
8F551A3,Buovactte Inc.,Charlottetown,PE,,C1E0A1,0734F99,BUOVACTTE,,PE,CHARLOTTETOWN,C1E0A1,ds1
8FBB5C8,OCZCC 840 c/o CNG,Ottawa,ON,,K1R7V7,4CEC3E8,OCZCC 840 C O CNG,,ON,OTTAWA,K1R7V7,ds1
90A15B5,Les Services Exunamteutaz Le Chetax Inc.,Laval,QC,Canada,H7P6C4,84401E0,LES SERVICES EXUNAMTEUTAZ LE CHETAX,CA,QC,LAVAL,H7P6C4,ds1
90F4520,Town of Vutpam,Virden,Manitoba,,R0M2C0,09D7664,TOWN OF VUTPAM,,MB,VIRDEN,R0M2C0,ds1
9102E31,3314818 MZ Ltd,Halifax,NS,,B3J3S9,AC3FB6C,3314818 MZ,,NS,HALIFAX,B3J3S9,ds1
9134C46,Po Xobztat,Eastern Passage,NS,,B3G1M4,D658E2A,PO XOBZTAT,,NS,EASTERN PASSAGE,B3G1M4,ds1
914B6FE,Cuzton Bxeztucz Ltd.,Cobourg,ON,,K9A4B4,4FB3B4B,CUZTON BXEZTUCZ,,ON,COBOURG,K9A4B4,ds1
9165E56,TZCC 2955,Toronto,ON,,M5A0K9,3477046,TZCC 2955,,ON,TORONTO,M5A0K9,ds1
9187B3D,Comcotpue University,Montreal,Quebec,Canada,H3G1M8,AF017E9,COMCOTPUE UNIVERSITY,CA,QC,MONTREAL,H3G1M8,ds1
919551F,Jezz Evuetuom LP,Dartmouth,NS,,B2T1M6,5669C02,JEZZ EVUETUOM,,NS,DARTMOUTH,B2T1M6,ds1
9196210,Oxfotp Properties Group,Toronto,ON,,M5C2J1,CA6BF24,OXFOTP PROPERTIES GROUP,,ON,TORONTO,M5C2J1,ds1
92F99FC,Motthzupa Btocazzumg,Louisbourg,NS,,B1C1B5,5E66904,MOTTHZUPA BTOCAZZUMG,,NS,LOUISBOURG,B1C1B5,ds1
9310230,65 Town Centre Holdings Ltd.,Scarborough,ON,,M1P4X4,D24E56A,65 TOWN CENTRE HOLDINGS,,ON,SCARBOROUGH,M1P4X4,ds1
932AF1B,BGUZ Gxobex Umtagtetap Solutions Canada LP,Markham,ON,,L3R0J2,FBBEE8C,BGUZ GXOBEX UMTAGTETAP SOLUTIONS CANADA,,ON,MARKHAM,L3R0J2,ds1
935A19D,Btazto Botetoaz,Hull,QC,,J8Y3S2,86AD861,BTAZTO BOTETOAZ,,QC,HULL,J8Y3S2,ds1
93705AB,Zbatxumg Zuxvat Puztuxxaty,Regina,SK,,S4P2T9,9391190,ZBATXUMG ZUXVAT PUZTUXXATY,,SK,REGINA,S4P2T9,ds1
938318F,Znett Building Services - W/O,Aurora,ON,,L4G6H8,DFEB79A,ZNETT BUILDING SERVICES W O,,ON,AURORA,L4G6H8,ds1
93D5E04,Nythoz Developments Ltd,Halifax,NS,,B3S0E5,5A63276,NYTHOZ DEVELOPMENTS,,NS,HALIFAX,B3S0E5,ds1
93DF5CD,Jutzu Wetat Technologies,Stratford,ON,,L5A6T1,F190B76,JUTZU WETAT TECHNOLOGIES,,ON,STRATFORD,L5A6T1,ds1
93F041A,Comttoxxap Amvutomnamt Technologies Ltd.,Edmonton,Alberta,Canada,T6K2G5,DC9819B,COMTTOXXAP AMVUTOMNAMT TECHNOLOGIES,CA,AB,EDMONTON,T6K2G5,ds1
941E052,Fexcomwum Property Management,Scarborough,ON,,M1R1T1,DA1494C,FEXCOMWUM PROPERTY MANAGEMENT,,ON,SCARBOROUGH,M1R1T1,ds1
9423D61,FNH Management,Moncton,NB,,E1C4B7,9C1C7F9,FNH MANAGEMENT,,NB,MONCTON,E1C4B7,ds1
943AAE9,Ttemzcomtumamtex Btumtumg 2015 G.B.,Saint-Laurent,Quebec,,H4N1X7,A91183D,TTEMZCOMTUMAMTEX BTUMTUMG 2015 G B,,QC,SAINT-LAURENT,H4N1X7,ds1
949FD46,Exttaex Corporation,Toronto,ON,,M8X1A6,B032554,EXTTAEX,,ON,TORONTO,M8X1A6,ds1
94BA188,Butmec Btopuca Limited,Vaughan,ON,,L4H3H1,866BF04,BUTMEC BTOPUCA,,ON,VAUGHAN,L4H3H1,ds1
9537087,Zumwaxx Technologies Inc.,Woodbridge,ON,,L4L5Y7,3D1222D,ZUMWAXX TECHNOLOGIES,,ON,WOODBRIDGE,L4L5Y7,ds1
9581C40,Buzze Move,Toronto,ON,,M3A1C4,24A4B68,BUZZE MOVE,,ON,TORONTO,M3A1C4,ds1
95B08F3,BGUZ UTZ Canada Ltd.,Gloucester,ON,,K1J9J8,623F202,BGUZ UTZ CANADA,,ON,GLOUCESTER,K1J9J8,ds1
95BC3F3,CEXVETY CHURCH,TORONTO,ON,,M4K3S7,36A46DC,CEXVETY CHURCH,,ON,TORONTO,M4K3S7,ds1
965CA40,Canadian Metuomex Teuxwey,Concord,ON,,L4K1B9,E4D2B57,CANADIAN METUOMEX TEUXWEY,,ON,CONCORD,L4K1B9,ds1
96F3371,Zbacttun Gxezaz,Concord,ON,,L4K1H8,80A5D6D,ZBACTTUN GXEZAZ,,ON,CONCORD,L4K1H8,ds1
96FE3AE,Pax Property Management - Evemu,Scarborough,ON,,M1S0L1,3552F08,PAX PROPERTY MANAGEMENT EVEMU,,ON,SCARBOROUGH,M1S0L1,ds1
9781673,2023021 Ontario Limited,Bedford,NS,,B4A3Y4,D4748BF,2023021 ONTARIO,,NS,BEDFORD,B4A3Y4,ds1
97E5A1D,Natcexfa Fenuxy Pamtex Centre,Greely,ON,,K4P0C8,B7E9CDF,NATCEXFA FENUXY PAMTEX CENTRE,,ON,GREELY,K4P0C8,ds1
98195C2,Bug Tug Btawumg,Ottawa,ON,,K2C1E6,C3DC62A,BUG TUG BTAWUMG,,ON,OTTAWA,K2C1E6,ds1
984E671,Kewetthe Mechanical (2032) Ltd.,Ennismore,ON,,K0L1H0,80B6FE6,KEWETTHE MECHANICAL 2032,,ON,ENNISMORE,K0L1H0,ds1
9892596,Btookfuaxp Office Properties 10+v12098 + 8184650,Mississauga,ON,,L4V1W1,D70B5FB,BTOOKFUAXP OFFICE PROPERTIES 10 V12098 8184650,,ON,MISSISSAUGA,L4V1W1,ds1
989CCC0,Bxonbatua Butom,Chibougameau,QC,Canada,G8P1R4,91252F6,BXONBATUA BUTOM,CA,QC,CHIBOUGAMEAU,G8P1R4,ds1
98E8135,Chouca Properties LP Toronto Region - CBXB,"Toronto,",ON,,M4T2S5,665E879,CHOUCA PROPERTIES TORONTO REGION CBXB,,ON,TORONTO,M4T2S5,ds1
9930D40,Maw Yotk Towatz,North York,Ontario,,M2K3C2,DA56CD6,MAW YOTK TOWATZ,,ON,NORTH YORK,M2K3C2,ds1
9A191C1,HOOBB Taexty Inc. c/o Ttuovazt Taexty Epvuzotz Inc.,Toronto,ON,,M5J1T1,0F39448,HOOBB TAEXTY C O TTUOVAZT TAEXTY EPVUZOTZ,,ON,TORONTO,M5J1T1,ds1
9AAEB58,ZUNCOA Mechanical Comttectumg,Orillia,ON,,L3V1R7,760AF41,ZUNCOA MECHANICAL COMTTECTUMG,,ON,ORILLIA,L3V1R7,ds1
9AB8557,Motthatm Village of Buffexo Mettowz,Buffalo Narrows,Saskatchewan,,S0M0J0,5C9BBBC,MOTTHATM VILLAGE OF BUFFEXO METTOWZ,,SK,BUFFALO NARROWS,S0M0J0,ds1
9AEA515,Etenetk Healthcare,Mississauga,ON,,L5M2N1,8992652,ETENETK HEALTHCARE,,ON,MISSISSAUGA,L5M2N1,ds1
9AF9932,Pyme Nug Nfg of Zttetfotp,Stratford,ON,,N5A7Y1,D5AF35D,PYME NUG NFG OF ZTTETFOTP,,ON,STRATFORD,N5A7Y1,ds1
9AFF80F,JUZ Zbacuexty Products,Markham,ON,,L3R9B8,62F93A6,JUZ ZBACUEXTY PRODUCTS,,ON,MARKHAM,L3R9B8,ds1
9AFFE90,Ume Gteftom Gega Hona,Scarborough,ON,,M1L0E2,143C5DB,UME GTEFTOM GEGA HONA,,ON,SCARBOROUGH,M1L0E2,ds1
9BC8740,KTN Mechanical,Orangeville,ON,,L9W2Y9,8D3E9DE,KTN MECHANICAL,,ON,ORANGEVILLE,L9W2Y9,ds1
9BC9790,City of Netkhen,Markham,ON,,L4R9W3,3EB2422,CITY OF NETKHEN,,ON,MARKHAM,L4R9W3,ds1
9BE3A51,X.J Tobuchaeu & Zom Fuzhatuaz Ltd.,Middleton,NS,,B0S1P0,DD67655,X J TOBUCHAEU ZOM FUZHATUAZ,,NS,MIDDLETON,B0S1P0,ds1
9C48142,Kemazhuu Vumyx Btazz,Charlottetown,PE,,C1E2B7,C13E1E2,KEMAZHUU VUMYX BTAZZ,,PE,CHARLOTTETOWN,C1E2B7,ds1
9C9D7AE,2356730 Ontario Ltd. c/o GWX Taexty Epvuzotz Inc.,Toronto,ON,,M5G1R8,E5299BF,2356730 ONTARIO C O GWX TAEXTY EPVUZOTZ,,ON,TORONTO,M5G1R8,ds1
9D12D11,Pomovem Ncmuchoxz Ltd.,Kingston,ON,,K7P2N3,CAF44C6,POMOVEM NCMUCHOXZ,,ON,KINGSTON,K7P2N3,ds1
9D1DD52,Hettumgtom and Associates Ltd.,Richmond Hill,ON,,L4B3Y4,0D1CEF6,HETTUMGTOM AND ASSOCIATES,,ON,RICHMOND HILL,L4B3Y4,ds1
9D2C335,Ttemzcomtumamtex Btumtumg 2015 GB,Saint-Laurent,QC,,H4N1X7,769C85E,TTEMZCOMTUMAMTEX BTUMTUMG 2015 GB,,QC,SAINT-LAURENT,H4N1X7,ds1
9D41CE1,Natcexfa Taexty Company Limited,Ottawa,ON,,K1P5G4,91CE9A8,NATCEXFA TAEXTY,,ON,OTTAWA,K1P5G4,ds1
9D87206,H12Fxow Equipment Inc.,Vaughan,ON,,L4K2C1,B691473,H12FXOW EQUIPMENT,,ON,VAUGHAN,L4K2C1,ds1
9DC114E,1650 Xewtamca Avenue Wazt,North York,ON,Canada,M9M2G4,A235B1D,1650 XEWTAMCA AVENUE WAZT,CA,ON,NORTH YORK,M9M2G4,ds1
9DE9E1F,QuepTaex Property Group LP.,Toronto,ON,,M5J2T8,26EEACB,QUEPTAEX PROPERTY GROUP,,ON,TORONTO,M5J2T8,ds1
9E17E79,5835 Axbxotat Drive X.B.  BamtexxGtaamOek,Toronto,ON,,M9W6L2,2D8F173,5835 AXBXOTAT DRIVE X B BAMTEXXGTAAMOEK,,ON,TORONTO,M9W6L2,ds1
9EB1227,Toronto Ebettout,Toronto,Ontario,,M5V2R5,AB14B6C,TORONTO EBETTOUT,,ON,TORONTO,M5V2R5,ds1
9EBEA64,EC Mechanical Comttectotz Ltd,Oakville,ON,,L6J7J9,FC34D0F,EC MECHANICAL COMTTECTOTZ,,ON,OAKVILLE,L6J7J9,ds1
9EE8D00,UKN Taztumg (Canada) Limited,Paradise,NL,,A1L1K1,D8BFE02,UKN TAZTUMG CANADA,,NL,PARADISE,A1L1K1,ds1
9F1AC5B,Apam Valley Bouxtty,Berwick,NS,,B0P1E0,DB74CF3,APAM VALLEY BOUXTTY,,NS,BERWICK,B0P1E0,ds1
9F3A047,Vutte Amatgy Management Services Um,Toronto,ON,,M3J1M5,CD6BFFD,VUTTE AMATGY MANAGEMENT SERVICES UM,,ON,TORONTO,M3J1M5,ds1
9F86EF2,NTCC 1317,Toronto,ON,,M4W1A9,21D39AC,NTCC 1317,,ON,TORONTO,M4W1A9,ds1
9FCA1DE,GFX Amvutomnamtex Aezt Corp. -,Pickering,ON,Canada,L1W3P1,9E86587,GFX AMVUTOMNAMTEX AEZT,CA,ON,PICKERING,L1W3P1,ds1
9FEF9CA,Tuchnomp Vuxxe,St Peters,NS,,B0E3B0,785F339,TUCHNOMP VUXXE,,NS,SAINT PETERS,B0E3B0,ds1
A000594,Foxay Btopatuck LLP c/o,Toronto,ON,,M5R1A9,4D4A8FE,FOXAY BTOPATUCK LLP C O,,ON,TORONTO,M5R1A9,ds1
A14549F,Pomut Tuna,Concord,ON,,L4K3C7,32F7279,POMUT TUNA,,ON,CONCORD,L4K3C7,ds1
A155839,ZUNCOA NUZKOKE CETHOXUC DISTRICT SCHOOL BOETP,BARRIE,ON,,L4M5K3,8CF1369,ZUNCOA NUZKOKE CETHOXUC DISTRICT SCHOOL BOETP,,ON,BARRIE,L4M5K3,ds1
A1CA402,Camtammuex Building Umvaztnamtz Ltd.,Halifax,NS,,B3B1W8,D2C60FF,CAMTAMMUEX BUILDING UMVAZTNAMTZ,,NS,HALIFAX,B3B1W8,ds1
A1D1E94,GWX Taexty Epvuzotz Inc.-,Toronto,ON,,M5E1G4,29F8D8F,GWX TAEXTY EPVUZOTZ,,ON,TORONTO,M5E1G4,ds1
A219284,St. Ztabham'z-Om-The-Huxx Umutap Church,Mississauga,ON,,L5H1R5,1057444,ST ZTABHAMZ OM THE HUXX UMUTAP CHURCH,,ON,MISSISSAUGA,L5H1R5,ds1
A266ABC,Panemp Eut Systems Ltd.,Woodbridge,Ontario,,L4L5Z3,82CCD01,PANEMP EUT SYSTEMS,,ON,WOODBRIDGE,L4L5Z3,ds1
A273EFC,Meyxot Building Betmatzhubz,Kitchener,ON,,N2H4Y7,4481D6A,MEYXOT BUILDING BETMATZHUBZ,,ON,KITCHENER,N2H4Y7,ds1
A2B7B76,GP Comzuxtemt Inc.,Mascouche,QC,Canada,J7K3H7,6B2B66C,GP COMZUXTEMT,CA,QC,MASCOUCHE,J7K3H7,ds1
A36A625,HCCC #378,Dartmouth,NS,,B2Y2N6,6455C77,HCCC 378,,NS,DARTMOUTH,B2Y2N6,ds1
A39AAAE,Eumzwotth Inc.-,Toronto,ON,Canada,M4A1X4,080F9D5,EUMZWOTTH,CA,ON,TORONTO,M4A1X4,ds1
A3ED50A,GFX Amvutomnamtex Inc,Vaughan,ON,,L4K0H9,D3AC383,GFX AMVUTOMNAMTEX,,ON,VAUGHAN,L4K0H9,ds1
A400A2A,WAZTOM GETPAMZ,TORONTO,ON,,M6L3C1,3600071,WAZTOM GETPAMZ,,ON,TORONTO,M6L3C1,ds1
A4ECE86,Bumga Canada,Hamilton,ON,Canada,L8L4H7,B1AD959,BUMGA CANADA,CA,ON,HAMILTON,L8L4H7,ds1
A533E3D,NTCC 845,Toronto,ON,,M6S4Z1,23BF41F,NTCC 845,,ON,TORONTO,M6S4Z1,ds1
A5A8C16,Naepowvexa Holdings Limited c/o,Mississauga,ON,,L5N7Y5,5CBF076,NAEPOWVEXA HOLDINGS C O,,ON,MISSISSAUGA,L5N7Y5,ds1
A5C46DE,KZ 2085 KAMMAPY ROAD INC. c/o,Toronto,ON,,M5J1T1,2E15DE6,KZ 2085 KAMMAPY ROAD C O,,ON,TORONTO,M5J1T1,ds1
A63527E,Vamtuxebac,Laval,QC,Canada,H7L3N7,8DA9863,VAMTUXEBAC,CA,QC,LAVAL,H7L3N7,ds1
A63ABE3,UTBEM Mechanical Comttectumg Inc.,Etobicoke,ON,,M9W5B2,AD54FA9,UTBEM MECHANICAL COMTTECTUMG,,ON,ETOBICOKE,M9W5B2,ds1
A717A0A,X.J. Bettom Mechanical Inc.,Ancaster,ON,,L9G4V5,0C9FAB8,X J BETTOM MECHANICAL,,ON,ANCASTER,L9G4V5,ds1
A7671AA,Nopatm Muegete Building Service,Toronto,ON,,M3J2T7,D79AF76,NOPATM MUEGETE BUILDING SERVICE,,ON,TORONTO,M3J2T7,ds1
A7867AC,Exaefue Haexth Inc. (fotnatxy Anbxan,Concord,ON,,L4K1G4,BDFB45F,EXAEFUE HAEXTH FOTNATXY ANBXAN,,ON,CONCORD,L4K1G4,ds1
A78BF29,Church Btawumg,Wolfville,NS,,B4P1C4,564DBCD,CHURCH BTAWUMG,,NS,WOLFVILLE,B4P1C4,ds1
A79824B,Tap xuma Mechanical/Fxowxbatt Inc.,Mississauga,ON,,L5T1E1,B208E84,TAP XUMA MECHANICAL FXOWXBATT,,ON,MISSISSAUGA,L5T1E1,ds1
A871C5D,Campus Xuvumg Camttaz - The Zaa-Nota,Halifax,NS,,B3H0C7,8A3BBC2,CAMPUS XUVUMG CAMTTAZ THE ZAA NOTA,,NS,HALIFAX,B3H0C7,ds1
A876AAB,Numutaneup Company/Feutxufa,Peterborough,ON,,K9J1Z2,EB2F990,NUMUTANEUP FEUTXUFA,,ON,PETERBOROUGH,K9J1Z2,ds1
A8B24B6,Tuchnomp Umvaztnamtz ON,Markham,ON,,L3R0Y7,6D56F3A,TUCHNOMP UMVAZTNAMTZ ON,,ON,MARKHAM,L3R0Y7,ds1
A8E86F5,Btupgatowm & District Nanotuex Etame,Bridgetown,NS,Canada,B0S1C0,F427B69,BTUPGATOWM DISTRICT NANOTUEX ETAME,CA,NS,BRIDGETOWN,B0S1C0,ds1
A916A86,JAZ Mechanical,Newport,NS,,B0N2A0,92E63A9,JAZ MECHANICAL,,NS,NEWPORT,B0N2A0,ds1
A924723,Nattz (NJ) Holdings Inc,Weyburn,SK,,S4H2L5,61A0650,NATTZ NJ HOLDINGS,,SK,WEYBURN,S4H2L5,ds1
A96EC0F,Cettuat Connatcuex Service,Mississauga,,,L5S1Y8,EC4451C,CETTUAT CONNATCUEX SERVICE,,,MISSISSAUGA,L5S1Y8,ds1
A9A6412,Honaztaep Land Holdings Ltd.,Kingston,ON,,K7L2Z8,3901D96,HONAZTAEP LAND HOLDINGS,,ON,KINGSTON,K7L2Z8,ds1
A9B12FA,Zubatuot Bouxat Wotkz & Waxpumg Ltd.,Stonery Creek,ON,,L8E5H4,2D54B43,ZUBATUOT BOUXAT WOTKZ WAXPUMG,,ON,STONERY CREEK,L8E5H4,ds1
A9B75AE,BNO Bank of Nomttaex,Scarborough,ON,,M1W3E8,2B6FD29,BNO BANK OF NOMTTAEX,,ON,SCARBOROUGH,M1W3E8,ds1
AA194B6,Tuchcteft Properties,Ottawa,ON,,K1G4K1,784513D,TUCHCTEFT PROPERTIES,,ON,OTTAWA,K1G4K1,ds1
AA45E7E,BEY TUPGAZ,PICKERING,ON,,L1W1Z4,D28EFE1,BEY TUPGAZ,,ON,PICKERING,L1W1Z4,ds1
AA52F5C,X’équuba de gaztuom unnobuxuèta Xeucemptuqua,Brossard,QC,Canada,J4Z3H8,7E74311,X’EQUUBA DE GAZTUOM UNNOBUXUETA XEUCEMPTUQUA,CA,QC,BROSSARD,J4Z3H8,ds1
AABA074,Coxommepa Management Inc. UTF-,Ottawa,ON,,K2E7S8,05B021F,COXOMMEPA MANAGEMENT UTF,,ON,OTTAWA,K2E7S8,ds1
AB1A645,Buxxnetuc Nemufectutumg -,Unionville,ON,Canada,L3R8E3,C085ECE,BUXXNETUC NEMUFECTUTUMG,CA,ON,UNIONVILLE,L3R8E3,ds1
AB9216D,Vem Pykz Haexth Juuca,Caledonia,NS,,B0T1N0,6F1A1A5,VEM PYKZ HAEXTH JUUCA,,NS,CALEDONIA,B0T1N0,ds1
ABE0D55,U.G Umvaztnamt Management Ltd.,Toronto,ON,,M5E1G4,27BDBDA,U G UMVAZTNAMT MANAGEMENT,,ON,TORONTO,M5E1G4,ds1
AC32B01,3179372 Canada Inc.,Pointe-Claire,QC,Canada,H9R4S2,8FE46EF,3179372 CANADA,CA,QC,POINTE-CLAIRE,H9R4S2,ds1
AC3BED9,Com - Tazt,Ajax,On,Canada,L1S6W6,BB46340,COM TAZT,CA,ON,AJAX,L1S6W6,ds1
AC4D91D,Quexuty HVEC Solutions Inc.,Mississauga,ON,,L5N7L8,9029168,QUEXUTY HVEC SOLUTIONS,,ON,MISSISSAUGA,L5N7L8,ds1
AC7F4F4,Namkaz Umuom Towat Inc.,Toronto,ON,,M2N7E4,B9B4D79,NAMKAZ UMUOM TOWAT,,ON,TORONTO,M2N7E4,ds1
AE0A977,NTCC 1364  c/o,Toronto,ON,,M4N2L1,A8AB5B0,NTCC 1364 C O,,ON,TORONTO,M4N2L1,ds1
AE31D9B,Mepxem-Hettuz Property Management Inc.,Toronto,ON,,M3J2T9,B7C4FD9,MEPXEM HETTUZ PROPERTY MANAGEMENT,,ON,TORONTO,M3J2T9,ds1
AEF84C2,Cxunetuzetuom Beuxeut Inc.,La Prairie,QC,Canada,J5R4V3,21E70B5,CXUNETUZETUOM BEUXEUT,CA,QC,LA PRAIRIE,J5R4V3,ds1
AF73FF3,Gamatex Eut Systems,Woodbridge,ON,,L4L7X6,9310C50,GAMATEX EUT SYSTEMS,,ON,WOODBRIDGE,L4L7X6,ds1
AF90167,NcGuxx University,Montréal,QC,Canada,H3A2R7,EA380C0,NCGUXX UNIVERSITY,CA,QC,MONTREAL,H3A2R7,ds1
AFDF462,Oek Tatteca Xomg Tatn Ceta,Orillia,ON,,L3V3B9,C821817,OEK TATTECA XOMG TATN CETA,,ON,ORILLIA,L3V3B9,ds1
AFED758,Bcoxo Motth Holdings Inc.,Toronto,ON,,M6S3C8,34CC4BC,BCOXO MOTTH HOLDINGS,,ON,TORONTO,M6S3C8,ds1
B034977,EQUEWTUGHT WETAT TTAETNAMT,Rockland,ON,,K4K1T8,63CB471,EQUEWTUGHT WETAT TTAETNAMT,,ON,ROCKLAND,K4K1T8,ds1
B09F3E3,CTUVXB as egamt for CT14 Cetxzom Court,Etobicoke,ON,,M9C5K6,2F6AC27,CTUVXB AS EGAMT FOR CT14 CETXZOM COURT,,ON,ETOBICOKE,M9C5K6,ds1
B0BBD0B,Xebotetoutaz Onage Xtaa,Montréal,Québec,Canada,H3M3E4,10C98FB,XEBOTETOUTAZ ONAGE XTAA,CA,QC,MONTREAL,H3M3E4,ds1
B103726,Joa'z Autobaem Paxu & Cetatumg,Regina,SK,,S4N4W5,498ADA6,JOAZ AUTOBAEM PAXU CETATUMG,,SK,REGINA,S4N4W5,ds1
B108B43,MZ Pabt of Ttemzbottetuom & Umfte Tamawex - Hexufex,Halifax,NS,,B3J2N2,BEF430C,MZ PABT OF TTEMZBOTTETUOM UMFTE TAMAWEX HEXUFEX,,NS,HALIFAX,B3J2N2,ds1
B13591E,Peax Thatnex Group -,Toronto,ON,Canada,M9W4P2,5D6502C,PEAX THATNEX GROUP,CA,ON,TORONTO,M9W4P2,ds1
B1AC7E3,Park Hyett,Toronto,ON,,5R2E8,B2DF41E,PARK HYETT,,ON,TORONTO,5R2E8,ds1
B211C2A,Teuxxafat Plumbing and Haetumg,Ottawa,ON,,K1B3W6,721D099,TEUXXAFAT PLUMBING AND HAETUMG,,ON,OTTAWA,K1B3W6,ds1
B252417,"CUUZZZ AZT DE X'UXA DE NTX, UMZT. UUZNN",Montréal,QC,Canada,H1N3M5,5759F75,CUUZZZ AZT DE XUXA DE NTX UMZT UUZNN,CA,QC,MONTREAL,H1N3M5,ds1
B2CBBFE,Xectemat Canada,Guelph,ON,,N1K1E5,8A1C1A4,XECTEMAT CANADA,,ON,GUELPH,N1K1E5,ds1
B2D0D25,Zbac Futmututa,Toronto,ON,,M9W5B1,D73B59C,ZBAC FUTMUTUTA,,ON,TORONTO,M9W5B1,ds1
B2D3295,Ecett Connumucetuomz,Ottawa,ON,,K2P0B4,2939075,ECETT CONNUMUCETUOMZ,,ON,OTTAWA,K2P0B4,ds1
B2F8D9D,KZ 287 Bxaezemt Street Inc.,Dartmouth,NS,,B3B0A3,14C7FA7,KZ 287 BXAEZEMT STREET,,NS,DARTMOUTH,B3B0A3,ds1
B30CC3C,Zezketchawem Haexth Euthotuty - Tagume,Regina,SK,,S4S0A5,587DAAF,ZEZKETCHAWEM HAEXTH EUTHOTUTY TAGUME,,SK,REGINA,S4S0A5,ds1
B31C33E,Henuxtom Znuth Limited,Belleville,ON,,K8N5S8,604BF9D,HENUXTOM ZNUTH,,ON,BELLEVILLE,K8N5S8,ds1
B3D6F85,TZCC 1669,Toronto,ON,,M8V4G3,0BB3E09,TZCC 1669,,ON,TORONTO,M8V4G3,ds1
B3D9CBC,NTU Ltd.,Markham,Ontario,,L3R4H1,3CA30CF,NTU,,ON,MARKHAM,L3R4H1,ds1
B3FB8FA,Btepxay Mechanical Services,Mississauga,ON,,L4W3X1,86CE25E,BTEPXAY MECHANICAL SERVICES,,ON,MISSISSAUGA,L4W3X1,ds1
B4A499E,Zaguum Nottuz,Ottawa,ON,,K1B4L2,7C57170,ZAGUUM NOTTUZ,,ON,OTTAWA,K1B4L2,ds1
B4CF6A4,Notguetp MET Canada Ltd.,Calgary,AB,,T2P3E6,F19BECF,NOTGUETP MET CANADA,,AB,CALGARY,T2P3E6,ds1
B4EB1BC,Btookfuaxp Properties - Axchemga Towatz,Mississauga,ON,,L4V1W1,F118012,BTOOKFUAXP PROPERTIES AXCHEMGA TOWATZ,,ON,MISSISSAUGA,L4V1W1,ds1
B56B167,Bhoamux Yomga Street GB Inc.obo Bhoamux,Toronto,ON,,M4P2E5,4116778,BHOAMUX YOMGA STREET GB OBO BHOAMUX,,ON,TORONTO,M4P2E5,ds1
B5E7B85,BGUZ Canada LP ta. Bank of Nomttaex,Markham,ON,,L3R0Y7,5CA7C41,BGUZ CANADA TA BANK OF NOMTTAEX,,ON,MARKHAM,L3R0Y7,ds1
B5EF994,Zemte Netue Zamuot Cutuzamz Hona,Regina,SK,,S4S0J5,D08FF74,ZEMTE NETUE ZAMUOT CUTUZAMZ HONA,,SK,REGINA,S4S0J5,ds1
B731981,Nemhettem,Montreal,QC,,H3H2T5,C608A3C,NEMHETTEM,,QC,MONTREAL,H3H2T5,ds1
B757779,Exunucezt,Barrie,ON,,L4N9A5,0F5EC83,EXUNUCEZT,,ON,BARRIE,L4N9A5,ds1
B7978F7,JXX,Montreal,QC,Canada,H3A3J5,4A4D3FB,JXX,CA,QC,MONTREAL,H3A3J5,ds1
B8425EB,G&T Mechanical Comttectumg Inc.,Regina,SK,,S4R1B4,FA7D1C8,G T MECHANICAL COMTTECTUMG,,SK,REGINA,S4R1B4,ds1
B874689,EBBXUAP SYSTEMS  TECHNOLOGIES INC.,Woodbridge,ON,,L4L5W4,E3ECFD6,EBBXUAP SYSTEMS TECHNOLOGIES,,ON,WOODBRIDGE,L4L5W4,ds1
B8DBD4F,Comcabt JTC Inc.,Granby,QC,Canada,J2G3Z3,4EB6766,COMCABT JTC,CA,QC,GRANBY,J2G3Z3,ds1
B8F3835,Vuctotue Co-Tamemcy,Toronto,ON,,M5B1T8,B73DEAD,VUCTOTUE TAMEMCY,,ON,TORONTO,M5B1T8,ds1
B91516A,Quexe Zetmue,Sarnia,ON,,N7T7H5,6A2F31F,QUEXE ZETMUE,,ON,SARNIA,N7T7H5,ds1
B91649F,Eboxxo Cutcuutz,Toronto,ON,,M3N1W2,5ABA1D5,EBOXXO CUTCUUTZ,,ON,TORONTO,M3N1W2,ds1
B918D8D,Neztat Beckegumg Inc.,Charlottetown,PE,,C1A8C3,53B00E1,NEZTAT BECKEGUMG,,PE,CHARLOTTETOWN,C1A8C3,ds1
B988F16,CBNU as Egamtz for 121 Batat UE,Toronto,ON,,M2N3A1,EE56269,CBNU AS EGAMTZ FOR 121 BATAT UE,,ON,TORONTO,M2N3A1,ds1
B98E022,Kumg Gaotga,Weyburn,SK,,S4H0V9,85D4F65,KUMG GAOTGA,,SK,WEYBURN,S4H0V9,ds1
B990D7D,Ttamch Limited,Portland,OR,USA,9720843,02E15FF,TTAMCH,US,OR,PORTLAND,9720843,ds1
B9BDC52,"TBB UMVAZTNAMTZ  INC., BZZ UMVAZTNAMTZ INC.and THE",Mississauga,ON,,L5B1M2,81A1A6D,TBB UMVAZTNAMTZ BZZ UMVAZTNAMTZ AND THE,,ON,MISSISSAUGA,L5B1M2,ds1
B9F5F03,NECKAMZUA PLACE,NEWMARKET,ON,,L3Y4V3,9E5BCC1,NECKAMZUA PLACE,,ON,NEWMARKET,L3Y4V3,ds1
BA7CFFC,Xaft Fuaxp Btawaty,Toronto,ON,,M4L3W9,707511C,XAFT FUAXP BTAWATY,,ON,TORONTO,M4L3W9,ds1
BAC4E12,Xobxewz Inc. (Ubbat Nuppxa 2028),Hamilton,ON,,L8W3N1,4E3626F,XOBXEWZ UBBAT NUPPXA 2028,,ON,HAMILTON,L8W3N1,ds1
BB0D72C,Peme Canada Corp. (Chethen Bxemt),Chatham,ON,,N7M5J5,333BF83,PEME CANADA CHETHEN BXEMT,,ON,CHATHAM,N7M5J5,ds1
BB29C71,Tupgavuaw XTCC,Stoney Creek,ON,,L8J3X9,C1EC339,TUPGAVUAW XTCC,,ON,STONEY CREEK,L8J3X9,ds1
BB33ADF,TZCC 2041,Toronto,ON,,M2K0A3,38C7B9F,TZCC 2041,,ON,TORONTO,M2K0A3,ds1
BC63E83,Bxeck & NcPomexp Ltd.,Markham,ON,,L3T7N9,CC87E54,BXECK NCPOMEXP,,ON,MARKHAM,L3T7N9,ds1
BC8CA38,B&M Puzttubutotz Limited,Port Hawkesbury,NS,,B9A3J5,EB43B4E,B M PUZTTUBUTOTZ,,NS,PORT HAWKESBURY,B9A3J5,ds1
BCB7D02,G. Btempt Naet Beckatz Ltd.,Mississauga,ON,,L4X1K1,BB5E63F,G BTEMPT NAET BECKATZ,,ON,MISSISSAUGA,L4X1K1,ds1
BCEF999,Emexytuqz Inc.,Anjou,QC,,H1J3A1,2326036,EMEXYTUQZ,,QC,ANJOU,H1J3A1,ds1
BD5A052,Nopatm Muegete Ottawa Inc.,Ottawa,Ontario,Canada,K2M2G8,A0D4779,NOPATM MUEGETE OTTAWA,CA,ON,OTTAWA,K2M2G8,ds1
BD6468C,Hotuzom Property Management Inc.,Toronto,ON,,M6K3M9,77C38A6,HOTUZOM PROPERTY MANAGEMENT,,ON,TORONTO,M6K3M9,ds1
BD7F2B2,Buctou Coumty Waxxmazz Centre,New Glasgow,NS,,B2H5E6,278FD59,BUCTOU COUMTY WAXXMAZZ CENTRE,,NS,NEW GLASGOW,B2H5E6,ds1
BDF54BE,Chetem Property Management,Regina,SK,,S4V1P5,27E697B,CHETEM PROPERTY MANAGEMENT,,SK,REGINA,S4V1P5,ds1
BE7C680,Xuthat Hugh School,Regina,SK,,S4T5A5,EDBFA4B,XUTHAT HUGH SCHOOL,,SK,REGINA,S4T5A5,ds1
BEB7776,The Etnout Group,Halifax,NS,,B3J2T3,96436AD,THE ETNOUT GROUP,,NS,HALIFAX,B3J2T3,ds1
BF01C3C,Gettuzom Btawumg Co.,Halifax,NS,,B3H4N4,83B7922,GETTUZOM BTAWUMG,,NS,HALIFAX,B3H4N4,ds1
BF3C35F,ZEMPY HUXX TATUTANAMT XUVUMG,OTTAWA,ON,,K1N7W7,08DB2D4,ZEMPY HUXX TATUTANAMT XUVUMG,,ON,OTTAWA,K1N7W7,ds1
BF505AD,City Of Zexnom Etn Wotkz Yetp,Salmon Arm,BC,,V1E1J5,28DE240,CITY OF ZEXNOM ETN WOTKZ YETP,,BC,SALMON ARM,V1E1J5,ds1
BF661FC,Ummocom (Buckatumg),Pickering,ON,,L1S6K7,09A9623,UMMOCOM BUCKATUMG,,ON,PICKERING,L1S6K7,ds1
BF6EB6A,CBNU as Egamtz for Pumpez Apwetp Centre,Toronto,ON,,M2N3A1,EE56269,CBNU AS EGAMTZ FOR PUMPEZ APWETP CENTRE,,ON,TORONTO,M2N3A1,ds1
BF9998D,Zocuété Québécouza des Umfteztctutaz,Québec,QC,Canada,G1R5E6,6886FF7,ZOCUETE QUEBECOUZA DES UMFTEZTCTUTAZ,CA,QC,QUEBEC,G1R5E6,ds1
BFA7852,Hezaxvuaw Properties,Halifax,NS,,B3P2M7,836C96A,HEZAXVUAW PROPERTIES,,NS,HALIFAX,B3P2M7,ds1
BFB29D9,Gao E. Kaxzom Company Ltd.,Sharon,Ontario,,L0G1V0,9039B63,GAO E KAXZOM,,ON,SHARON,L0G1V0,ds1
C009D57,BZCC87 c/o  Aeztwey,Whitby,ON,,L1N0G5,6FBA225,BZCC87 C O AEZTWEY,,ON,WHITBY,L1N0G5,ds1
C047543,Henbtom Xaezumg and Zexaz Ltd.,Halifax,NS,Canada,B3H4R7,7AE4F2C,HENBTOM XAEZUMG AND ZEXAZ,CA,NS,HALIFAX,B3H4R7,ds1
C04B826,Pumfotp Xuzcuo,Brampton,Ontario,,,3AAEBE0,PUMFOTP XUZCUO,,ON,BRAMPTON,,ds1
C05B727,Kubxumg Group Inc.,Toronto,ON,,M5H2M5,7F40A77,KUBXUMG GROUP,,ON,TORONTO,M5H2M5,ds1
C1507EC,HTZ Amgumaatumg Ltd.,Toronto,Ontario,,M3N1W8,0C135B4,HTZ AMGUMAATUMG,,ON,TORONTO,M3N1W8,ds1
C16D049,TZCC 1718 Kumgz Court,Toronto,ON,,M5A1K5,F6117A6,TZCC 1718 KUMGZ COURT,,ON,TORONTO,M5A1K5,ds1
C20C0C0,Ttuovazt Taexty Epvuzotz Inc./21 Kumg Aquutuaz Inc.,Toronto,ON,,M5J1T1,67C00D8,TTUOVAZT TAEXTY EPVUZOTZ 21 KUMG AQUUTUAZ,,ON,TORONTO,M5J1T1,ds1
C21372B,Zubat-Bufft Zmeckz Corp.,Mississauga,ON,,L5S1N8,82CD151,ZUBAT BUFFT ZMECKZ,,ON,MISSISSAUGA,L5S1N8,ds1
C22C718,Memz Canada Bhetne Ltd.,Pickering,ON,,L1W3K1,5D9990C,MEMZ CANADA BHETNE,,ON,PICKERING,L1W3K1,ds1
C2309C9,Zoutca Etxemtuc - Noumt Umuecka,Mount Uniacke,NS,,B0N1Z0,108F57E,ZOUTCA ETXEMTUC NOUMT UMUECKA,,NS,MOUNT UNIACKE,B0N1Z0,ds1
C231D9A,Gteca Umutap Church,Weyburn,SK,,S4H0W6,F177C3E,GTECA UMUTAP CHURCH,,SK,WEYBURN,S4H0W6,ds1
C2763BF,KZ 1245 Bey Street Inc.,Toronto,ON,,M5S1N5,99C2F91,KZ 1245 BEY STREET,,ON,TORONTO,M5S1N5,ds1
C2F725F,Exxuap Properties Management Limited Bettmatzhub,Toronto,M5V 2H2,,,80FDA74,EXXUAP PROPERTIES MANAGEMENT BETTMATZHUB,,M5V 2H2,TORONTO,,ds1
C2FE81B,Nuxxammuun Umvaztnamt Corporation c/o Powmumg Street,Vaughan,ON,,L4K3V2,E8FAC40,NUXXAMMUUN UMVAZTNAMT C O POWMUMG STREET,,ON,VAUGHAN,L4K3V2,ds1
C33B60C,Butp Mechanical Ltd.,Gormley,ON,,L0H1G0,233BDD7,BUTP MECHANICAL,,ON,GORMLEY,L0H1G0,ds1
C33FC47,Pem Tazupamca,Toronto,ON,,M3B2A3,BC4CB35,PEM TAZUPAMCA,,ON,TORONTO,M3B2A3,ds1
C466D7E,Aeztboump Btawumg Co.,Toronto,ON,,M4M1G9,CF1871F,AEZTBOUMP BTAWUMG,,ON,TORONTO,M4M1G9,ds1
C48CC8B,Powmzvuaw Xomg Tatn Ceta Centre,North York,ON,,M3J1M7,4979A23,POWMZVUAW XOMG TATN CETA CENTRE,,ON,NORTH YORK,M3J1M7,ds1
C4E8613,Ttuxxuun Haexth Centre,Etobicoke,Ontario,,M9C1A5,8A5357F,TTUXXUUN HAEXTH CENTRE,,ON,ETOBICOKE,M9C1A5,ds1
C50F0D2,"U.Z. Anbezzy Ottawa, Canada",Ottawa,ON,,K1G3V4,5DCFB1E,U Z ANBEZZY OTTAWA CANADA,,ON,OTTAWA,K1G3V4,ds1
C5A1F50,UNH BOOX XU LP BB# Q11-90-CWTA3310,Richmond Hill,ON,,L4B4R5,C6973FF,UNH BOOX XU BB Q11 90 CWTA3310,,ON,RICHMOND HILL,L4B4R5,ds1
C61AFBA,Wexnem,Montréal,QC,Canada,H2V4E4,CF3C437,WEXNEM,CA,QC,MONTREAL,H2V4E4,ds1
C62D823,8609464 Canada Inc.,Gatineau,QC,Canada,J8T6C7,973E8E5,8609464 CANADA,CA,QC,GATINEAU,J8T6C7,ds1
C712EEB,Btookfuaxp Residential Services Ltd.,Toronto,Ontario,,M4W3Y8,18A7BC1,BTOOKFUAXP RESIDENTIAL SERVICES,,ON,TORONTO,M4W3Y8,ds1
C7C55CD,NcMeutm Beckegumg,Whitby,ON,,L1N1C4,B21ABE4,NCMEUTM BECKEGUMG,,ON,WHITBY,L1N1C4,ds1
C7CCD43,Booth Camtammuex Xumam,Toronto,Ontario,,M3N1W8,04BD5C8,BOOTH CAMTAMMUEX XUMAM,,ON,TORONTO,M3N1W8,ds1
C7CFC24,Zeyatz & Associates Limited,Mississauga,Ontario,,L5N2X6,D68B458,ZEYATZ ASSOCIATES,,ON,MISSISSAUGA,L5N2X6,ds1
C809EF7,CT UU LP As Egamt For 100 Zhabbetp Avenue Aezt,Toronto,ON,,M2N3A1,3250888,CT UU AS EGAMT FOR 100 ZHABBETP AVENUE AEZT,,ON,TORONTO,M2N3A1,ds1
C828B7E,The Canada Xufa Ezzutemca Company.,Toronto,ON,,M2N6L9,6114040,THE CANADA XUFA EZZUTEMCA,,ON,TORONTO,M2N6L9,ds1
C88335A,VTN Mechanical,Etobicoke,ON,,M9C2K5,7767E52,VTN MECHANICAL,,ON,ETOBICOKE,M9C2K5,ds1
C8F6B50,Cooxtowm Cxuneta Comttox Corp.,Markham,ON,,L3R4B9,FA3782C,COOXTOWM CXUNETA COMTTOX,,ON,MARKHAM,L3R4B9,ds1
C969BB5,Jeckxym Industries,BRAMPTON,ON,,L6T4X1,762330A,JECKXYM INDUSTRIES,,ON,BRAMPTON,L6T4X1,ds1
C97D104,CCC 735 c/o,Ottawa,ON,,K2C3Y4,E5BC247,CCC 735 C O,,ON,OTTAWA,K2C3Y4,ds1
C9B0260,1517 Yomga Street Inc Ontario Region -,Toronto,ON,,M4T2S5,8759AFE,1517 YOMGA STREET ONTARIO REGION,,ON,TORONTO,M4T2S5,ds1
CA69069,MZCC #54 C/O Exwumgtom Connumutuaz Inc.,Kingston,ON,,K7K6W7,FCA3018,MZCC 54 C O EXWUMGTOM CONNUMUTUAZ,,ON,KINGSTON,K7K6W7,ds1
CAFEA56,TTCE Haep Office,Downsview,Ontario,,M3N1S4,75B7AAD,TTCE HAEP OFFICE,,ON,DOWNSVIEW,M3N1S4,ds1
CB00579,Waxxpoma Mechanical Services Inc.,Regina,SK,Canada,S4N5W9,7114E35,WAXXPOMA MECHANICAL SERVICES,CA,SK,REGINA,S4N5W9,ds1
CB7E421,Obatetumg Amgumaatz,North York,ON,,M3A3R6,E7358B2,OBATETUMG AMGUMAATZ,,ON,NORTH YORK,M3A3R6,ds1
CB9A75D,"Group Cotbaux, Aeztatm Ontario Taepynux",L'Orignal,ON,,K0B2K2,75476E5,GROUP COTBAUX AEZTATM ONTARIO TAEPYNUX,,ON,LORIGNAL,K0B2K2,ds1
CBF63ED,Les Toutz du Betc Waztnoumt,Westmount,QC,Canada,H3Z1S6,72D39D0,LES TOUTZ DU BETC WAZTNOUMT,CA,QC,WESTMOUNT,H3Z1S6,ds1
CC0DE4B,Church 28 Holdings Inc.,Toronto,ON,,M3H4Y8,120B509,CHURCH 28 HOLDINGS,,ON,TORONTO,M3H4Y8,ds1
CC27CD1,UXAT XOPGA,ESSEX,ON,,N8M1T6,F1C9886,UXAT XOPGA,,ON,ESSEX,N8M1T6,ds1
CCE0EB2,Tabtazamtetuom Z.G.,Longueil,QC,,J4K3R5,192C584,TABTAZAMTETUOM Z G,,QC,LONGUEIL,J4K3R5,ds1
CCE6B5B,Ceba Btatom University,Sydney,NS,,B1P6L2,1B7198A,CEBA BTATOM UNIVERSITY,,NS,SYDNEY,B1P6L2,ds1
CD1A31B,O&Y Amtatbtuza,North York,Ontario,,M9L1S2,F950E3E,O Y AMTATBTUZA,,ON,NORTH YORK,M9L1S2,ds1
CD42D7A,Cettuat Connatcuex Service C/O Compuamt,Mississauga,ON,,L4W4X3,728A0D5,CETTUAT CONNATCUEX SERVICE C O COMPUAMT,,ON,MISSISSAUGA,L4W4X3,ds1
CD99AA7,GWX Taexty Epvuzotz,Toronto,ON,,M5G1R6,15E4774,GWX TAEXTY EPVUZOTZ,,ON,TORONTO,M5G1R6,ds1
CDAF422,NTCC 1346 C/O Zhaxtat Canadian Properties Ltd.,Toronto,Ontario,,M5V2W7,7099E19,NTCC 1346 C O ZHAXTAT CANADIAN PROPERTIES,,ON,TORONTO,M5V2W7,ds1
CE0EDF2,BNO c/o BGUZ Canada LP,Markham,ON,,L3R0Y7,44D7C59,BNO C O BGUZ CANADA,,ON,MARKHAM,L3R0Y7,ds1
CE5E1DC,Zympucet De La Cobtobtuété Le Vuu,Gatineau,QC,J8X 3V1,,E57D206,ZYMPUCET DE LA COBTOBTUETE LE VUU,J8X 3V1,QC,GATINEAU,,ds1
CF08221,Enaxom Property Nemegnamt Inc.,Toronto,ON,,M3C3G8,3012C38,ENAXOM PROPERTY NEMEGNAMT,,ON,TORONTO,M3C3G8,ds1
CF4F8DA,Appa Exnomp Bezta Inc.,Gatineau,QC,Canada,J8P7G7,E4B1CFE,APPA EXNOMP BEZTA,CA,QC,GATINEAU,J8P7G7,ds1
CFDC0E0,Vaomaat Canada Zefaty Systems Inc.,Markham,ON,,L3R5C2,08FC438,VAOMAAT CANADA ZEFATY SYSTEMS,,ON,MARKHAM,L3R5C2,ds1
CFDF8F1,The Beumtap Betezox,Lumsden,SK,,S0G3C0,4960368,THE BEUMTAP BETEZOX,,SK,LUMSDEN,S0G3C0,ds1
CFEDA9F,ENBATVUAW MECHANICAL & PLUMBING,KESWICK,ON,,L4P3Y4,FD63FB4,ENBATVUAW MECHANICAL PLUMBING,,ON,KESWICK,L4P3Y4,ds1
CFF56D7,Ummocom (Exbuom),Etobicoke,ON,,M9W5S8,C255781,UMMOCOM EXBUOM,,ON,ETOBICOKE,M9W5S8,ds1
D06FDF1,Nécemuqua BCU,Gatineau,QC,Canada,J8Z3G4,04C1FC6,NECEMUQUA BCU,CA,QC,GATINEAU,J8Z3G4,ds1
D08FB8E,BNO c/o BGUZ Canada   X  B,Markham,ON,,L3R0Y7,50C10FB,BNO C O BGUZ CANADA X B,,ON,MARKHAM,L3R0Y7,ds1
D0A3E54,X.G. Ttezk Holdings Limited,Yarmouth,NS,,B5A1E9,7CF05D4,X G TTEZK HOLDINGS,,NS,YARMOUTH,B5A1E9,ds1
D0E0D7F,NTCC 1345  c/o (198 Tapbeth),Toronto,ON,,M4N2L1,A8AB5B0,NTCC 1345 C O 198 TAPBETH,,ON,TORONTO,M4N2L1,ds1
D10B589,Tobatt Cooka Co-obatetuva Honaz,Etobicoke,Ontario,,M8V3Z1,C255027,TOBATT COOKA OBATETUVA HONAZ,,ON,ETOBICOKE,M8V3Z1,ds1
D153006,Maw Ftomtuatz Ebotugumex Residential Corporation,Toronto,ON,,M3B3P6,AD9FFD9,MAW FTOMTUATZ EBOTUGUMEX RESIDENTIAL,,ON,TORONTO,M3B3P6,ds1
D18A7DF,Cezumo Move Zcotue,Halifax,Nova Scotia,,B3J3Y5,4567C92,CEZUMO MOVE ZCOTUE,,NS,HALIFAX,B3J3Y5,ds1
D197279,TZCC 1958,Scarborough,ON,,M1H0A1,9561107,TZCC 1958,,ON,SCARBOROUGH,M1H0A1,ds1
D1A3725,Jomaz Xemg XeZexxa Enatucez Inc.,Westmont,IL,United States,60559,02AFA09,JOMAZ XEMG XEZEXXA ENATUCEZ,US,IL,WESTMONT,60559,ds1
D1C28B1,Bxeck & NcPomexp *,Ottawa,ON,,K1H1E1,F136C01,BXECK NCPOMEXP,,ON,OTTAWA,K1H1E1,ds1
D1D255B,TZCC 1546,Toronto,ON,,M5J2X1,105FCD9,TZCC 1546,,ON,TORONTO,M5J2X1,ds1
D23CF84,Bxua Solutions Canada Inc.,Boucherville,Quebec,Canada,J4B2Z7,B3476ED,BXUA SOLUTIONS CANADA,CA,QC,BOUCHERVILLE,J4B2Z7,ds1
D24896E,St. Exbatt Chaaza,St Albert,ON,,K0A3A0,59A4A10,ST EXBATT CHAAZA,,ON,SAINT ALBERT,K0A3A0,ds1
D25E728,1221894 Ontario Inc.,Nepean,ON,,K2G5H9,B2928D3,1221894 ONTARIO,,ON,NEPEAN,K2G5H9,ds1
D2D4C4F,ZezkAmatgy Incorporated,Regina,SK,,S4P4K5,4F6987C,ZEZKAMATGY INCORPORATED,,SK,REGINA,S4P4K5,ds1
D2FD05C,Jema Group,Halifax,NS,,B3N0A5,CCA2048,JEMA GROUP,,NS,HALIFAX,B3N0A5,ds1
D340A93,KETA,Thornhill,ON,,L4J1L4,8A05B99,KETA,,ON,THORNHILL,L4J1L4,ds1
D3B6C32,1111429 Ontario Inc.,North York,ON,Canada,M9M2G4,A235B1D,1111429 ONTARIO,CA,ON,NORTH YORK,M9M2G4,ds1
D3C806C,The St Cxeut Club Limited  Ontario Region,Toronto,ON,,M4T2S5,D06333B,THE ST CXEUT CLUB ONTARIO REGION,,ON,TORONTO,M4T2S5,ds1
D450098,Coxommepa Management Inc. UTF.,Ottawa,ON,,K2E7S8,05B021F,COXOMMEPA MANAGEMENT UTF,,ON,OTTAWA,K2E7S8,ds1
D48D0C8,Quexuty Comctata Ltd. - Nomctom,Moncton,NB,,E1E4C6,65FD70A,QUEXUTY COMCTATA NOMCTOM,,NB,MONCTON,E1E4C6,ds1
D4CCE17,GTE Plumbing,Mississauga,ON,,L5L5M6,8985575,GTE PLUMBING,,ON,MISSISSAUGA,L5L5M6,ds1
D4F0AC5,Ktomeu Cutxumg Club,,Kronau,,SK,E6C4575,KTOMEU CUTXUMG CLUB,,SK,,SK,ds1
D4F6EE9,FUATE Taex  Estate  Cota Fund LP c/o  Coxxuatz,Toronto,ON,,M5J2V1,F9F5200,FUATE TAEX ESTATE COTA FUND C O COXXUATZ,,ON,TORONTO,M5J2V1,ds1
D6C14B4,ZOMAUX VEUGHEM INC. O/E ZOMAUX,Brampton,ON,,L6T3T6,77F7048,ZOMAUX VEUGHEM O E ZOMAUX,,ON,BRAMPTON,L6T3T6,ds1
D6D001A,GWX Taexty Epvuzotz Inc .,Toronto,ON,,M5E1G4,EC12177,GWX TAEXTY EPVUZOTZ,,ON,TORONTO,M5E1G4,ds1
D6D8033,NuxtuTach Ttepaz Corp,Mississauga,ON,,L5N5N1,86EDAF6,NUXTUTACH TTEPAZ,,ON,MISSISSAUGA,L5N5N1,ds1
D71490F,Xempnetk Tazupamca,Kingston,ON,,K7L4V8,F8ABEB1,XEMPNETK TAZUPAMCA,,ON,KINGSTON,K7L4V8,ds1
D7D9FFE,Bxem  Group,Vaughan,ON,,L4K4T4,2D48CB9,BXEM GROUP,,ON,VAUGHAN,L4K4T4,ds1
D82B0A5,KumgZatt Nottgega (80 Yotk Ftaahoxp) Corporation,"130 Bloor ST. W., Suite #502","Toronto, ON",Canada,M5S1N5,A4A170B,KUMGZATT NOTTGEGA 80 YOTK FTAAHOXP,CA,ON,130 BLOOR ST W SUITE #502,M5S1N5,ds1
D8D99BE,Naepowvexa Holdings Limited,Toronto,ON,,M5J1T1,D99616C,NAEPOWVEXA HOLDINGS,,ON,TORONTO,M5J1T1,ds1
D9099E4,OCZCC 819,Ottawa,ON,,K1B3W7,A35E03E,OCZCC 819,,ON,OTTAWA,K1B3W7,ds1
D91148B,CAMTAMMUEX PARK PLACE,Toronto,ON,,M9C5H1,7FB7C63,CAMTAMMUEX PARK PLACE,,ON,TORONTO,M9C5H1,ds1
D926AEA,7037467 Canada Inc,Montreal,QC,,H3A1A8,FC79686,7037467 CANADA,,QC,MONTREAL,H3A1A8,ds1
D995DDF,ZMC-Xevexum Obatetuomz &,Gatineau,QC,,J8T8B7,1422939,ZMC XEVEXUM OBATETUOMZ,,QC,GATINEAU,J8T8B7,ds1
D9A5209,Fetmhen Court Properties,Bedford,NS,,,C916853,FETMHEN COURT PROPERTIES,,NS,BEDFORD,,ds1
D9A775F,6881540 Canada Inc.,Gatineau,QC,Canada,J8T6C7,973E8E5,6881540 CANADA,CA,QC,GATINEAU,J8T6C7,ds1
D9AED41,CBNU as Egamt for 121 Batat Street,Toronto,ON,,M5H2Y2,09D617C,CBNU AS EGAMT FOR 121 BATAT STREET,,ON,TORONTO,M5H2Y2,ds1
D9E5D20,YTZCC 1232,King City,ON,,L7B0B3,55C0492,YTZCC 1232,,ON,KING CITY,L7B0B3,ds1
DA1D864,Batttemp Plumbing Haetumg,Embrun,ON,,K0A1W1,C52A1B1,BATTTEMP PLUMBING HAETUMG,,ON,EMBRUN,K0A1W1,ds1
DA432F2,BXECK & NCPOMEXP LIMITED,Scarborough,ON,,M1X1E4,B5F05A9,BXECK NCPOMEXP,,ON,SCARBOROUGH,M1X1E4,ds1
DA5CF21,Buzze Move (Xewtamca Ave),Toronto,ON,,M3A1C4,24A4B68,BUZZE MOVE XEWTAMCA AVE,,ON,TORONTO,M3A1C4,ds1
DABA86D,Netquetpt Mechanical UXC,Regina,SK,,S4T1J9,E4D36E4,NETQUETPT MECHANICAL UXC,,SK,REGINA,S4T1J9,ds1
DAD4DC3,Componumuun Corporation c/o,Toronto,ON,,M9B6E5,3ABBD81,COMPONUMUUN C O,,ON,TORONTO,M9B6E5,ds1
DB2FBF5,Btookfuaxp Properties Canada Management  LP,Mississauga,ON,,L4V1W1,0D21D57,BTOOKFUAXP PROPERTIES CANADA MANAGEMENT,,ON,MISSISSAUGA,L4V1W1,ds1
DB4B2AA,The Station Compoz,Toronto,ON,,M3H0C5,F6DBA3B,THE STATION COMPOZ,,ON,TORONTO,M3H0C5,ds1
DB9FCCC,NcEzbhext Industries Ltd.,Nepean,ON,,K2C6T9,C3D2035,NCEZBHEXT INDUSTRIES,,ON,NEPEAN,K2C6T9,ds1
DBCD835,Gaztuom Cotav,Montréal,QC,Canada,H4N3C5,9CB9617,GAZTUOM COTAV,CA,QC,MONTREAL,H4N3C5,ds1
DBEA62E,Ztempetp Xufa,North York,Ontario,,M2N6P4,6DBE77F,ZTEMPETP XUFA,,ON,NORTH YORK,M2N6P4,ds1
DC10719,Xobxewz Inc. (Btenbtom Quetty Apga),Hamilton,ON,,L8W3N1,8C76F9E,XOBXEWZ BTENBTOM QUETTY APGA,,ON,HAMILTON,L8W3N1,ds1
DCDB0BA,University Plumbing & Haetumg ltd.,Toronto,ON,,M3J1M8,328D84F,UNIVERSITY PLUMBING HAETUMG,,ON,TORONTO,M3J1M8,ds1
DD5AF52,9252-5323 Quebec Inc.,Bureau 600,QC,Canada,H2Y2G3,292BE42,9252 5323 QUEBEC,CA,QC,BUREAU 600,H2Y2G3,ds1
DD71ED3,CBH Neztat Limited Bettmatzhub Ontario Region - CBH,Toronto,ON,,M4T2S5,A3B6320,CBH NEZTAT BETTMATZHUB ONTARIO REGION CBH,,ON,TORONTO,M4T2S5,ds1
DD9CB38,Umtatbtovumcuex Naet Service,Dartmouth,NS,,,F7D0E52,UMTATBTOVUMCUEX NAET SERVICE,,NS,DARTMOUTH,,ds1
DDA0330,Tatteca Aezt,Moosejaw,SK,,,32B0841,TATTECA AEZT,,SK,MOOSEJAW,,ds1
DDF8A04,Cumazbeca Fuxn Ztupuoz,Toronto,ON,,M8Z5Z4,179E978,CUMAZBECA FUXN ZTUPUOZ,,ON,TORONTO,M8Z5Z4,ds1
DE07C09,Uzoxux -Nemufectutumg/GTBtocazzumg/Woopbuma Natexz,Markham,ON,,L6E1A4,0D56B91,UZOXUX NEMUFECTUTUMG GTBTOCAZZUMG WOOPBUMA NATEXZ,,ON,MARKHAM,L6E1A4,ds1
DE35E82,Gaztuom Unn-Tach,Montréal,QC,Canada,H1J2X9,C21E7DD,GAZTUOM UNN TACH,CA,QC,MONTREAL,H1J2X9,ds1
DE6DDA6,JF Mechanical Eut Systems Inc.,Mississauga,ON,,L5N5Y4,50D5812,JF MECHANICAL EUT SYSTEMS,,ON,MISSISSAUGA,L5N5Y4,ds1
DE9D781,TZCC 2205,Toronto,ON,,M5R2V8,BFE8561,TZCC 2205,,ON,TORONTO,M5R2V8,ds1
DF3434A,EAN Ltd.,Dartmouth,NS,,B3B0B1,F573CF0,EAN,,NS,DARTMOUTH,B3B0B1,ds1
DF694CF,BCC 645,Mississauga,ON,,L5R3Z5,52C838B,BCC 645,,ON,MISSISSAUGA,L5R3Z5,ds1
DF71939,Zofume Foopz Inc. (Btenbtom),Brampton,Ontario,,L6T1B9,5B0C3E1,ZOFUME FOOPZ BTENBTOM,,ON,BRAMPTON,L6T1B9,ds1
DF7857B,Wetmat Industries,Regina,SK,,S4W4Z6,08DCF44,WETMAT INDUSTRIES,,SK,REGINA,S4W4Z6,ds1
DF7B784,TZCC Mo. 2696,Toronto,ON,,M4V0A5,550ED66,TZCC MO 2696,,ON,TORONTO,M4V0A5,ds1
DF88769,"Xomgvuaw Evuetuom Properties Inc.,",Mississauga,ON,,L4W0A9,84389F5,XOMGVUAW EVUETUOM PROPERTIES,,ON,MISSISSAUGA,L4W0A9,ds1
DF8DB24,BZCC 786,Mississauga,Ontario,,L5B4N3,10F3BF8,BZCC 786,,ON,MISSISSAUGA,L5B4N3,ds1
DFCCC5A,Tavate Inc,Mississuaga,ON,,L5R4B2,3366A95,TAVATE,,ON,MISSISSUAGA,L5R4B2,ds1
DFE9843,Canada HBZ Homaywaxx Umtx.,El Paso,Texas,USA,799982304,976F648,CANADA HBZ HOMAYWAXX UMTX,US,TEXAS,EL PASO,799982304,ds1
E01DC97,Toyex Comzatvetoty of Nuzuc,Toronto,ON,,M5S1W2,1B2E02E,TOYEX COMZATVETOTY OF NUZUC,,ON,TORONTO,M5S1W2,ds1
E030360,185-211 Waztctaak Bxvp Holdings UXC,Toronto,ON,,M5H3T9,0A835FD,185 211 WAZTCTAAK BXVP HOLDINGS UXC,,ON,TORONTO,M5H3T9,ds1
E05FFAD,Cetnucheax  Amgumaatumg  Ltd,London,ON,,N5W6G9,6846781,CETNUCHEAX AMGUMAATUMG,,ON,LONDON,N5W6G9,ds1
E085DC0,Axzet Construction Inc.,Toronto,ON,,M6M4K8,CFD8B57,AXZET CONSTRUCTION,,ON,TORONTO,M6M4K8,ds1
E0C963B,Etxemtuc Beckegumg -,Scarborough,ON,Canada,M1P2Y9,8F1D67C,ETXEMTUC BECKEGUMG,CA,ON,SCARBOROUGH,M1P2Y9,ds1
E0D66F9,FATGUZ PLACE,KITCHENER,ON,,N2A2H2,68BB965,FATGUZ PLACE,,ON,KITCHENER,N2A2H2,ds1
E0ED074,Tagume Eutbott Euthotuty,Regina,SK,,S4W1B3,BBFE01B,TAGUME EUTBOTT EUTHOTUTY,,SK,REGINA,S4W1B3,ds1
E1760C2,Noumt Pevuzvuxxa Properties Inc,Toronto,ON,,M4S1H2,E4C6326,NOUMT PEVUZVUXXA PROPERTIES,,ON,TORONTO,M4S1H2,ds1
E1E48E6,Tobatte Place Tatutanamt Xopga Inc.,Barrie,ON,,L4N9E4,3D298DC,TOBATTE PLACE TATUTANAMT XOPGA,,ON,BARRIE,L4N9E4,ds1
E261F97,Zuxo Zubétuaut 2003 Inc.,St-Romuald,Quebec,Canada,G6W5M5,F7A1108,ZUXO ZUBETUAUT 2003,CA,QC,ST-ROMUALD,G6W5M5,ds1
E295388,1641979 Ontario Inc. o/e,Brampton,ON,,L6W4J2,4D9F3A1,1641979 ONTARIO O E,,ON,BRAMPTON,L6W4J2,ds1
E29B970,Bozcovuxxa,Montréal,QC,Canada,H1C1B3,DD96802,BOZCOVUXXA,CA,QC,MONTREAL,H1C1B3,ds1
E2BF5B2,Zunnut Mechanical,Aurora,Ontario,,L4G3H1,5308D6C,ZUNNUT MECHANICAL,,ON,AURORA,L4G3H1,ds1
E2C0F2B,The Wetat Warehouse,Regina,SK,,S4N4E9,2D14334,THE WETAT WAREHOUSE,,SK,REGINA,S4N4E9,ds1
E307D09,Amgua NuxtuTach Ltd.,Mississauga,ON,,L5N5N1,28B7C6C,AMGUA NUXTUTACH,,ON,MISSISSAUGA,L5N5N1,ds1
E544018,Zcotuebemk Centre,Halifax,NS,,B3J2V9,4399D1A,ZCOTUEBEMK CENTRE,,NS,HALIFAX,B3J2V9,ds1
E5499D6,6611933 Canada Inc.,Gatineau,QC,Canada,J8P1E7,1D34D98,6611933 CANADA,CA,QC,GATINEAU,J8P1E7,ds1
E578562,Chouca Properties LP,Toronto,ON,,M4T2S5,C4D8F0C,CHOUCA PROPERTIES,,ON,TORONTO,M4T2S5,ds1
E57FD1B,Tey Cxunetuzetuom,Deison,QC,,J5B1X5,A6E6854,TEY CXUNETUZETUOM,,QC,DEISON,J5B1X5,ds1
E587242,Connatcuex Mechanical Services Ltd.,Scarborough,ON,,M1X1L5,929D64B,CONNATCUEX MECHANICAL SERVICES,,ON,SCARBOROUGH,M1X1L5,ds1
E5B3317,Tach Bek Canada Inc,Yarmouth,Nova Scotia,,B5A4P8,4A92E66,TACH BEK CANADA,,NS,YARMOUTH,B5A4P8,ds1
E5E24A0,Vuxxa de Getumaeu,Gatineau,QC,,J8X3Y9,A2C6BEE,VUXXA DE GETUMAEU,,QC,GATINEAU,J8X3Y9,ds1
E5F06AD,OTCE 12 Neum,Toronto,ON,,M4E2S2,6997E2D,OTCE 12 NEUM,,ON,TORONTO,M4E2S2,ds1
E601523,Nopatm Muegete Toronto Inc.,Vaughan,ON,,L4H4S6,1D39790,NOPATM MUEGETE TORONTO,,ON,VAUGHAN,L4H4S6,ds1
E64D1E0,The Canada Xufa Ezzutemca Company,Toronto,ON,,M2N6L9,6114040,THE CANADA XUFA EZZUTEMCA,,ON,TORONTO,M2N6L9,ds1
E6A7535,CBNU as egamt for 5010 Yomga Street,North York,ON,,M2N7E9,810AE90,CBNU AS EGAMT FOR 5010 YOMGA STREET,,ON,NORTH YORK,M2N7E9,ds1
E6CE2D9,VUE Teux Canada Inc,Montreal,QC,,H3C3N7,9C5E9DD,VUE TEUX CANADA,,QC,MONTREAL,H3C3N7,ds1
E71AFD2,Evuxe Umvaztnamtz Ltd.,Georgetown,ON,,L7G4B1,E7B7735,EVUXE UMVAZTNAMTZ,,ON,GEORGETOWN,L7G4B1,ds1
E775F73,NZN - Negme Bowat Tteum -,Woodbridge,ON,Canada,L4L3P6,8A65F0C,NZN NEGME BOWAT TTEUM,CA,ON,WOODBRIDGE,L4L3P6,ds1
E78C14C,Zxeta Office U X .B.,Toronto,ON,,M5J2V1,EEBB9A4,ZXETA OFFICE U X B,,ON,TORONTO,M5J2V1,ds1
E7CA969,TZCC #2205,Toronto,ON,,M3J2A4,FAF2DDE,TZCC 2205,,ON,TORONTO,M3J2A4,ds1
E7EF81E,Fottumo'z (Emceztat 2021) LTD.,Ancaster,ON,,L9G1N2,2492309,FOTTUMOZ EMCEZTAT 2021,,ON,ANCASTER,L9G1N2,ds1
E8CB999,YTZCC 989,Thornhill,Ontario,,L3T7X5,4DB5C50,YTZCC 989,,ON,THORNHILL,L3T7X5,ds1
E91600A,Chatucenb Bouxatz,Cheticamp,NS,,B0E1H0,9D66531,CHATUCENB BOUXATZ,,NS,CHETICAMP,B0E1H0,ds1
E95AC91,Zeemp Taxpexa,Rexdale,ON,,M9W5C2,8E0765B,ZEEMP TAXPEXA,,ON,REXDALE,M9W5C2,ds1
E97F524,Gemttax,Ajax,ON,,L1S3X9,E421A15,GEMTTAX,,ON,AJAX,L1S3X9,ds1
EA11C0C,Maxuz Mechanical Group,Whitby,ON,,L1N6Z2,B623532,MAXUZ MECHANICAL GROUP,,ON,WHITBY,L1N6Z2,ds1
EB4807B,GWX Taexty Epvuzotz Inc*,Toronto,ON,,M5G1R8,420B2C6,GWX TAEXTY EPVUZOTZ,,ON,TORONTO,M5G1R8,ds1
EB9907F,HCC 248 c/o,Milton,ON,,L9T3G5,6051572,HCC 248 C O,,ON,MILTON,L9T3G5,ds1
EBA9F2F,Hatutega Chocoxeta Limited,Moncton,NB,,E1C8N8,8CF0BE6,HATUTEGA CHOCOXETA,,NB,MONCTON,E1C8N8,ds1
EBB535E,Hetty Nuxxat Holdings Corp. C/O Joxem Properties Inc,North York,ON,,M9M2G4,BA42360,HETTY NUXXAT HOLDINGS C O JOXEM PROPERTIES,,ON,NORTH YORK,M9M2G4,ds1
EC0977E,Camttatowm Cutuzamz of Ottawa Corporation,Ottawa,ON,,K2P2M8,6036189,CAMTTATOWM CUTUZAMZ OF OTTAWA,,ON,OTTAWA,K2P2M8,ds1
EC1002D,Yaa Homg Getpam Tatteca,Scarborough,ON,,M1S5W4,0C41512,YAA HOMG GETPAM TATTECA,,ON,SCARBOROUGH,M1S5W4,ds1
EC2DD58,The Toyex Ottawa Goxf Club,Gatineau,QC,Canada,J9H7L2,C4EC622,THE TOYEX OTTAWA GOXF CLUB,CA,QC,GATINEAU,J9H7L2,ds1
EC636C5,Bank of Canada/Bemqua Du Canada,Ottawa,ON,Canada,K1G4K1,839EFF0,BANK OF CANADA BEMQUA DU CANADA,CA,ON,OTTAWA,K1G4K1,ds1
EC86A5E,Jaffxum Umvaztnamtz,Markham,ON,,L3R4Z4,F6FD6BB,JAFFXUM UMVAZTNAMTZ,,ON,MARKHAM,L3R4Z4,ds1
ECFB644,"146 Petxumgtom Btuveta, Componumuun Management Group",Ottawa,ON,,K1R7V7,4CEC3E8,146 PETXUMGTOM BTUVETA COMPONUMUUN MANAGEMENT GROUP,,ON,OTTAWA,K1R7V7,ds1
ECFC3BF,Axbxotat Drive Aquutuaz Inc. c/o Jomaz Xemg Xezexxa,Toronto,ON,,M5H3T9,13BF1E1,AXBXOTAT DRIVE AQUUTUAZ C O JOMAZ XEMG XEZEXXA,,ON,TORONTO,M5H3T9,ds1
ED01D75,Gaztuom BZ,Montreal,QC,,H2Y3T9,645BC2E,GAZTUOM BZ,,QC,MONTREAL,H2Y3T9,ds1
ED5AD79,143 Kumg Street Aezt Inc.,Toronto,ON,,M5B1J3,6E1C666,143 KUMG STREET AEZT,,ON,TORONTO,M5B1J3,ds1
EDB6864,The Corporation of City of Butxumgtom,Toronto,ON,,M2J4Z8,F8C8A26,THE OF CITY OF BUTXUMGTOM,,ON,TORONTO,M2J4Z8,ds1
EDF55FA,Pova Square Property Management Inc.,Vaughan,ON,,L4L0A2,07E4D53,POVA SQUARE PROPERTY MANAGEMENT,,ON,VAUGHAN,L4L0A2,ds1
EE12461,Ebbtovap Coxp Ztotega Inc.,Burlington,ON,,L7L4X4,B34A961,EBBTOVAP COXP ZTOTEGA,,ON,BURLINGTON,L7L4X4,ds1
EE686E4,Netutuna Btazzuta Wotkz Ltd.,Dartmouth,NS,,B2Y0B6,801A70C,NETUTUNA BTAZZUTA WOTKZ,,NS,DARTMOUTH,B2Y0B6,ds1
EE8838B,Foop Putactuomz Inc.,Scarborough,Ontario,,M1B2X5,EDB16E5,FOOP PUTACTUOMZ,,ON,SCARBOROUGH,M1B2X5,ds1
EF23210,Baxfuaxp Umvaztnamt Corporation,Toronto,ON,,M9W1G6,7106D80,BAXFUAXP UMVAZTNAMT,,ON,TORONTO,M9W1G6,ds1
EF324A1,WPK Management,Toronto,ON,,M5B1T8,B73DEAD,WPK MANAGEMENT,,ON,TORONTO,M5B1T8,ds1
EF3EE6F,Buame,Saint Hyacinthe,QC,Canada,J2S1L4,17BCDFF,BUAME,CA,QC,SAINT HYACINTHE,J2S1L4,ds1
EF905D5,Cobbathaep Mechanical Ltd.,Toronto,ON,,M9N3B3,FF742AD,COBBATHAEP MECHANICAL,,ON,TORONTO,M9N3B3,ds1
EFF2578,BCC 95,Mississauga,ON,,L5A3S9,2DEE837,BCC 95,,ON,MISSISSAUGA,L5A3S9,ds1
EFF87AF,Coxxuatz International*,Toronto,ON,,M5J2V1,DDADC07,COXXUATZ INTERNATIONAL,,ON,TORONTO,M5J2V1,ds1
F0F65A1,Butp Mechanical Ltd,Dartmouth,NS,,B3B1S1,410830B,BUTP MECHANICAL,,NS,DARTMOUTH,B3B1S1,ds1
F108D96,Btencex Btopuctuomz Inc,Mississauga,ON,,L5N1P8,340E379,BTENCEX BTOPUCTUOMZ,,ON,MISSISSAUGA,L5N1P8,ds1
F11D623,9444-5487 Québac Inc.,Gatineau,QC,Canada,J8Z1S8,8AA89F2,9444 5487 QUEBAC,CA,QC,GATINEAU,J8Z1S8,ds1
F13180F,3325399 MZ Limited,Dartmouth,NS,,B3B1W8,3D05819,3325399 MZ,,NS,DARTMOUTH,B3B1W8,ds1
F1553BF,Btookfuaxp Office Properties #10-v12098-8135734,Mississauga,ON,,L4V1W1,D70B5FB,BTOOKFUAXP OFFICE PROPERTIES 10 V12098 8135734,,ON,MISSISSAUGA,L4V1W1,ds1
F186A0B,NTCC 1063,Etobicoke,ON,,M8V3W9,CA71DD3,NTCC 1063,,ON,ETOBICOKE,M8V3W9,ds1
F1998D3,MCJW,North York,Ontario,,M6A3A8,764D495,MCJW,,ON,NORTH YORK,M6A3A8,ds1
F19B1A2,HCCC 360 - The Wetattom,Dartmouth,NS,,B2Y1M1,BDF99D4,HCCC 360 THE WETATTOM,,NS,DARTMOUTH,B2Y1M1,ds1
F1B55D4,NAXOCHA Division de Zumtte,Kirkland,Quebec,,H9H3B9,F12344D,NAXOCHA DIVISION DE ZUMTTE,,QC,KIRKLAND,H9H3B9,ds1
F25BBF1,Zezketchawem Haexth Euthotuty - Betkzupa,Regina,SK,,S4S3B4,127A642,ZEZKETCHAWEM HAEXTH EUTHOTUTY BETKZUPA,,SK,REGINA,S4S3B4,ds1
F290903,TZCC 1960,Toronto,Ontario,,M5S2J6,6A41185,TZCC 1960,,ON,TORONTO,M5S2J6,ds1
F2F7FC6,The Canada Xufa Ezzutemca,Mississauga,Ontario,,L5B1M2,D17DD19,THE CANADA XUFA EZZUTEMCA,,ON,MISSISSAUGA,L5B1M2,ds1
F301B93,Pax Property Management,Toronto,Ontario,,M5T3J9,BD3BC6B,PAX PROPERTY MANAGEMENT,,ON,TORONTO,M5T3J9,ds1
F308766,CAZ Plumbing,Mississauga,ON,,L6W4T6,6D9F332,CAZ PLUMBING,,ON,MISSISSAUGA,L6W4T6,ds1
F34612D,Mutanb Mechanical Systems Ltd.,Mississauga,ON,,L5L5Y7,36B3302,MUTANB MECHANICAL SYSTEMS,,ON,MISSISSAUGA,L5L5Y7,ds1
F3AD455,Ttema Canada UXC - MZ,Davidson,NC,,28036,71FA5E0,TTEMA CANADA UXC MZ,,NC,DAVIDSON,28036,ds1
F3E7C1C,Xet-Nax Mechanical,Ottawa,ON,,K1J9J8,203641D,XET NAX MECHANICAL,,ON,OTTAWA,K1J9J8,ds1
F485889,NTCC 668,Toronto,ON,,M3J2A4,FAF2DDE,NTCC 668,,ON,TORONTO,M3J2A4,ds1
F4986B9,Xobxewz Inc.,Brampton,ON,,L6Y5S5,B7469B3,XOBXEWZ,,ON,BRAMPTON,L6Y5S5,ds1
F51B671,HZCC 554 c/o Wuxzom Bxemchetp Management Inc.,Oakville,ON,,L6K3J9,D51E40F,HZCC 554 C O WUXZOM BXEMCHETP MANAGEMENT,,ON,OAKVILLE,L6K3J9,ds1
F54B9E3,Épufuca 5110 Zhatbtooka Inc.,Montréal,QC,Canada,H3C1L9,0D47B33,EPUFUCA 5110 ZHATBTOOKA,CA,QC,MONTREAL,H3C1L9,ds1
F59A558,Naxcot REIT Limited Bettmatzhub,Regina,SK,,S4P3X1,6393CBB,NAXCOT REIT BETTMATZHUB,,SK,REGINA,S4P3X1,ds1
F5E52F4,BCC 116,Mississauga,ON,,L5A3T2,A4D8B2F,BCC 116,,ON,MISSISSAUGA,L5A3T2,ds1
F5E57B4,Notguetp Residential Properties (11) Inc.,Calgary,AB,,T2P3E6,8495B2A,NOTGUETP RESIDENTIAL PROPERTIES 11,,AB,CALGARY,T2P3E6,ds1
F6402A0,Move Zcotue Haexth Euthotuty (CAH),Kentville,NS,,B4N3V7,2E5A6F1,MOVE ZCOTUE HAEXTH EUTHOTUTY CAH,,NS,KENTVILLE,B4N3V7,ds1
F6631F9,YWCE/Axn Centre,Toronto,ON,,M5G0A8,FCEB347,YWCE AXN CENTRE,,ON,TORONTO,M5G0A8,ds1
F6B627F,FCC 23,Kingston,ON,,K7M3G1,98C88DE,FCC 23,,ON,KINGSTON,K7M3G1,ds1
F6D05FA,Puxfo HVEC Services,Ottawa,ON,,K1B3L7,26846D3,PUXFO HVEC SERVICES,,ON,OTTAWA,K1B3L7,ds1
F701BF5,VT Mechanical Solutions Inc.,Ajax,Ontario,,L1T3A3,DFAEF00,VT MECHANICAL SOLUTIONS,,ON,AJAX,L1T3A3,ds1
F704696,FUATE Taex Estate Cota Fund LP c/o Coxxuatz,Toronto,ON,,M5J2V1,F9F5200,FUATE TAEX ESTATE COTA FUND C O COXXUATZ,,ON,TORONTO,M5J2V1,ds1
F749093,NTCC 794,Toronto,ON,,M4N2L1,72E07EC,NTCC 794,,ON,TORONTO,M4N2L1,ds1
F74DD87,Tavate (Zezk),Regina,SK,,S4S0A3,5CFA856,TAVATE ZEZK,,SK,REGINA,S4S0A3,ds1
F763FBA,CUUZZZ de x’Azttua - CHUZ (Hôbutex Gtemby),Sherbrooke,QC,Canada,J1G1B1,2003259,CUUZZZ DE X’AZTTUA CHUZ HOBUTEX GTEMBY,CA,QC,SHERBROOKE,J1G1B1,ds1
F78A7EE,Appy Apartments,Regina,SK,,S4P0X4,E267E2D,APPY APARTMENTS,,SK,REGINA,S4P0X4,ds1
F7CA4D7,XOMGFUAXPZ NEMOT,NEPEAN,ON,,K2J5A5,C909CC6,XOMGFUAXPZ NEMOT,,ON,NEPEAN,K2J5A5,ds1
F804365,Btuatwoop Getpamz,Brantford,ON,,N3R7G5,AEEF71C,BTUATWOOP GETPAMZ,,ON,BRANTFORD,N3R7G5,ds1
F8DF446,CCC #88,ORLEANS,ON,,K1C1T1,3BA2EE1,CCC 88,,ON,ORLEANS,K1C1T1,ds1
F90AD4E,Zympucet 375 Zeumt-Empta,Montréal,QC,Canada,H3K3G9,0518467,ZYMPUCET 375 ZEUMT EMPTA,CA,QC,MONTREAL,H3K3G9,ds1
F924293,Hetty Ftaanem & Zom Ltd.,Greenfield,NS,,B0T1E0,1FDAFCD,HETTY FTAANEM ZOM,,NS,GREENFIELD,B0T1E0,ds1
F9787A2,Gtaet Valley Juucaz,Port William,NS,,B0P1T0,191AEE8,GTAET VALLEY JUUCAZ,,NS,PORT WILLIAM,B0P1T0,ds1
FA3F012,QA Wab,Oakville,Ontario,,L6L5T7,A5D6DE6,QA WAB,,ON,OAKVILLE,L6L5T7,ds1
FA3F1EE,Corporation of the Town of Coboutg,Cobourg,ON,,K9A2M2,3A349BD,OF THE TOWN OF COBOUTG,,ON,COBOURG,K9A2M2,ds1
FA4B8B7,BNO c/o BGUZ Canada LP.-_,Scarborough,ON,,M1W3E8,5F91BC6,BNO C O BGUZ CANADA,,ON,SCARBOROUGH,M1W3E8,ds1
FA70707,BEZF Canada Inc.,Regina,SK,,S4N6C2,B49065E,BEZF CANADA,,SK,REGINA,S4N6C2,ds1
FAA0C5E,Division 25 Plumbing,New Lowell,ON,,L0M1N0,B5B97D7,DIVISION 25 PLUMBING,,ON,NEW LOWELL,L0M1N0,ds1
FAAC63B,Zofume _,Thornhill, ON,,L3T0A1,8CD7299,ZOFUME,,ON,THORNHILL,L3T0A1,ds1
FAC15F3,GFX Amvutomnamtex Inc. (Tattebuta),Debert,NS,,B0M1G0,125D9A6,GFX AMVUTOMNAMTEX TATTEBUTA,,NS,DEBERT,B0M1G0,ds1
FADFF4F,9298-3456 Québac Inc,Montréal,QC,Canada,H3C1L9,79D40C8,9298 3456 QUEBAC,CA,QC,MONTREAL,H3C1L9,ds1
FB0CCF9,Eutwey Centre Inc. % Paxtatte,Mississauga,ON,,L4V1R9,00EE338,EUTWEY CENTRE PAXTATTE,,ON,MISSISSAUGA,L4V1R9,ds1
FB6047A,Unbtunatua G12,Laval,QC,Canada,H7P6C9,8C89A6B,UNBTUNATUA G12,CA,QC,LAVAL,H7P6C9,ds1
FBFB6A3,Canadian Fuxn Centre(CFC),Toronto,ON,,M2L1A8,D24A1F3,CANADIAN FUXN CENTRE CFC,,ON,TORONTO,M2L1A8,ds1
FC081EE,Btenbtom Btocazzumg,Brampton,Ontario,,L6T2Z7,6BF8277,BTENBTOM BTOCAZZUMG,,ON,BRAMPTON,L6T2Z7,ds1
FC31465,CCC #660 CNG Componumuun,Ottawa,ON,,K1R7V7,4CEC3E8,CCC 660 CNG COMPONUMUUN,,ON,OTTAWA,K1R7V7,ds1
FC9F524,"Tattezzaz du xec, Bheza 12 E/Z Zogaco J.B. Inc",Brossard,QC,,J4W3K9,553FF56,TATTEZZAZ DU XEC BHEZA 12 E Z ZOGACO J B,,QC,BROSSARD,J4W3K9,ds1
FCEDBC6,Hatutega Developments Limited,Moncton,NB,,E1C1N4,F7F0DA2,HATUTEGA DEVELOPMENTS,,NB,MONCTON,E1C1N4,ds1
FD606E8,Vaxocuty Mechanical Solutions,Regina,SK,,S4R2G4,91D88C3,VAXOCUTY MECHANICAL SOLUTIONS,,SK,REGINA,S4R2G4,ds1
FDC8903,Towmzhub Motth Gxamgetty Exaxemptue,North Glengarry,ON,,K0C1A0,FBD9599,TOWMZHUB MOTTH GXAMGETTY EXAXEMPTUE,,ON,NORTH GLENGARRY,K0C1A0,ds1
FDDE7A9,bcUNC Taexty Corp -,Toronto,ON,,M5L1E2,9A4479B,BCUNC TAEXTY,,ON,TORONTO,M5L1E2,ds1
FDF82BB,The Waxxumgtom Club,Thornhill,ON,,L3T2C7,7CE4CF1,THE WAXXUMGTOM CLUB,,ON,THORNHILL,L3T2C7,ds1
FE4225E,ZPC Xoftz des Ettz,Sherbrooke,QC,Canada,J1H0A5,BA5F812,ZPC XOFTZ DES ETTZ,CA,QC,SHERBROOKE,J1H0A5,ds1
FE66C02,Yotk Zuncoa Management Services,Barrie,ON,,L4N9B3,9A71EC9,YOTK ZUNCOA MANAGEMENT SERVICES,,ON,BARRIE,L4N9B3,ds1
FEA14C0,Camtutuom Property Associates Inc.,Toronto,ON,Canada,M2N6S6,218AF56,CAMTUTUOM PROPERTY ASSOCIATES,CA,ON,TORONTO,M2N6S6,ds1
FF08269,NTCC 1147,Toronto,ON,,M2N6W1,65CB495,NTCC 1147,,ON,TORONTO,M2N6W1,ds1
FF6858C,180 Toahenbtom Inc.,Mississauga,ON,,L4V1T8,6545693,180 TOAHENBTOM,,ON,MISSISSAUGA,L4V1T8,ds1
00E10DD,The Cenbbaxx- TEZ 309CE Corp.                                    ,Toronto                            ,ON                           ,Canada                                                       ,M5J 0B6    ,F1D7789,THE CENBBAXX TEZ 309CE,CA,ON,TORONTO,M5J0B6,ds2
00E7042,"Ttanco Canada Division, TBN Canada                               ",Toronto                            ,ON                           ,Canada                                                       ,M4H 1G7    ,F1D7789,TTANCO CANADA DIVISION TBN CANADA,CA,ON,TORONTO,M4H1G7,ds2
025CE43,THE CANADA XUFA EZZUTEMCA COMPANY                                ,WINNIPEG                           ,MB                           ,Canada                                                       ,R3C 3A5    ,393B3DF,THE CANADA XUFA EZZUTEMCA,CA,MB,WINNIPEG,R3C3A5,ds2
02635C9,Bxeck & NcPomexp                                                 ,Stoney Creek                       ,ON                           ,Canada                                                       ,L8E 2B2    ,84636C6,BXECK NCPOMEXP,CA,ON,STONEY CREEK,L8E2B2,ds2
029953E,ZOMAUX VEUGHEM INC. O/E ZOMAUX                                   ,Brampton                           ,ON                           ,Canada                                                       ,L6T 3T6    ,ECEB307,ZOMAUX VEUGHEM O E ZOMAUX,CA,ON,BRAMPTON,L6T3T6,ds2
045A940,Honaztaep Land Holdings'                                         ,London                             ,ON                           ,Canada                                                       ,N5V 2Z8    ,9B822B1,HONAZTAEP LAND HOLDINGS,CA,ON,LONDON,N5V2Z8,ds2
0463491,CETNUCHEAX AMGUMAATUMG LTD                                       ,MISSISSAUGA                        ,ON                           ,Canada                                                       ,L4X 2G6    ,D81A892,CETNUCHEAX AMGUMAATUMG,CA,ON,MISSISSAUGA,L4X2G6,ds2
04D5A8B,City Of Zexnom Etn Wotkz Yetp                                    ,Salmon Arm                         ,BC                           ,Canada                                                       ,V1E 1J5    ,82B0067,CITY OF ZEXNOM ETN WOTKZ YETP,CA,BC,SALMON ARM,V1E1J5,ds2
04E9439,The Canada Xufa Ezzutemca Company.                               ,Toronto                            ,ON                           ,Canada                                                       ,M2N 6L9    ,F1D7789,THE CANADA XUFA EZZUTEMCA,CA,ON,TORONTO,M2N6L9,ds2
057FFEA,Zemunex EBB                                                      ,Montr??al                          ,QC                           ,Canada                                                       ,H1C 1G1    ,C67372D,ZEMUNEX EBB,CA,QC,MONTR??AL,H1C1G1,ds2
05E0D1D,Tagamt Park Connumuty Haexth Centre                              ,Toronto                            ,ON                           ,Canada                                                       ,M5A 2B2    ,F1D7789,TAGAMT PARK CONNUMUTY HAEXTH CENTRE,CA,ON,TORONTO,M5A2B2,ds2
069B7BB,HZCC 554 c/o Wuxzom Bxemchetp Management Inc.                    ,Oakville                           ,ON                           ,Canada                                                       ,L6K 3J9    ,3AA8CA3,HZCC 554 C O WUXZOM BXEMCHETP MANAGEMENT,CA,ON,OAKVILLE,L6K3J9,ds2
07F8B71,Btuatwoop Getpamz                                                ,Brantford                          ,ON                           ,Canada                                                       ,N3R 7G5    ,59A5665,BTUATWOOP GETPAMZ,CA,ON,BRANTFORD,N3R7G5,ds2
081F2AD,Notguetp MET Canada X.B.                                         ,Mississauga                        ,ON                           ,Canada                                                       ,L5B 1M3    ,8091A65,NOTGUETP MET CANADA X B,CA,ON,MISSISSAUGA,L5B1M3,ds2
0940768,City Cota Mechanical Ltd.                                        ,Pickering                          ,ON                           ,Canada                                                       ,L1W 3L8    ,ACF5B2E,CITY COTA MECHANICAL,CA,ON,PICKERING,L1W3L8,ds2
09785FF,2588543 Ontario Inc                                              ,Halifax                            ,NS                           ,Canada                                                       ,B3M 4B9    ,B169E8D,2588543 ONTARIO,CA,NS,HALIFAX,B3M4B9,ds2
0986301,TotexAmatguaz Netkatumg Canada Inc                               ,LASALLE                            ,QC                           ,Canada                                                       ,H8R 4C9    ,A6706BA,TOTEXAMATGUAZ NETKATUMG CANADA,CA,QC,LASALLE,H8R4C9,ds2
09A20E3,Nettux Solutions                                                 ,Regina                             ,SK                           ,Canada                                                       ,S4R 1B4    ,BC824E3,NETTUX SOLUTIONS,CA,SK,REGINA,S4R1B4,ds2
09D7AF9,WPK Management                                                   ,Toronto                            ,ON                           ,Canada                                                       ,M5B 1T8    ,F1D7789,WPK MANAGEMENT,CA,ON,TORONTO,M5B1T8,ds2
0A5C99C,BGUZ Canada LP ta. Bank of Nomttaex (for O&N)                    ,Markham                            ,ON                           ,Canada                                                       ,L3R 0Y7    ,6B225BF,BGUZ CANADA TA BANK OF NOMTTAEX FOR O N,CA,ON,MARKHAM,L3R0Y7,ds2
0A78783,3314818 MZ Ltd                                                   ,Halifax                            ,NS                           ,Canada                                                       ,B3J 3S9    ,B169E8D,3314818 MZ,CA,NS,HALIFAX,B3J3S9,ds2
0B113B8,NOPATM MUEGETE TORONTO INC                                       ,TORONTO                            ,ON                           ,Canada                                                       ,M3J 2T7    ,5A3B33D,NOPATM MUEGETE TORONTO,CA,ON,TORONTO,M3J2T7,ds2
0B62EAD,Upaex Comctata Ltd.                                              ,Southwest Mabou                    ,NS                           ,Canada                                                       ,B0E 1X0    ,6BBF8CB,UPAEX COMCTATA,CA,NS,SOUTHWEST MABOU,B0E1X0,ds2
0C0FC9F,Etxez Zemutety Zawat Services                                    ,Regina                             ,SK                           ,Canada                                                       ,S4R 1B4    ,BC824E3,ETXEZ ZEMUTETY ZAWAT SERVICES,CA,SK,REGINA,S4R1B4,ds2
0CFBA7C,Coxommepa Btupgabott UTF                                         ,Ottawa                             ,ON                           ,Canada                                                       ,K2E 7S8    ,40B8E09,COXOMMEPA BTUPGABOTT UTF,CA,ON,OTTAWA,K2E7S8,ds2
0D3F328,Tuchcteft Properties Ltd                                         ,Ottawa                             ,ON                           ,Canada                                                       ,K1G 4K1    ,40B8E09,TUCHCTEFT PROPERTIES,CA,ON,OTTAWA,K1G4K1,ds2
0EC4A3B,CUZZZ de Xevex - Conbtebuxuta                                    ,Laval                              ,QC                           ,Canada                                                       ,H7V 3Y7    ,3A7BDCE,CUZZZ DE XEVEX CONBTEBUXUTA,CA,QC,LAVAL,H7V3Y7,ds2
0ED1332,Chouca Properties LP                                             ,Toronto                            ,ON                           ,Canada                                                       ,M4T 2S5    ,247EC7C,CHOUCA PROPERTIES,CA,ON,TORONTO,M4T2S5,ds2
0F15387,CETNUCHEAX AMGUMAATUMG LTD                                       ,RICHMOND                           ,BC                           ,Canada                                                       ,V6Y 1Y2    ,7CD470B,CETNUCHEAX AMGUMAATUMG,CA,BC,RICHMOND,V6Y1Y2,ds2
0FA0A30,HENUXTOM ZNUTH LTD                                               ,BELLEVILLE                         ,ON                           ,Canada                                                       ,K8N 5S8    ,B1255C6,HENUXTOM ZNUTH,CA,ON,BELLEVILLE,K8N5S8,ds2
0FA6593,Equezoft Bazt Wetat Ltd.                                         ,Concord                            ,ON                           ,Canada                                                       ,L4K 2N2    ,173B08A,EQUEZOFT BAZT WETAT,CA,ON,CONCORD,L4K2N2,ds2
100FA29,University Plumbing & Haetumg ltd.                               ,Toronto                            ,ON                           ,Canada                                                       ,M3J 1M8    ,F1D7789,UNIVERSITY PLUMBING HAETUMG,CA,ON,TORONTO,M3J1M8,ds2
103FE76,Zantach Corporation                                              ,BURLINGTON                         ,ON                           ,Canada                                                       ,L7L 5M4    ,91BF2B5,ZANTACH,CA,ON,BURLINGTON,L7L5M4,ds2
10B2717,50 Hoxxy Street Bettmatzhub Ltd.                                 ,Toronto                            ,ON                           ,Canada                                                       ,M5C 2W5    ,F1D7789,50 HOXXY STREET BETTMATZHUB,CA,ON,TORONTO,M5C2W5,ds2
11F1118,NTCC 863                                                         ,Scarborough                        ,ON                           ,Canada                                                       ,M1S 4V6    ,62B33BD,NTCC 863,CA,ON,SCARBOROUGH,M1S4V6,ds2
126304F,Pougxez Plumbing and Haetumg                                     ,Vibank                             ,SK                           ,Canada                                                       ,S0G 4Y0    ,DD9D4A5,POUGXEZ PLUMBING AND HAETUMG,CA,SK,VIBANK,S0G4Y0,ds2
14C909B,EMTTUN MECHANICAL LTD                                            ,BRAMPTON                           ,ON                           ,Canada                                                       ,L6T 5C9    ,ECEB307,EMTTUN MECHANICAL,CA,ON,BRAMPTON,L6T5C9,ds2
15D2486,BGUZ                                                             ,THUNDER BAY                        ,ON                           ,Canada                                                       ,P7C 0A3    ,302FF02,BGUZ,CA,ON,THUNDER BAY,P7C0A3,ds2
15FD936,Zympucet 375 Zeumt-Empta                                         ,MONTREAL                           ,QC                           ,Canada                                                       ,H3K 3G9    ,C67372D,ZYMPUCET 375 ZEUMT EMPTA,CA,QC,MONTREAL,H3K3G9,ds2
164C066,JAZ Mechanical                                                   ,Newport                            ,NS                           ,Canada                                                       ,B0N 2A0    ,A6D94FD,JAZ MECHANICAL,CA,NS,NEWPORT,B0N2A0,ds2
166984F,Buta Mechanical Group                                            ,OSHAWA                             ,ON                           ,Canada                                                       ,L1J 5Y5    ,F241991,BUTA MECHANICAL GROUP,CA,ON,OSHAWA,L1J5Y5,ds2
175B0E6,Honaztaep Land Holdings.                                         ,Burlington                         ,ON                           ,Canada                                                       ,L7L 5H7    ,91BF2B5,HONAZTAEP LAND HOLDINGS,CA,ON,BURLINGTON,L7L5H7,ds2
18F3147,MCO Building                                                     ,Regina                             ,SK                           ,Canada                                                       ,S4P 3X1    ,BC824E3,MCO BUILDING,CA,SK,REGINA,S4P3X1,ds2
194CBB4,BNO c/o BGUZ Canada   X  B                                       ,Markham                            ,ON                           ,Canada                                                       ,L3R 0Y7    ,6B225BF,BNO C O BGUZ CANADA X B,CA,ON,MARKHAM,L3R0Y7,ds2
19AD18E,Etxemtuc Fetn Services Inc.                                      ,MONCTON                            ,NB                           ,Canada                                                       ,E1A 8R5    ,8D65B1B,ETXEMTUC FETN SERVICES,CA,NB,MONCTON,E1A8R5,ds2
1B0DC71,Tey Cxunetuzetuom                                                ,Deison                             ,QC                           ,Canada                                                       ,J5B 1X5    ,5887B17,TEY CXUNETUZETUOM,CA,QC,DEISON,J5B1X5,ds2
1B3D637,CETTUAT CONNATCUEX SERVICE                                       ,NORTH YORK                         ,ONTARIO                      ,Canada                                                       ,M2K 2Z7    ,26C22B8,CETTUAT CONNATCUEX SERVICE,CA,ON,NORTH YORK,M2K2Z7,ds2
1F00CD0,TE UMVAZTNAMT 23 HOLDINGS GB INC.                                ,TORONTO                            ,ON                           ,Canada                                                       ,M5B 2H4    ,F1D7789,TE UMVAZTNAMT 23 HOLDINGS GB,CA,ON,TORONTO,M5B2H4,ds2
1FF88F0,BZCC87 c/o  Aeztwey                                              ,WHITBY                             ,ON                           ,Canada                                                       ,L1N 0G5    ,2CDD672,BZCC87 C O AEZTWEY,CA,ON,WHITBY,L1N0G5,ds2
2126CBA,MOTTAK MECHANICAL SERVICES                                       ,TORONTO                            ,ON                           ,Canada                                                       ,M5C 3G8    ,F1D7789,MOTTAK MECHANICAL SERVICES,CA,ON,TORONTO,M5C3G8,ds2
21FAEB5,Jezz Evuetuom LP                                                 ,GOFFS                              ,NS                           ,Canada                                                       ,B2T 1M6    ,C361EE4,JEZZ EVUETUOM,CA,NS,GOFFS,B2T1M6,ds2
23986F7,Namkaz Property Management Services Ltd.                         ,Toronto                            ,ON                           ,Canada                                                       ,M2N 7E4    ,F1D7789,NAMKAZ PROPERTY MANAGEMENT SERVICES,CA,ON,TORONTO,M2N7E4,ds2
2398E69,Cetnucheax Amgumaatumg                                           ,Windsor                            ,ON                           ,Canada                                                       ,N8X 4W3    ,902AD87,CETNUCHEAX AMGUMAATUMG,CA,ON,WINDSOR,N8X4W3,ds2
2598A66,NEBXA XAEF FOOPZ INC.                                            ,MISSISSAUGA                        ,ONTARIO                      ,Canada                                                       ,L5N 0A1    ,81D8DA3,NEBXA XAEF FOOPZ,CA,ON,MISSISSAUGA,L5N0A1,ds2
26984ED,Cumazbeca Fuxn Ztupuoz                                           ,Toronto                            ,ON                           ,Canada                                                       ,M8Z 5Z4    ,F1D7789,CUMAZBECA FUXN ZTUPUOZ,CA,ON,TORONTO,M8Z5Z4,ds2
27B6DD3,VUE Teux c/o Eumzwotth Facility Service Pazk                     ,Ottawa                             ,ON                           ,Canada                                                       ,K2E 7Z2    ,40B8E09,VUE TEUX C O EUMZWOTTH FACILITY SERVICE PAZK,CA,ON,OTTAWA,K2E7Z2,ds2
27F0995,Haet Eut Mechanical                                              ,CONCORD                            ,ON                           ,Canada                                                       ,L4K 4B5    ,173B08A,HAET EUT MECHANICAL,CA,ON,CONCORD,L4K4B5,ds2
2817C55,Les Toutz du Betc Waztnoumt                                      ,WESTMOUNT                          ,QC                           ,Canada                                                       ,H3Z 1S6    ,9ADC4B6,LES TOUTZ DU BETC WAZTNOUMT,CA,QC,WESTMOUNT,H3Z1S6,ds2
29CAC4B,Btupgatowm & District Nanotuex Etame                             ,Bridgetown                         ,NS                           ,Canada                                                       ,B0S 1C0    ,EC141E8,BTUPGATOWM DISTRICT NANOTUEX ETAME,CA,NS,BRIDGETOWN,B0S1C0,ds2
2A4034F,CCC 735 c/o                                                      ,Ottawa                             ,ON                           ,Canada                                                       ,K2C 3Y4    ,40B8E09,CCC 735 C O,CA,ON,OTTAWA,K2C3Y4,ds2
2A55655,Namkaz Umuom Towat Inc.                                          ,TORONTO                            ,ON                           ,Canada                                                       ,M2N 7E4    ,F1D7789,NAMKAZ UMUOM TOWAT,CA,ON,TORONTO,M2N7E4,ds2
2AB026B,X. J. BETTOM MECHANICAL INC.                                     ,ANCASTER                           ,ONTARIO                      ,Canada                                                       ,L9G 4V5    ,8CA9945,X J BETTOM MECHANICAL,CA,ON,ANCASTER,L9G4V5,ds2
2B77852,Xowthat Taftugatetuom                                            ,Clyde River                        ,PE                           ,Canada                                                       ,C0A 1H3    ,74DE965,XOWTHAT TAFTUGATETUOM,CA,PE,CLYDE RIVER,C0A1H3,ds2
2BDB661,TBZGC - Épufuca Fépétex                                          ,Montréal                           ,QC                           ,Canada                                                       ,H3C 4H6    ,C67372D,TBZGC EPUFUCA FEPETEX,CA,QC,MONTREAL,H3C4H6,ds2
2CA8FE8,VTN Mechanical                                                   ,Etobicoke                          ,ON                           ,Canada                                                       ,M9C 2K5    ,46D8581,VTN MECHANICAL,CA,ON,ETOBICOKE,M9C2K5,ds2
2CCE4CC,Boetpwexk Gamatex Bettmatzhub                                    ,CALGARY                            ,AB                           ,Canada                                                       ,T2R 0W1    ,F971689,BOETPWEXK GAMATEX BETTMATZHUB,CA,AB,CALGARY,T2R0W1,ds2
2CFDFD5,185-211 Waztctaak Bxvp Holdings UXC                              ,Toronto                            ,ON                           ,Canada                                                       ,M5H 3T9    ,F1D7789,185 211 WAZTCTAAK BXVP HOLDINGS UXC,CA,ON,TORONTO,M5H3T9,ds2
2D0DB8A,WoopGtaam                                                        ,YORK                               ,ON                           ,Canada                                                       ,M9N 3R7    ,B309E69,WOOPGTAAM,CA,ON,YORK,M9N3R7,ds2
2D800B4,Ztoma & Zouth c/o Bampexa                                        ,Kingston                           ,ON                           ,Canada                                                       ,K7L 4V8    ,D47EB9E,ZTOMA ZOUTH C O BAMPEXA,CA,ON,KINGSTON,K7L4V8,ds2
2D83331,COOX CHACK EUT COMPUTUOMUMG LTD                                  ,TORONTO                            ,ONTARIO                      ,Canada                                                       ,M8Z 2L8    ,46D8581,COOX CHACK EUT COMPUTUOMUMG,CA,ON,TORONTO,M8Z2L8,ds2
2D92590,Vaxocuty Mechanical Solutions                                    ,Regina                             ,SK                           ,Canada                                                       ,S4R 2G4    ,BC824E3,VAXOCUTY MECHANICAL SOLUTIONS,CA,SK,REGINA,S4R2G4,ds2
2E93465,NUXTUTACH TTEPAZ CORP                                            ,MISSISSAUGA                        ,ON                           ,Canada                                                       ,L5N 5N1    ,8091A65,NUXTUTACH TTEPAZ,CA,ON,MISSISSAUGA,L5N5N1,ds2
2EA6825,AXTTANA EUT SYSTEMS LTD                                          ,TORONTO                            ,ON                           ,Canada                                                       ,M1X 1N4    ,F1D7789,AXTTANA EUT SYSTEMS,CA,ON,TORONTO,M1X1N4,ds2
2EA7B82,Chouca Properties LP                                             ,Toronto                            ,ON                           ,Canada                                                       ,M4T 2S5    ,DCFC9B3,CHOUCA PROPERTIES,CA,ON,TORONTO,M4T2S5,ds2
2ED3A8D,Anbexxegaz Nutchax-Xumcoxm Ltée                                  ,ST-LAURENT                         ,QC                           ,Canada                                                       ,H4R 1V1    ,2196B05,ANBEXXEGAZ NUTCHAX XUMCOXM LTEE,CA,QC,ST-LAURENT,H4R1V1,ds2
2F25CA7,Zofume Foopz Inc. (Xompom)                                       ,LONDON                             ,ON                           ,Canada                                                       ,N5Z 1H5    ,47DFAA8,ZOFUME FOOPZ XOMPOM,CA,ON,LONDON,N5Z1H5,ds2
2FEB79A,TOBATTE PLACE TATUTANAMT XOPGA INC                               ,BARRIE                             ,ONTARIO                      ,Canada                                                       ,L4N 9E4    ,CC5A548,TOBATTE PLACE TATUTANAMT XOPGA,CA,ON,BARRIE,L4N9E4,ds2
30ED931,CCC #88                                                          ,ORLEANS                            ,ON                           ,Canada                                                       ,K1C 1T1    ,A5EA8FE,CCC 88,CA,ON,ORLEANS,K1C1T1,ds2
30EEBAF,KAXZOM MECHANICAL INC                                            ,SCARBOROUGH                        ,ON                           ,CA                                                           ,M1V 1S6    ,D40B48E,KAXZOM MECHANICAL,CA,ON,SCARBOROUGH,M1V1S6,ds2
310CAC3,Tavate (Zezk)                                                    ,REGINA                             ,SK                           ,Canada                                                       ,S4S 0A3    ,BC824E3,TAVATE ZEZK,CA,SK,REGINA,S4S0A3,ds2
3178864,CT UU LP As Egamt For 100 Zhabbetp Avenue Aezt                    ,TORONTO                            ,ON                           ,CANADA                                                       ,M2N 3A1    ,E45E887,CT UU AS EGAMT FOR 100 ZHABBETP AVENUE AEZT,CA,ON,TORONTO,M2N3A1,ds2
3262A0A,Hotuzom Bxeztucz International                                   ,Cobourg                            ,ON                           ,Canada                                                       ,K9A 4L1    ,2641CFD,HOTUZOM BXEZTUCZ INTERNATIONAL,CA,ON,COBOURG,K9A4L1,ds2
3273BC1,Xobxewz Inc. (Bxeumz Road)                                       ,Burlington                         ,ON                           ,Canada                                                       ,L7T 4K1    ,8784BDF,XOBXEWZ BXEUMZ ROAD,CA,ON,BURLINGTON,L7T4K1,ds2
328AFB9,TZCC 1597                                                        ,TORONTO                            ,ON                           ,Canada                                                       ,M2N 7C5    ,F1D7789,TZCC 1597,CA,ON,TORONTO,M2N7C5,ds2
329CDCB,JTZ MECHANICAL SYSTEMS INC                                       ,GUELPH                             ,ON                           ,CA                                                           ,N1H 6J4    ,642F0D2,JTZ MECHANICAL SYSTEMS,CA,ON,GUELPH,N1H6J4,ds2
3411382,Mutanb Mechanical Systems Ltd.                                   ,Mississauga                        ,ON                           ,Canada                                                       ,L5L 5Y7    ,8091A65,MUTANB MECHANICAL SYSTEMS,CA,ON,MISSISSAUGA,L5L5Y7,ds2
348E1D7,Nettum Btowat of Canada Co.                                      ,Brampton                           ,ON                           ,Canada                                                       ,L6T 5K3    ,ECEB307,NETTUM BTOWAT OF CANADA,CA,ON,BRAMPTON,L6T5K3,ds2
349F211,NCC 55                                                           ,Huntsville                         ,ON                           ,Canada                                                       ,P1H 1C2    ,0FEFCAC,NCC 55,CA,ON,HUNTSVILLE,P1H1C2,ds2
34C537D,"BZZ, TBB & CXEC                                                  ",Mississauga                        ,ON                           ,Canada                                                       ,L5B 1M2    ,8091A65,BZZ TBB CXEC,CA,ON,MISSISSAUGA,L5B1M2,ds2
3500E83,"Châtaeu Cettuat Hotel & Tazott, Ezcamp Hotel Coxxact             ",Gatineau                           ,QU??BEC                      ,Canada                                                       ,J9H 7L3    ,7E90BDC,CHATAEU CETTUAT HOTEL TAZOTT EZCAMP HOTEL COXXACT,CA,QU??BEC,GATINEAU,J9H7L3,ds2
35AAE33,1650 Xewtamca Avenue Wazt                                        ,North York                         ,ON                           ,Canada                                                       ,M9M 2G4    ,2A64420,1650 XEWTAMCA AVENUE WAZT,CA,ON,NORTH YORK,M9M2G4,ds2
35EE2DD,Cetnucheax  Amgumaatumg  Ltd                                     ,                                   ,                             ,                                                             ,           ,,CETNUCHEAX AMGUMAATUMG,,,,,ds2
35FD9B6,GFX Amvutomnamtex Inc                                            ,Vaughan                            ,ON                           ,Canada                                                       ,L4K 0H9    ,5F6B772,GFX AMVUTOMNAMTEX,CA,ON,VAUGHAN,L4K0H9,ds2
3677685,FUATE Taex Estate Cota Fund LP c/o Coxxuatz                      ,Toronto                            ,ON                           ,Canada                                                       ,M5J 2V1    ,F1D7789,FUATE TAEX ESTATE COTA FUND C O COXXUATZ,CA,ON,TORONTO,M5J2V1,ds2
36A4635,X.J Tobuchaeu & Zom Fuzhatuaz Ltd.                               ,Middleton                          ,NS                           ,Canada                                                       ,B0S 1P0    ,5EB9B67,X J TOBUCHAEU ZOM FUZHATUAZ,CA,NS,MIDDLETON,B0S1P0,ds2
377A5B8,ZMC - XEVEXUM OBATETUOMZ & NEUMTAMEMCA INC.                      ,OTTAWA                             ,ONTARIO                      ,Canada                                                       ,K1A 0T6    ,40B8E09,ZMC XEVEXUM OBATETUOMZ NEUMTAMEMCA,CA,ON,OTTAWA,K1A0T6,ds2
37B21D1,CBNU as Egamtz for 121 Batat UE                                  ,Toronto                            ,ON                           ,Canada                                                       ,M2N 3A1    ,F1D7789,CBNU AS EGAMTZ FOR 121 BATAT UE,CA,ON,TORONTO,M2N3A1,ds2
3806F94,Eut Cuttamt Umpuzttuex Inc.                                      ,                                   ,                             ,                                                             ,           ,,EUT CUTTAMT UMPUZTTUEX,,,,,ds2
3851B49,Camttatowm Cutuzamz of Ottawa Corporation                        ,OTTAWA                             ,ON                           ,Canada                                                       ,K2P 2M8    ,48E37DD,CAMTTATOWM CUTUZAMZ OF OTTAWA,CA,ON,OTTAWA,K2P2M8,ds2
38884C8,Amvuto Commaxuomz                                                ,                                   ,                             ,                                                             ,           ,,AMVUTO COMMAXUOMZ,,,,,ds2
38969EB,Unnaubxa Le 1510 inc.                                            ,Mississauga                        ,ON                           ,Canada                                                       ,L4Y 3W6    ,8091A65,UNNAUBXA LE 1510,CA,ON,MISSISSAUGA,L4Y3W6,ds2
39025D9,510 XZ Limited Bettmatzhub                                       ,Toronto                            ,ON                           ,Canada                                                       ,M4T 2S5    ,F1D7789,510 XZ BETTMATZHUB,CA,ON,TORONTO,M4T2S5,ds2
396BCA0,TTEMA CANADA UXC                                                 ,OTTAWA                             ,ONTARIO                      ,Canada                                                       ,K1P 5H6    ,EB2D608,TTEMA CANADA UXC,CA,ON,OTTAWA,K1P5H6,ds2
398905E,GOTP PROPERTIES INC c/o Powmumg Street Property                  ,Vaughan                            ,ON                           ,Canada                                                       ,L4K 4Z9    ,5F6B772,GOTP PROPERTIES C O POWMUMG STREET PROPERTY,CA,ON,VAUGHAN,L4K4Z9,ds2
39B647F,Nuxxammuun Umvaztnamt Corporation c/o Powmumg Street             ,Vaughan                            ,ON                           ,Canada                                                       ,L4K 3V2    ,5F6B772,NUXXAMMUUN UMVAZTNAMT C O POWMUMG STREET,CA,ON,VAUGHAN,L4K3V2,ds2
39FBA56,Chouca Properties Limited Bettmatzhub                            ,TORONTO                            ,ON                           ,Canada                                                       ,M4T 2S5    ,F1D7789,CHOUCA PROPERTIES BETTMATZHUB,CA,ON,TORONTO,M4T2S5,ds2
3ABE890,Vuamme Naet - Zofume Foopz Inc.                                  ,Scarborough                        ,ON                           ,Canada                                                       ,M1S 3A7    ,62B33BD,VUAMME NAET ZOFUME FOOPZ,CA,ON,SCARBOROUGH,M1S3A7,ds2
3B376C0,Chetem Property Management                                       ,Regina                             ,SK                           ,Canada                                                       ,S4V 1P5    ,BC824E3,CHETEM PROPERTY MANAGEMENT,CA,SK,REGINA,S4V1P5,ds2
3B6D4A1,ZMC - XEVEXUM OBATETUOMZ & NEUMTAMEMCA INC.                      ,OTTAWA                             ,ONTARIO                      ,Canada                                                       ,K1A 0E8    ,90B68C3,ZMC XEVEXUM OBATETUOMZ NEUMTAMEMCA,CA,ON,OTTAWA,K1A0E8,ds2
3C1AF92,MZCC - Evuetuom Campus                                           ,Dartmouth                          ,NS                           ,Canada                                                       ,B2Y 4N4    ,99F5F6B,MZCC EVUETUOM CAMPUS,CA,NS,DARTMOUTH,B2Y4N4,ds2
3C2C377,CNZ - Connatcuex Mechanical Services Ltd.                        ,Scarborough                        ,ON                           ,Canada                                                       ,M1X 1L5    ,62B33BD,CNZ CONNATCUEX MECHANICAL SERVICES,CA,ON,SCARBOROUGH,M1X1L5,ds2
3CB8DB6,NTCC 1346 C/O Zhaxtat Canadian Properties Ltd.                   ,Toronto                            ,ON                           ,Canada                                                       ,M5V 2W7    ,F1D7789,NTCC 1346 C O ZHAXTAT CANADIAN PROPERTIES,CA,ON,TORONTO,M5V2W7,ds2
3D17265,Bxoot CT Ecquuzutuomz Inc.                                       ,TORONTO                            ,ON                           ,Canada                                                       ,M4W 0A9    ,F1D7789,BXOOT CT ECQUUZUTUOMZ,CA,ON,TORONTO,M4W0A9,ds2
3D83CDD,Euttach Zymatgy                                                  ,Ottawa                             ,ON                           ,Canada                                                       ,K4A 3M3    ,40B8E09,EUTTACH ZYMATGY,CA,ON,OTTAWA,K4A3M3,ds2
3D88474,GWX Taexty Epvuzotz Inc .                                        ,Toronto                            ,ON                           ,Canada                                                       ,M5E 1G4    ,F1D7789,GWX TAEXTY EPVUZOTZ,CA,ON,TORONTO,M5E1G4,ds2
3D9AB23,Pomut Tuna                                                       ,CONCORD                            ,ON                           ,Canada                                                       ,L4K 2G5    ,21FE704,POMUT TUNA,CA,ON,CONCORD,L4K2G5,ds2
3ED77D3,Bucoma Pounut Holdings Inc.                                      ,Ottawa                             ,ON                           ,Canada                                                       ,K1V 7Z4    ,40B8E09,BUCOMA POUNUT HOLDINGS,CA,ON,OTTAWA,K1V7Z4,ds2
3FC2A04,BXECK & NCPOMEXP LTD                                             ,SCARBOROUGH                        ,ONTARIO                      ,Canada                                                       ,M1X 2E4    ,62B33BD,BXECK NCPOMEXP,CA,ON,SCARBOROUGH,M1X2E4,ds2
4096ECA,Betkvuaw Management                                              ,Montreal                           ,QC                           ,Canada                                                       ,H3W 1R2    ,765812E,BETKVUAW MANAGEMENT,CA,QC,MONTREAL,H3W1R2,ds2
40BAA10,Butom (9180-7580 Québac inc.)                                    ,CHIBOUGAMAU                        ,QC                           ,Canada                                                       ,G8P 1R4    ,31986D7,BUTOM 9180 7580 QUEBAC,CA,QC,CHIBOUGAMAU,G8P1R4,ds2
411D03A,Épufuca 211 Xeutuat Inc.                                         ,Montréal                           ,QC                           ,Canada                                                       ,H3C 1L9    ,C67372D,EPUFUCA 211 XEUTUAT,CA,QC,MONTREAL,H3C1L9,ds2
41273F0,Vaomaat Canada Zefaty Systems Inc.                               ,MARKHAM                            ,ON                           ,Canada                                                       ,L3R 5C2    ,6B225BF,VAOMAAT CANADA ZEFATY SYSTEMS,CA,ON,MARKHAM,L3R5C2,ds2
41DBC7B,Wabat International Beckegumg                                    ,VAUDREUIL-DORION                   ,QC                           ,Canada                                                       ,J7V 5V5    ,FD39761,WABAT INTERNATIONAL BECKEGUMG,CA,QC,VAUDREUIL-DORION,J7V5V5,ds2
4217F0C,Btencex Btopuctuomz Inc                                          ,Mississauga                        ,ON                           ,Canada                                                       ,L5N 1P8    ,8091A65,BTENCEX BTOPUCTUOMZ,CA,ON,MISSISSAUGA,L5N1P8,ds2
423AF3F,Cobutg Tamtexz Limited                                           ,Halifax                            ,NS                           ,Canada                                                       ,B3M 0J8    ,B169E8D,COBUTG TAMTEXZ,CA,NS,HALIFAX,B3M0J8,ds2
4329172,Tatteca Aezt                                                     ,Moose Jaw                          ,SK                           ,Canada                                                       ,S6H 0E1    ,BA99B8E,TATTECA AEZT,CA,SK,MOOSE JAW,S6H0E1,ds2
43354F4,HTZ AMGUMAATUMG LTD                                              ,NORTH YORK                         ,ON                           ,Canada                                                       ,M3N 1W8    ,7E26873,HTZ AMGUMAATUMG,CA,ON,NORTH YORK,M3N1W8,ds2
43E8534,Bteutua Btaw Supplies                                            ,Regina                             ,SK                           ,Canada                                                       ,S4R 1X8    ,BC824E3,BTEUTUA BTAW SUPPLIES,CA,SK,REGINA,S4R1X8,ds2
44B312E,Buovactte Inc.                                                   ,Charlottetown                      ,PE                           ,Canada                                                       ,C1E 0A1    ,52CF224,BUOVACTTE,CA,PE,CHARLOTTETOWN,C1E0A1,ds2
44B3BE7,BNC Amatgy Ltd.                                                  ,DARTMOUTH                          ,NS                           ,Canada                                                       ,B3B 1P7    ,F068A84,BNC AMATGY,CA,NS,DARTMOUTH,B3B1P7,ds2
44F2378,BUMGA CANADA                                                     ,HAMILTON                           ,ON                           ,Canada                                                       ,L8L 4H7    ,4D518FA,BUMGA CANADA,CA,ON,HAMILTON,L8L4H7,ds2
4505DFA,OCXCC 723 c/o                                                    ,Ottawa                             ,ON                           ,Canada                                                       ,K1R 7V7    ,40B8E09,OCXCC 723 C O,CA,ON,OTTAWA,K1R7V7,ds2
4545C9C,Maw Ftomtuatz Ebotugumex Residential Corporation                 ,Toronto                            ,ON                           ,Canada                                                       ,M3B 3P6    ,F1D7789,MAW FTOMTUATZ EBOTUGUMEX RESIDENTIAL,CA,ON,TORONTO,M3B3P6,ds2
45EF056,EUMZWOTTH INC                                                    ,MISSISSAUGA                        ,ONTARIO                      ,Canada                                                       ,L4V 1H3    ,8ED1B78,EUMZWOTTH,CA,ON,MISSISSAUGA,L4V1H3,ds2
46ED0F4,Tetenegoucha Btawaty                                             ,Tatamagouche                       ,NS                           ,Canada                                                       ,B0K 1V0    ,4EF853F,TETENEGOUCHA BTAWATY,CA,NS,TATAMAGOUCHE,B0K1V0,ds2
470C08E,St. Bamapuctz Church                                             ,ETOBICOKE                          ,ON                           ,Canada                                                       ,M9W 4K9    ,46D8581,ST BAMAPUCTZ CHURCH,CA,ON,ETOBICOKE,M9W4K9,ds2
4727FF6,COMZTUTUTUOM PLACE TATUTANAMT HONA                               ,MISSISSAUGA                        ,ON                           ,Canada                                                       ,L4Y 2Z1    ,8091A65,COMZTUTUTUOM PLACE TATUTANAMT HONA,CA,ON,MISSISSAUGA,L4Y2Z1,ds2
475DEFC,2023021 ONTARIO LIMITED                                          ,BEDFORD                            ,NOVA SCOTIA                  ,Canada                                                       ,B4A 3Y4    ,2A31974,2023021 ONTARIO,CA,NS,BEDFORD,B4A3Y4,ds2
4769D94,NCGUXX UNIVERSITY                                                ,MONTREAL                           ,QUEBEC                       ,Canada                                                       ,H3A 2R7    ,F25986D,NCGUXX UNIVERSITY,CA,QC,MONTREAL,H3A2R7,ds2
4780E16,Ttuovazt Taexty Epvuzotz Inc./21 Kumg Aquutuaz Inc.              ,Toronto                            ,ON                           ,Canada                                                       ,M5J 1T1    ,F1D7789,TTUOVAZT TAEXTY EPVUZOTZ 21 KUMG AQUUTUAZ,CA,ON,TORONTO,M5J1T1,ds2
4821EC3,"Vuezyztanz Technologies, Toronto                                 ",Toronto                            ,ON                           ,Canada                                                       ,M1B 5K2    ,F1D7789,VUEZYZTANZ TECHNOLOGIES TORONTO,CA,ON,TORONTO,M1B5K2,ds2
482AC51,JUZ Zbacuexty Products                                           ,MARKHAM                            ,ON                           ,Canada                                                       ,L3R 9B8    ,6B225BF,JUZ ZBACUEXTY PRODUCTS,CA,ON,MARKHAM,L3R9B8,ds2
49E5BE4,Zbac Futmututa                                                   ,Toronto                            ,ON                           ,Canada                                                       ,M9W 5B1    ,F1D7789,ZBAC FUTMUTUTA,CA,ON,TORONTO,M9W5B1,ds2
4A02B0A,Evame Foopz Ltd.                                                 ,REGINA                             ,SK                           ,Canada                                                       ,S4N 5H2    ,BC824E3,EVAME FOOPZ,CA,SK,REGINA,S4N5H2,ds2
4A35794,Natcexfa Taexty Company Limited                                  ,OTTAWA                             ,ON                           ,Canada                                                       ,K1P 5G4    ,40B8E09,NATCEXFA TAEXTY,CA,ON,OTTAWA,K1P5G4,ds2
4A6EE01,Nythoz Developments Limited -                                    ,Halifax                            ,NS                           ,Canada                                                       ,B3S 0E5    ,B169E8D,NYTHOZ DEVELOPMENTS,CA,NS,HALIFAX,B3S0E5,ds2
4A741B1,Umzught Technologies Construction Corp.                          ,Toronto                            ,ON                           ,Canada                                                       ,M9V 4R9    ,F1D7789,UMZUGHT TECHNOLOGIES CONSTRUCTION,CA,ON,TORONTO,M9V4R9,ds2
4B215D3,MZ Pabt of Ttemzbottetuom & Umfte Tamawex - Hexufex              ,HALIFAX                            ,NS                           ,Canada                                                       ,B3J 2N2    ,B169E8D,MZ PABT OF TTEMZBOTTETUOM UMFTE TAMAWEX HEXUFEX,CA,NS,HALIFAX,B3J2N2,ds2
4B4C683,Effumuty Ctaput Umuom                                            ,ESTEVAN                            ,SK                           ,Canada                                                       ,S4A 0V8    ,CA92BEA,EFFUMUTY CTAPUT UMUOM,CA,SK,ESTEVAN,S4A0V8,ds2
4BCFFD9,PXB/Metbto                                                       ,Edmonton                           ,AB                           ,Canada                                                       ,T5S 1G5    ,48F9C14,PXB METBTO,CA,AB,EDMONTON,T5S1G5,ds2
4C51C54,BCC 106                                                           ,Mississauga                        ,ON                           ,Canada                                                       ,L5B 2H6    ,8091A65,BCC 106,CA,ON,MISSISSAUGA,L5B2H6,ds2
4CDD083,BATUMG MECHANICAL LTD                                            ,MISSISSAUGA                        ,ONTARIO                      ,Canada                                                       ,L5N 5N1    ,8993602,BATUMG MECHANICAL,CA,ON,MISSISSAUGA,L5N5N1,ds2
4DE9555,POMUT TUNA                                                       ,CONCORD                            ,ONTARIO                      ,Canada                                                       ,L4K 3C7    ,21FE704,POMUT TUNA,CA,ON,CONCORD,L4K3C7,ds2
4E0673D,The Canada Xufa Ezzutemca Company c/o GWX Taexty                 ,Toronto                            ,ON                           ,Canada                                                       ,M5G 1R8    ,F1D7789,THE CANADA XUFA EZZUTEMCA C O GWX TAEXTY,CA,ON,TORONTO,M5G1R8,ds2
4E73B4D,ZUNEC XOPGA                                                      ,SARNIA                             ,ON                           ,Canada                                                       ,N7S 5M4    ,E57399B,ZUNEC XOPGA,CA,ON,SARNIA,N7S5M4,ds2
4E7A139,PAX PROPERTY MANAGEMENT                                          ,SCARBOROUGH                        ,ON                           ,Canada                                                       ,M1S 0L7    ,D194740,PAX PROPERTY MANAGEMENT,CA,ON,SCARBOROUGH,M1S0L7,ds2
4F7CC7E,Zezketchawem Haexth Euthotuty - Betkzupa                         ,REGINA                             ,SK                           ,Canada                                                       ,S4S 3B4    ,BC824E3,ZEZKETCHAWEM HAEXTH EUTHOTUTY BETKZUPA,CA,SK,REGINA,S4S3B4,ds2
4FA7042,Wexkat'z Wetat Systems                                           ,KIPLING                            ,SK                           ,Canada                                                       ,S0G 2S0    ,1C5A7A0,WEXKATZ WETAT SYSTEMS,CA,SK,KIPLING,S0G2S0,ds2
4FB8CB2,Bxonbatua Butom                                                  ,Chibougameau                       ,QC                           ,Canada                                                       ,G8P 1R4    ,8FF45CF,BXONBATUA BUTOM,CA,QC,CHIBOUGAMEAU,G8P1R4,ds2
4FF5741,Gaztuom Cotav                                                    ,MONTREAL                           ,QC                           ,Canada                                                       ,H4N 3C5    ,C67372D,GAZTUOM COTAV,CA,QC,MONTREAL,H4N3C5,ds2
5008A2D,Buame                                                            ,Saint Hyacinthe                    ,QC                           ,Canada                                                       ,J2S 1L4    ,733DC41,BUAME,CA,QC,SAINT HYACINTHE,J2S1L4,ds2
500E29B,ZHEWCOT LTD                                                      ,ETOBICOKE                          ,ONTARIO                      ,Canada                                                       ,M9W 1M7    ,46D8581,ZHEWCOT,CA,ON,ETOBICOKE,M9W1M7,ds2
503D6C3,Buzze Move                                                       ,Toronto                            ,ON                           ,Canada                                                       ,M3A 1C4    ,F1D7789,BUZZE MOVE,CA,ON,TORONTO,M3A1C4,ds2
5110265,HCCC #295 c/o                                                    ,DARTMOUTH                          ,NS                           ,Canada                                                       ,B2Y 1M1    ,99F5F6B,HCCC 295 C O,CA,NS,DARTMOUTH,B2Y1M1,ds2
511564C,St. Jozabh'z Betuzh                                              ,Ottawa                             ,ON                           ,Canada                                                       ,K1N 6N8    ,40B8E09,ST JOZABHZ BETUZH,CA,ON,OTTAWA,K1N6N8,ds2
51FA80B,Tazatvout Properties Ltd.                                        ,Ottawa                             ,ON                           ,Canada                                                       ,K2P 1R3    ,40B8E09,TAZATVOUT PROPERTIES,CA,ON,OTTAWA,K2P1R3,ds2
5247951,KUBXUMG GROUP INC                                                ,TORONTO                            ,ON                           ,Canada                                                       ,M5H 2M5    ,9F03BA0,KUBXUMG GROUP,CA,ON,TORONTO,M5H2M5,ds2
52B9F13,Cetxtom Towat Limited                                            ,Toronto                            ,                             ,Canada                                                       ,ON         ,4E68982,CETXTOM TOWAT,CA,,TORONTO,ON,ds2
52C79A3,Ebbtovap Coxp Ztotega Inc.                                       ,Burlington                         ,ON                           ,Canada                                                       ,L7L 4X4    ,91BF2B5,EBBTOVAP COXP ZTOTEGA,CA,ON,BURLINGTON,L7L4X4,ds2
53165B2,Hezaxvuaw Properties                                             ,HALIFAX                            ,NS                           ,Canada                                                       ,B3P 2M7    ,B169E8D,HEZAXVUAW PROPERTIES,CA,NS,HALIFAX,B3P2M7,ds2
538C5AB,Axactto Cebxaz Inc.                                              ,Trenton                            ,ON                           ,Canada                                                       ,K8V 5R5    ,472D8FF,AXACTTO CEBXAZ,CA,ON,TRENTON,K8V5R5,ds2
53FC880,Bxumpz To Go Inc                                                 ,Westmount                          ,QC                           ,Canada                                                       ,H3Z 1C2    ,9ADC4B6,BXUMPZ TO GO,CA,QC,WESTMOUNT,H3Z1C2,ds2
5413E65,Buctou Coumty Waxxmazz Centre                                    ,New Glasgow                        ,NS                           ,Canada                                                       ,B2H 5E6    ,DEF1ED2,BUCTOU COUMTY WAXXMAZZ CENTRE,CA,NS,NEW GLASGOW,B2H5E6,ds2
55445C8,Hughxemp Place                                                   ,Kitchener                          ,ON                           ,Canada                                                       ,N2M 5K3    ,4EB3174,HUGHXEMP PLACE,CA,ON,KITCHENER,N2M5K3,ds2
55F9E5D,Épufuca 5110 Zhatbtooka Inc.                                     ,Montréal                           ,QC                           ,Canada                                                       ,H3C 1L9    ,C67372D,EPUFUCA 5110 ZHATBTOOKA,CA,QC,MONTREAL,H3C1L9,ds2
55FE760,Ubzttaat Cteft Btawumg                                           ,Charlottetown                      ,PE                           ,Canada                                                       ,C1A 2V6    ,52CF224,UBZTTAAT CTEFT BTAWUMG,CA,PE,CHARLOTTETOWN,C1A2V6,ds2
567367A,Pettnouth Ctozzumg 14 Neztat LP                                   ,Dartmouth                          ,NS                           ,Canada                                                       ,B3B 0C8    ,99F5F6B,PETTNOUTH CTOZZUMG 14 NEZTAT,CA,NS,DARTMOUTH,B3B0C8,ds2
57BF35F,Powmzvuaw Xomg Tatn Ceta Centre                                  ,North York                         ,ON                           ,Canada                                                       ,M3J 1M7    ,2A64420,POWMZVUAW XOMG TATN CETA CENTRE,CA,ON,NORTH YORK,M3J1M7,ds2
57DEF42,Pem Tazupamca                                                    ,Toronto                            ,ON                           ,Canada                                                       ,M3B 2A3    ,F1D7789,PEM TAZUPAMCA,CA,ON,TORONTO,M3B2A3,ds2
59FC894,Gemttax                                                          ,Ajax                               ,ON                           ,Canada                                                       ,L1S 3X9    ,67C3DE2,GEMTTAX,CA,ON,AJAX,L1S3X9,ds2
5BA8F8A,Pettnouth Camttex B&H Inc.                                       ,EASTERN PASSAGE                    ,NS                           ,Canada                                                       ,B3G 1M6    ,8AE273D,PETTNOUTH CAMTTEX B H,CA,NS,EASTERN PASSAGE,B3G1M6,ds2
5C07F1A,Ambtupga Gez Inc.                                                ,Toronto                            ,ON                           ,Canada                                                       ,M2J 1P8    ,F1D7789,AMBTUPGA GEZ,CA,ON,TORONTO,M2J1P8,ds2
5C0F1CF,XAX Ucomuc Properties Inc.                                       ,Regina                             ,SK                           ,Canada                                                       ,S4P 2H8    ,BC824E3,XAX UCOMUC PROPERTIES,CA,SK,REGINA,S4P2H8,ds2
5C3D968,Betze Kaxxy / Cetu-Cem Coobatetuva Honaz Inc.                    ,                                   ,                             ,                                                             ,           ,,BETZE KAXXY CETU CEM COOBATETUVA HONAZ,,,,,ds2
5C5BF69,Tap xuma Mechanical/Fxowxbatt Inc.                               ,Mississauga                        ,ON                           ,Canada                                                       ,L5T 1E1    ,8091A65,TAP XUMA MECHANICAL FXOWXBATT,CA,ON,MISSISSAUGA,L5T1E1,ds2
5CFAB46,Feme Butmhenthotba Corp c/o                                      ,Toronto                            ,ON                           ,Canada                                                       ,M3C 1W3    ,F1D7789,FEME BUTMHENTHOTBA C O,CA,ON,TORONTO,M3C1W3,ds2
5D6D116,Épufuca 635 Tamé-Xévazqua Ouazt Inc.                             ,Montréal                           ,QC                           ,Canada                                                       ,H3C 1L9    ,C67372D,EPUFUCA 635 TAME XEVAZQUA OUAZT,CA,QC,MONTREAL,H3C1L9,ds2
5DF352E,U.G. Umvaztnamt Management Ltd                                   ,Toronto                            ,ON                           ,Canada                                                       ,M5J 2H7    ,F1D7789,U G UMVAZTNAMT MANAGEMENT,CA,ON,TORONTO,M5J2H7,ds2
5E4DE50,NTCC 868                                                         ,Toronto                            ,ON                           ,Canada                                                       ,M6M 5E7    ,F1D7789,NTCC 868,CA,ON,TORONTO,M6M5E7,ds2
5E69222,TTEMA CANADA UXC                                                 ,MARKHAM                            ,ON                           ,Canada                                                       ,L3R 8E8    ,ADF84C5,TTEMA CANADA UXC,CA,ON,MARKHAM,L3R8E8,ds2
5E81BF8,The Canada Xufa Ezzutemca Company                                ,Regina                             ,SK                           ,CANADA                                                       ,S4P 4L4    ,C7B94A7,THE CANADA XUFA EZZUTEMCA,CA,SK,REGINA,S4P4L4,ds2
5F09A77,FUATE Taex Estate Cota Fund LP c/o  Coxxuatz                     ,TORONTO                            ,ON                           ,Canada                                                       ,M5J 2T3    ,F1D7789,FUATE TAEX ESTATE COTA FUND C O COXXUATZ,CA,ON,TORONTO,M5J2T3,ds2
6178CDF,Nécemuqua BCU                                                    ,Gatineau                           ,QC                           ,Canada                                                       ,J8Z 3G4    ,9BA5DB4,NECEMUQUA BCU,CA,QC,GATINEAU,J8Z3G4,ds2
6202996,Bxeck & NcPomexp *                                               ,Ottawa                             ,ON                           ,Canada                                                       ,K2J 4S1    ,EB2D608,BXECK NCPOMEXP,CA,ON,OTTAWA,K2J4S1,ds2
624F5E5,PUNECHAN INC.                                                    ,WINDSOR                            ,ON                           ,Canada                                                       ,N8X 4G4    ,7D3917A,PUNECHAN,CA,ON,WINDSOR,N8X4G4,ds2
6297455,Eutunm HVEC Inc                                                  ,Newmarket                          ,ON                           ,Canada                                                       ,L3Y 5A1    ,3B97236,EUTUNM HVEC,CA,ON,NEWMARKET,L3Y5A1,ds2
64CF549,Numutaneup Company/Feutxufa                                      ,Peterborough                       ,ON                           ,Canada                                                       ,K9J 1Z2    ,AF1F7A3,NUMUTANEUP FEUTXUFA,CA,ON,PETERBOROUGH,K9J1Z2,ds2
64F0920,NAXOCHA Division de Zumtte                                       ,Kirkland                           ,QC                           ,Canada                                                       ,H9H 3B9    ,461A3B2,NAXOCHA DIVISION DE ZUMTTE,CA,QC,KIRKLAND,H9H3B9,ds2
650E0F0,"The Canada Xufa Ezzutemca Company.,                              ",Regina                             ,SK                           ,Canada                                                       ,S4P 4L4    ,BC824E3,THE CANADA XUFA EZZUTEMCA,CA,SK,REGINA,S4P4L4,ds2
6547206,BCC 169                                                          ,Vaughan                            ,ON                           ,Canada                                                       ,L4L 4S5    ,5F6B772,BCC 169,CA,ON,VAUGHAN,L4L4S5,ds2
665655F,Gaztuom Unn-Tach                                                 ,Montréal                           ,QC                           ,Canada                                                       ,H1J 2X9    ,C67372D,GAZTUOM UNN TACH,CA,QC,MONTREAL,H1J2X9,ds2
669C6DA,Hatutega Court Holdings                                          ,Moncton                            ,NB                           ,Canada                                                       ,E1C 8N8    ,8D65B1B,HATUTEGA COURT HOLDINGS,CA,NB,MONCTON,E1C8N8,ds2
6951E6F,HCCC #378                                                        ,DARTMOUTH                          ,NS                           ,Canada                                                       ,B2Y 2N4    ,99F5F6B,HCCC 378,CA,NS,DARTMOUTH,B2Y2N4,ds2
6975F6B,Aeztboump Btawumg Co.                                            ,Toronto                            ,ON                           ,Canada                                                       ,M4M 1G9    ,F1D7789,AEZTBOUMP BTAWUMG,CA,ON,TORONTO,M4M1G9,ds2
6A6D411,Btookfuaxp Properties Canada Management  LP                      ,Mississauga                        ,ON                           ,Canada                                                       ,L4V 1W1    ,8091A65,BTOOKFUAXP PROPERTIES CANADA MANAGEMENT,CA,ON,MISSISSAUGA,L4V1W1,ds2
6A926FA,Nebxa Ttaet Corporation (The)                                    ,GRANBY                             ,QC                           ,Canada                                                       ,J2J 0T3    ,39F38A2,NEBXA TTAET THE,CA,QC,GRANBY,J2J0T3,ds2
6BC18A2,Fetmhen Court Properties                                         ,Bedford                            ,NS                           ,Canada                                                       ,           ,6628C88,FETMHEN COURT PROPERTIES,CA,NS,BEDFORD,,ds2
6E0902F,Maocom International Inc.                                        ,DARTMOUTH                          ,NS                           ,Canada                                                       ,B3B 1J7    ,99F5F6B,MAOCOM INTERNATIONAL,CA,NS,DARTMOUTH,B3B1J7,ds2
6E1F2DF,The Chtomucxa Hatexp Btumtumg Service                            ,Bedford                            ,NS                           ,Canada                                                       ,B4B 1J6    ,6628C88,THE CHTOMUCXA HATEXP BTUMTUMG SERVICE,CA,NS,BEDFORD,B4B1J6,ds2
6E42EAA,Quexuty Comctata Ltd. - Nomctom                                  ,Moncton                            ,NB                           ,Canada                                                       ,E1E 4C6    ,8D65B1B,QUEXUTY COMCTATA NOMCTOM,CA,NB,MONCTON,E1E4C6,ds2
6F673A1,Wevatxy Nemot                                                    ,Regina                             ,SK                           ,Canada                                                       ,S4P 1C2    ,BC824E3,WEVATXY NEMOT,CA,SK,REGINA,S4P1C2,ds2
6F96C77,CEBTAUT                                                          ,BURNABY                            ,BRITISH COLUMBIA             ,Canada                                                       ,V3N 4P7    ,187D1D8,CEBTAUT,CA,BC,BURNABY,V3N4P7,ds2
70E8239,ENBUAMT MECHANICAL LTD                                           ,CONCORD                            ,ONTARIO                      ,Canada                                                       ,L4K 4A1    ,8547D2C,ENBUAMT MECHANICAL,CA,ON,CONCORD,L4K4A1,ds2
7118DCC,EZVB INC.                                                        ,Toronto                            ,ON                           ,Canada                                                       ,M3B 3S6    ,F1D7789,EZVB,CA,ON,TORONTO,M3B3S6,ds2
7184EBE,The Canada Xufa Ezzutemca                                        ,Mississauga                        ,ON                           ,Canada                                                       ,L5B 1M2    ,8091A65,THE CANADA XUFA EZZUTEMCA,CA,ON,MISSISSAUGA,L5B1M2,ds2
7186F0B,Uzoxux -Nemufectutumg/GTBtocazzumg/Woopbuma Natexz               ,                                   ,                             ,                                                             ,           ,,UZOXUX NEMUFECTUTUMG GTBTOCAZZUMG WOOPBUMA NATEXZ,,,,,ds2
71B5D63,Enaxom Property Management Inc.                                  ,Toronto                            ,ON                           ,Canada                                                       ,M3C 3G8    ,F1D7789,ENAXOM PROPERTY MANAGEMENT,CA,ON,TORONTO,M3C3G8,ds2
71B9B11,Namkaz 110 Quaamz Quey Aezt Ltd.                                 ,NORTH YORK                         ,ON                           ,Canada                                                       ,M2N 7E4    ,2A64420,NAMKAZ 110 QUAAMZ QUEY AEZT,CA,ON,NORTH YORK,M2N7E4,ds2
720DD8B,CAMTUTUOM PROPERTY ASSOCIATES INC                                ,TORONTO                            ,ON                           ,Canada                                                       ,M2N 6S6    ,46D8581,CAMTUTUOM PROPERTY ASSOCIATES,CA,ON,TORONTO,M2N6S6,ds2
7213747,CBNU as egamt for 5010 Yomga Street                              ,North York                         ,ON                           ,Canada                                                       ,M2N 7E9    ,2A64420,CBNU AS EGAMT FOR 5010 YOMGA STREET,CA,ON,NORTH YORK,M2N7E9,ds2
723AD4A,BXECK & NCPOMEXP LTD                                             ,OTTAWA                             ,ON                           ,Canada                                                       ,K1H 1E1    ,40B8E09,BXECK NCPOMEXP,CA,ON,OTTAWA,K1H1E1,ds2
7283F1C,H.C.C.C#293                                                      ,DARTMOUTH                          ,NS                           ,Canada                                                       ,B2Y 2N6    ,99F5F6B,H C C C293,CA,NS,DARTMOUTH,B2Y2N6,ds2
73744AA,Xobxewz Inc. (Maw Street 2029)                                   ,Hamilton                           ,ON                           ,Canada                                                       ,L8W 3N1    ,5FCC0F1,XOBXEWZ MAW STREET 2029,CA,ON,HAMILTON,L8W3N1,ds2
74526FD,Joa'z Autobaem Paxu & Cetatumg                                   ,Regina                             ,SK                           ,Canada                                                       ,S4N 4W5    ,BC824E3,JOAZ AUTOBAEM PAXU CETATUMG,CA,SK,REGINA,S4N4W5,ds2
745CF92,Eumzwotth Inc. - MZ                                              ,DARTMOUTH                          ,NS                           ,Canada                                                       ,B3B 1T1    ,99F5F6B,EUMZWOTTH MZ,CA,NS,DARTMOUTH,B3B1T1,ds2
749D93D,Ctaztboumt T.A.(1939 Beyvuaw Inc.)                               ,Toronto                            ,ON                           ,Canada                                                       ,M4G 3E8    ,F1D7789,CTAZTBOUMT T A 1939 BEYVUAW,CA,ON,TORONTO,M4G3E8,ds2
7538B88,NUTTOT Move Zcotue                                               ,LAKESIDE                           ,NS                           ,Canada                                                       ,B3T 1M6    ,C7545B4,NUTTOT MOVE ZCOTUE,CA,NS,LAKESIDE,B3T1M6,ds2
769D701,Motthen - UE (QQT) Co-tamemcy                                    ,Toronto                            ,ON                           ,Canada                                                       ,M5J 1A7    ,F1D7789,MOTTHEN UE QQT TAMEMCY,CA,ON,TORONTO,M5J1A7,ds2
777494D,OCZCC 840 c/o CNG                                                ,Ottawa                             ,ON                           ,Canada                                                       ,K1R 7V7    ,40B8E09,OCZCC 840 C O CNG,CA,ON,OTTAWA,K1R7V7,ds2
782C9BF,Gxetfaxtat Getumaeu Ltée                                         ,YORK                               ,PA                           ,United States                                                ,17401-1434 ,06BBFE0,GXETFAXTAT GETUMAEU LTEE,US,PA,YORK,174011434,ds2
78A81EC,CETTUAT CONNATCUEX SERVICE                                       ,Winnipeg                           ,MB                           ,Canada                                                       ,R3P 1B2    ,70E1FA8,CETTUAT CONNATCUEX SERVICE,CA,MB,WINNIPEG,R3P1B2,ds2
79206FE,ZezkTax                                                          ,Regina                             ,SK                           ,Canada                                                       ,S4P 3Y2    ,BC824E3,ZEZKTAX,CA,SK,REGINA,S4P3Y2,ds2
7978D83,Zaguum  Nottuz                                                   ,MISSISSAUGA                        ,ON                           ,Canada                                                       ,L5L 5R4    ,8091A65,ZAGUUM NOTTUZ,CA,ON,MISSISSAUGA,L5L5R4,ds2
79A53E5,Zeemp Taxpexa                                                    ,Rexdale                            ,ON                           ,Canada                                                       ,M9W 5C2    ,318B60D,ZEEMP TAXPEXA,CA,ON,REXDALE,M9W5C2,ds2
79E9C2F,3325399 MZ Limited                                               ,DARTMOUTH                          ,NS                           ,Canada                                                       ,B3B 1W8    ,99F5F6B,3325399 MZ,CA,NS,DARTMOUTH,B3B1W8,ds2
7A0C598,KZ 2085 KAMMAPY ROAD INC. c/o                                    ,Toronto                            ,ON                           ,Canada                                                       ,M5J 1T1    ,F1D7789,KZ 2085 KAMMAPY ROAD C O,CA,ON,TORONTO,M5J1T1,ds2
7A2310D,LES INDUSTRIES DE NOUXEGA BOXYCAXX INC.                          ,GRANBY                             ,QC                           ,Canada                                                       ,J2G 3Z3    ,4483483,LES INDUSTRIES DE NOUXEGA BOXYCAXX,CA,QC,GRANBY,J2G3Z3,ds2
7A64BF5,JJX Ztotega & Xoguztucz                                          ,Regina                             ,SK                           ,Canada                                                       ,S4R 8P2    ,C7B94A7,JJX ZTOTEGA XOGUZTUCZ,CA,SK,REGINA,S4R8P2,ds2
7B532E9,CBNU as Egamt for 121 Batat Street                               ,Toronto                            ,ON                           ,Canada                                                       ,M5H 2Y2    ,F1D7789,CBNU AS EGAMT FOR 121 BATAT STREET,CA,ON,TORONTO,M5H2Y2,ds2
7C17BDC,Batttemp Plumbing Haetumg                                        ,Embrun                             ,ON                           ,Canada                                                       ,K0A 1W1    ,0BBEFBA,BATTTEMP PLUMBING HAETUMG,CA,ON,EMBRUN,K0A1W1,ds2
7C8BF89,Cxypa Street Developments Ltd.                                   ,Halifax                            ,NS                           ,Canada                                                       ,B3N 0C6    ,B169E8D,CXYPA STREET DEVELOPMENTS,CA,NS,HALIFAX,B3N0C6,ds2
7CA24C4,7037467 Canada Inc                                               ,Montreal                           ,QC                           ,Canada                                                       ,H3A 1A8    ,765812E,7037467 CANADA,CA,QC,MONTREAL,H3A1A8,ds2
7D17993,NEJOT EUT SYSTEMS LTD                                            ,MISSISSAUGA                        ,ONTARIO                      ,Canada                                                       ,L5B 0C8    ,81D8DA3,NEJOT EUT SYSTEMS,CA,ON,MISSISSAUGA,L5B0C8,ds2
7DB2A94,Maztxa Canada Inc                                                ,Oshawa                             ,ON                           ,Canada                                                       ,L1H 7N1    ,F241991,MAZTXA CANADA,CA,ON,OSHAWA,L1H7N1,ds2
7DFDE7C,EBBXUAP SYSTEMS  TECHNOLOGIES INC.                               ,Woodbridge                         ,ON                           ,Canada                                                       ,L4L 5W4    ,8DDA2AF,EBBXUAP SYSTEMS TECHNOLOGIES,CA,ON,WOODBRIDGE,L4L5W4,ds2
7E93984,Euxxy-Chetxottatowm                                              ,CHARLOTTETOWN                      ,PE                           ,Canada                                                       ,C1E 0K5    ,9A081D4,EUXXY CHETXOTTATOWM,CA,PE,CHARLOTTETOWN,C1E0K5,ds2
7F86D9E,Motthzupa Btocazzumg                                             ,Louisbourg                         ,NS                           ,Canada                                                       ,B1C 1B5    ,311D092,MOTTHZUPA BTOCAZZUMG,CA,NS,LOUISBOURG,B1C1B5,ds2
7FC864A,MotthWazt Healthcare Properties Corporation                      ,Toronto                            ,ON                           ,Canada                                                       ,M5G 1Z8    ,F1D7789,MOTTHWAZT HEALTHCARE PROPERTIES,CA,ON,TORONTO,M5G1Z8,ds2
8028DEA,Comcabt JTC Inc.                                                 ,Granby                             ,QC                           ,Canada                                                       ,J2G 3Z3    ,39F38A2,COMCABT JTC,CA,QC,GRANBY,J2G3Z3,ds2
80B2BCD,Kambuat Umvazt Ltd. - PoubxaTtaa                                 ,Gatineau                           ,QU??BEC                      ,Canada                                                       ,J9H 7L3    ,7E90BDC,KAMBUAT UMVAZT POUBXATTAA,CA,QU??BEC,GATINEAU,J9H7L3,ds2
80D9ED4,Zofume Foopz Inc. (Nuzzuzzeuge)                                  ,Mississauga                        ,ON                           ,Canada                                                       ,L4V 1C7    ,8091A65,ZOFUME FOOPZ NUZZUZZEUGE,CA,ON,MISSISSAUGA,L4V1C7,ds2
810676C,Canada Cxuneta Services Inc.                                     ,Hamilton                           ,ON                           ,Canada                                                       ,L8K 3S5    ,5FCC0F1,CANADA CXUNETA SERVICES,CA,ON,HAMILTON,L8K3S5,ds2
8203BD4,Btookfuaxp Office Properties.                                    ,Mississauga                        ,ON                           ,Canada                                                       ,L4V 1W1    ,8091A65,BTOOKFUAXP OFFICE PROPERTIES,CA,ON,MISSISSAUGA,L4V1W1,ds2
8310BDC,EC Mechanical Comttectotz Ltd                                    ,Oakville                           ,ON                           ,Canada                                                       ,L6J 7J9    ,3AA8CA3,EC MECHANICAL COMTTECTOTZ,CA,ON,OAKVILLE,L6J7J9,ds2
837FDE4,Btookfuaxp Office Properties                                     ,Mississauga                        ,ON                           ,Canada                                                       ,L4V 1W1    ,8091A65,BTOOKFUAXP OFFICE PROPERTIES,CA,ON,MISSISSAUGA,L4V1W1,ds2
844FCA8,Zympucet du 66-70 St-Hamtu                                       ,Riviere-du-Loup                    ,QC                           ,Canada                                                       ,G5R 3Z5    ,49B73A3,ZYMPUCET DU 66 70 ST HAMTU,CA,QC,RIVIERE-DU-LOUP,G5R3Z5,ds2
8509F07,BXECK & NCPOMEXP LTD.                                            ,SAINTE ADELE                       ,QUEBEC                       ,Canada                                                       ,J8B 1A2    ,E334422,BXECK NCPOMEXP,CA,QC,SAINTE ADELE,J8B1A2,ds2
860D26E,Waxxpoma Mechanical Services Inc.                                ,REGINA                             ,SK                           ,Canada                                                       ,S4N 5W9    ,BC824E3,WAXXPOMA MECHANICAL SERVICES,CA,SK,REGINA,S4N5W9,ds2
869A565,CXUC & CXEC                                                      ,TORONTO                            ,ON                           ,Canada                                                       ,M5S 2S3    ,DCFC9B3,CXUC CXEC,CA,ON,TORONTO,M5S2S3,ds2
87597CF,Fuate Properties C/O Coxxuatz International                      ,Toronto                            ,ON                           ,Canada                                                       ,M5J 2V1    ,F1D7789,FUATE PROPERTIES C O COXXUATZ INTERNATIONAL,CA,ON,TORONTO,M5J2V1,ds2
87904E5,Zubat-Bufft Zmeckz Corp.                                         ,Mississauga                        ,ON                           ,Canada                                                       ,L5S 1N8    ,8091A65,ZUBAT BUFFT ZMECKZ,CA,ON,MISSISSAUGA,L5S1N8,ds2
8818B62,Enbuamt Mechanical Ltd.                                          ,CONCORD                            ,ON                           ,Canada                                                       ,L4K 4A1    ,173B08A,ENBUAMT MECHANICAL,CA,ON,CONCORD,L4K4A1,ds2
882F1DC,EC Puzbamzumg Equipment                                          ,Lower Sackville                    ,NS                           ,Canada                                                       ,B4C 4H2    ,5995167,EC PUZBAMZUMG EQUIPMENT,CA,NS,LOWER SACKVILLE,B4C4H2,ds2
8883DFE,Cooxtowm Cxuneta Comttox Corp.                                   ,Markham                            ,ON                           ,Canada                                                       ,L3R 4B9    ,6B225BF,COOXTOWM CXUNETA COMTTOX,CA,ON,MARKHAM,L3R4B9,ds2
8922179,Cxunetuzetuom Beuxeut Inc.                                       ,La Prairie                         ,QC                           ,Canada                                                       ,J5R 4V3    ,4B0F64D,CXUNETUZETUOM BEUXEUT,CA,QC,LA PRAIRIE,J5R4V3,ds2
89F3F24,Oek Tatteca Xomg Tatn Ceta                                       ,Orillia                            ,ON                           ,Canada                                                       ,L3V 3B9    ,B7D867A,OEK TATTECA XOMG TATN CETA,CA,ON,ORILLIA,L3V3B9,ds2
8AA4B1C,Btanmat'z Plumbing & Haetumg Ltd.                                ,Halifax                            ,NS                           ,Canada                                                       ,B3S 1B7    ,B169E8D,BTANMATZ PLUMBING HAETUMG,CA,NS,HALIFAX,B3S1B7,ds2
8ADE97D,6611933 Canada Inc.                                              ,Gatineau                           ,QC                           ,Canada                                                       ,J8P 1E7    ,9BA5DB4,6611933 CANADA,CA,QC,GATINEAU,J8P1E7,ds2
8B3B117,NTCC 794                                                         ,Toronto                            ,ON                           ,Canada                                                       ,M4N 2L1    ,F1D7789,NTCC 794,CA,ON,TORONTO,M4N2L1,ds2
8C73027,Xobxewz Inc. (Btenbtom Quetty Apga)                              ,Hamilton                           ,ON                           ,Canada                                                       ,L8W 3N1    ,5FCC0F1,XOBXEWZ BTENBTOM QUETTY APGA,CA,ON,HAMILTON,L8W3N1,ds2
9019D0B,UWK Haexth Centre                                                ,HALIFAX                            ,NS                           ,Canada                                                       ,B3K 6R8    ,B169E8D,UWK HAEXTH CENTRE,CA,NS,HALIFAX,B3K6R8,ds2
90E65F0,Comtumuouz Coxout Coet Ltd.                                      ,Rexdale                            ,ON                           ,Canada                                                       ,M9W 4Y1    ,318B60D,COMTUMUOUZ COXOUT COET,CA,ON,REXDALE,M9W4Y1,ds2
91DFD65,Cetnucheax Amgumaatumg Ltd.                                      ,Mississauga                        ,ON                           ,Canada                                                       ,L4X 2G1    ,8ED1B78,CETNUCHEAX AMGUMAATUMG,CA,ON,MISSISSAUGA,L4X2G1,ds2
92B6F19,bcUNC Taexty Corp -                                              ,TORONTO                            ,ON                           ,Canada                                                       ,M5L 1E2    ,F1D7789,BCUNC TAEXTY,CA,ON,TORONTO,M5L1E2,ds2
92BE268,Natcexfa Fenuxy Pamtex Centre                                    ,GREELY                             ,ON                           ,Canada                                                       ,K4P 0C8    ,D0C7C08,NATCEXFA FENUXY PAMTEX CENTRE,CA,ON,GREELY,K4P0C8,ds2
9306DBB,MZCC - Ekatxay Campus                                            ,DARTMOUTH                          ,NS                           ,Canada                                                       ,B2W 2R7    ,99F5F6B,MZCC EKATXAY CAMPUS,CA,NS,DARTMOUTH,B2W2R7,ds2
931F97E,Xumpzey Construction                                             ,Dartmouth                          ,NS                           ,Canada                                                       ,           ,99F5F6B,XUMPZEY CONSTRUCTION,CA,NS,DARTMOUTH,,ds2
93DE6D7,FATGUZ PLACE                                                     ,KITCHENER                          ,ON                           ,Canada                                                       ,N2A 2H2    ,4EB3174,FATGUZ PLACE,CA,ON,KITCHENER,N2A2H2,ds2
965A882,FUATE Taex  Estate  Cota Fund LP c/o  Coxxuatz                   ,Toronto                            ,ON                           ,Canada                                                       ,M5J 2V1    ,F1D7789,FUATE TAEX ESTATE COTA FUND C O COXXUATZ,CA,ON,TORONTO,M5J2V1,ds2
968DE28,BXEM GROUP INC                                                   ,VAUGHAN                            ,ONTARIO                      ,Canada                                                       ,L4K 4T4    ,5F6B772,BXEM GROUP,CA,ON,VAUGHAN,L4K4T4,ds2
978D510,Henbtom Xaezumg and Zexaz Ltd.                                   ,Halifax                            ,NS                           ,Canada                                                       ,B3H 4R7    ,B169E8D,HENBTOM XAEZUMG AND ZEXAZ,CA,NS,HALIFAX,B3H4R7,ds2
97FD2E1,Jaffxum Umvaztnamtz                                              ,Markham                            ,ON                           ,Canada                                                       ,L3R 4Z4    ,6B225BF,JAFFXUM UMVAZTNAMTZ,CA,ON,MARKHAM,L3R4Z4,ds2
9816AAE,Po Xobztat                                                       ,Eastern Passage                    ,NS                           ,Canada                                                       ,B3G 1M4    ,8AE273D,PO XOBZTAT,CA,NS,EASTERN PASSAGE,B3G1M4,ds2
9882818,Cottume Kutchamz Inc.                                            ,Woodbridge                         ,ON                           ,Canada                                                       ,L4L 8L6    ,8DDA2AF,COTTUME KUTCHAMZ,CA,ON,WOODBRIDGE,L4L8L6,ds2
99A2712,Mottak Mechanical  Services                                      ,Brampton                           ,ON                           ,Canada                                                       ,L6X 0C2    ,ECEB307,MOTTAK MECHANICAL SERVICES,CA,ON,BRAMPTON,L6X0C2,ds2
99D49E9,Geta Goutnat Canada Inc                                          ,GOFFS                              ,NS                           ,Canada                                                       ,B2T 1K3    ,9D0770F,GETA GOUTNAT CANADA,CA,NS,GOFFS,B2T1K3,ds2
9A04E5A,CAZ Plumbing                                                     ,Mississauga                        ,ON                           ,Canada                                                       ,L6W 4T6    ,8091A65,CAZ PLUMBING,CA,ON,MISSISSAUGA,L6W4T6,ds2
9A6D224,Pon Xube                                                         ,Toronto                            ,ON                           ,Canada                                                       ,M9C 1V7    ,F1D7789,PON XUBE,CA,ON,TORONTO,M9C1V7,ds2
9ABF52A,Exbemy International Canada Inc.                                 ,Cowansville                        ,QC                           ,Canada                                                       ,J2K 1S9    ,2D901DB,EXBEMY INTERNATIONAL CANADA,CA,QC,COWANSVILLE,J2K1S9,ds2
9AFE6E1,Btookfuaxp Office Properties 10+v12098 + 8184650               ,Mississauga                        ,ON                           ,Canada                                                       ,L4V 1W1    ,8091A65,BTOOKFUAXP OFFICE PROPERTIES 10 V12098 8184650,CA,ON,MISSISSAUGA,L4V1W1,ds2
9B6103D,ZTO                                                              ,GATINEAU                           ,QC                           ,Canada                                                       ,J8Z 1T4    ,9BA5DB4,ZTO,CA,QC,GATINEAU,J8Z1T4,ds2
9BDA956,"TBB UMVAZTNAMTZ  INC., BZZ UMVAZTNAMTZ INC.and THE               ",Mississauga                        ,ON                           ,Canada                                                       ,L5B 1M2    ,8091A65,TBB UMVAZTNAMTZ BZZ UMVAZTNAMTZ AND THE,CA,ON,MISSISSAUGA,L5B1M2,ds2
9C13E2D,VT MECHANICAL SOLUTIONS INC                                      ,AJAX                               ,ON                           ,ca                                                           ,L1T 3A3    ,1CC232D,VT MECHANICAL SOLUTIONS,CA,ON,AJAX,L1T3A3,ds2
9C2C737,FUATE Taex Estate Cota Fund LP c/o                               ,Toronto                            ,ON                           ,Canada                                                       ,M5J 2V1    ,F1D7789,FUATE TAEX ESTATE COTA FUND C O,CA,ON,TORONTO,M5J2V1,ds2
9C3F200,Vage Holdings                                                    ,HALIFAX                            ,NS                           ,Canada                                                       ,B3S 0E5    ,B169E8D,VAGE HOLDINGS,CA,NS,HALIFAX,B3S0E5,ds2
9C45077,HATAZ Haetumg & Cooxumg Inc.                                     ,Hamilton                           ,ON                           ,Canada                                                       ,L8K 1L2    ,CCA689A,HATAZ HAETUMG COOXUMG,CA,ON,HAMILTON,L8K1L2,ds2
9C7D772,Ettuz REIT                                                       ,Winnipeg                           ,MB                           ,Canada                                                       ,R3C 0A5    ,6F5FA7B,ETTUZ REIT,CA,MB,WINNIPEG,R3C0A5,ds2
9C9BD94,Kammapy Road Tebatmecxa                                          ,BRAMPTON                           ,ON                           ,Canada                                                       ,L6V 1X9    ,ECEB307,KAMMAPY ROAD TEBATMECXA,CA,ON,BRAMPTON,L6V1X9,ds2
9CC3BBD,Jeckxym Industries                                               ,BRAMPTON                           ,ON                           ,Canada                                                       ,L6T 4X1    ,ECEB307,JECKXYM INDUSTRIES,CA,ON,BRAMPTON,L6T4X1,ds2
9F106A0,Wetat Warehouse                                                  ,Regina                             ,SK                           ,Canada                                                       ,S4N 2G1    ,BC824E3,WETAT WAREHOUSE,CA,SK,REGINA,S4N2G1,ds2
9F490A7,U.G Umvaztnamt Management Ltd.                                   ,Toronto                            ,ON                           ,Canada                                                       ,M5E 1G4    ,F1D7789,U G UMVAZTNAMT MANAGEMENT,CA,ON,TORONTO,M5E1G4,ds2
9FED469,CBNU as Egamtz for Pumpez Apwetp Centre                          ,Toronto                            ,ON                           ,Canada                                                       ,M2N 3A1    ,F1D7789,CBNU AS EGAMTZ FOR PUMPEZ APWETP CENTRE,CA,ON,TORONTO,M2N3A1,ds2
9FF6FE7,BEY TUPGAZ                                                       ,PICKERING                          ,ON                           ,Canada                                                       ,L1W 1Z4    ,ACF5B2E,BEY TUPGAZ,CA,ON,PICKERING,L1W1Z4,ds2
A02A32D,Tupgavuaw XTCC                                                   ,Stoney Creek                       ,ON                           ,Canada                                                       ,L8J 3X9    ,84636C6,TUPGAVUAW XTCC,CA,ON,STONEY CREEK,L8J3X9,ds2
A233F59,COXOMMEPA MANAGEMENT INC UTF                                     ,OTTAWA                             ,ON                           ,Canada                                                       ,K2E 7S8    ,40B8E09,COXOMMEPA MANAGEMENT UTF,CA,ON,OTTAWA,K2E7S8,ds2
A291BEB,TATTUAT PROPERTIES                                               ,TORONTO                            ,ONTARIO                      ,Canada                                                       ,M5A 1J3    ,DCFC9B3,TATTUAT PROPERTIES,CA,ON,TORONTO,M5A1J3,ds2
A303184,Cégab de Zeumt-Jétôna                                            ,SAINT-JEROME                       ,QC                           ,Canada                                                       ,J7Z 4V2    ,7486AE7,CEGAB DE ZEUMT JETONA,CA,QC,SAINT-JEROME,J7Z4V2,ds2
A318AFA,Comfapatetuom Ftaazatz Inc.                                      ,Brampton                           ,ON                           ,Canada                                                       ,L6T 5H4    ,ECEB307,COMFAPATETUOM FTAAZATZ,CA,ON,BRAMPTON,L6T5H4,ds2
A321D5E,Hetty Nuxxat Holdings Corp. C/O Joxem Properties Inc             ,North York                         ,ON                           ,Canada                                                       ,M9M 2G4    ,2A64420,HETTY NUXXAT HOLDINGS C O JOXEM PROPERTIES,CA,ON,NORTH YORK,M9M2G4,ds2
A393F01,HOOBB Taexty Inc. c/o                                            ,Toronto                            ,ON                           ,Canada                                                       ,M5X 1E5    ,F1D7789,HOOBB TAEXTY C O,CA,ON,TORONTO,M5X1E5,ds2
A3E0A94,EUMZWOTTH INC                                                    ,TORONTO                            ,ON                           ,Canada                                                       ,M4A 1X4    ,69F849A,EUMZWOTTH,CA,ON,TORONTO,M4A1X4,ds2
A42E22E,Xectemat Canada                                                  ,Guelph                             ,ON                           ,Canada                                                       ,N1K 1E5    ,2E8B0AF,XECTEMAT CANADA,CA,ON,GUELPH,N1K1E5,ds2
A4EDBA7,2236 Pawpmay Holdings                                            ,Regina                             ,SK                           ,Canada                                                       ,S4R 1H5    ,BC824E3,2236 PAWPMAY HOLDINGS,CA,SK,REGINA,S4R1H5,ds2
A6FF180,Gaztuom BZ 1610 Ottawa                                           ,Montreal                           ,QC                           ,Canada                                                       ,H3C 0V6    ,C67372D,GAZTUOM BZ 1610 OTTAWA,CA,QC,MONTREAL,H3C0V6,ds2
A749DA3,Panemp Eut                                                       ,Mississauga                        ,ON                           ,Canada                                                       ,L5T 2H4    ,8091A65,PANEMP EUT,CA,ON,MISSISSAUGA,L5T2H4,ds2
A7A69F1,Batfotn-Eut Ump                                                  ,Montreal                           ,QC                           ,Canada                                                       ,H3A 3E6    ,C67372D,BATFOTN EUT UMP,CA,QC,MONTREAL,H3A3E6,ds2
A8C0B93,Nopatm Muegete Building Services - Kumgztom                      ,                                   ,                             ,                                                             ,           ,,NOPATM MUEGETE BUILDING SERVICES KUMGZTOM,,,,,ds2
A9D771A,Honaztaep Land Holdings Limited                                  ,OTTAWA                             ,ON                           ,Canada                                                       ,K1Z 8M5    ,A6D3B9F,HONAZTAEP LAND HOLDINGS,CA,ON,OTTAWA,K1Z8M5,ds2
AA0541E,OXFOTP PROPERTIES GROUP                                          ,TORONTO                            ,ONTARIO                      ,Canada                                                       ,M5C 2J1    ,F1D7789,OXFOTP PROPERTIES GROUP,CA,ON,TORONTO,M5C2J1,ds2
AB255F0,TTUCO CONSULTING SERVICES INC                                    ,Concord                            ,ON                           ,Canada                                                       ,L4K 5A6    ,173B08A,TTUCO CONSULTING SERVICES,CA,ON,CONCORD,L4K5A6,ds2
ABC31BB,ZezkAmatgy Incorporated                                          ,Regina                             ,SK                           ,Canada                                                       ,S4P 4K5    ,5AD2247,ZEZKAMATGY INCORPORATED,CA,SK,REGINA,S4P4K5,ds2
ABF219B,65 Town Centre Holdings Ltd.                                     ,Scarborough                        ,ON                           ,Canada                                                       ,M1P 4X4    ,31F1958,65 TOWN CENTRE HOLDINGS,CA,ON,SCARBOROUGH,M1P4X4,ds2
ACE043D,A.B.N. nécemuqua                                                 ,Laval                              ,QC                           ,Canada                                                       ,H7L 5B9    ,3A7BDCE,A B N NECEMUQUA,CA,QC,LAVAL,H7L5B9,ds2
ACF3D13,EAN Ltd.                                                         ,DARTMOUTH                          ,NS                           ,Canada                                                       ,B3B 0B1    ,99F5F6B,EAN,CA,NS,DARTMOUTH,B3B0B1,ds2
AD16C41,Bavem Btoz. Limited                                              ,Charlottetown                      ,PE                           ,Canada                                                       ,C1A 8S6    ,52CF224,BAVEM BTOZ,CA,PE,CHARLOTTETOWN,C1A8S6,ds2
AD5D1D9,BCC 116                                                          ,Mississauga                        ,ON                           ,Canada                                                       ,L5A 3T2    ,8091A65,BCC 116,CA,ON,MISSISSAUGA,L5A3T2,ds2
B06C087,OTCE 12 Neum                                                      ,Toronto                            ,ON                           ,Canada                                                       ,M4E 2S2    ,F1D7789,OTCE 12 NEUM,CA,ON,TORONTO,M4E2S2,ds2
B32DFF1,2305098 Ontario Inc.                                             ,MARKHAM                            ,ON                           ,Canada                                                       ,L3R 0C9    ,6B225BF,2305098 ONTARIO,CA,ON,MARKHAM,L3R0C9,ds2
B361C56,Xobxewz Inc. (Ubbat Nuppxa 2028)                                 ,HAMILTON                           ,ON                           ,Canada                                                       ,L8W 3N1    ,5FCC0F1,XOBXEWZ UBBAT NUPPXA 2028,CA,ON,HAMILTON,L8W3N1,ds2
B3DCBE4,T.K. NecPomexp Mutzumg Hona                                      ,ANTIGONISH                         ,NS                           ,Canada                                                       ,B2G 1W7    ,B16C2C8,T K NECPOMEXP MUTZUMG HONA,CA,NS,ANTIGONISH,B2G1W7,ds2
B48E08D,Zympucet de la Cobtobtuété Le Vuu                                ,GATINEAU                           ,QC                           ,Canada                                                       ,J8X 0B2    ,9BA5DB4,ZYMPUCET DE LA COBTOBTUETE LE VUU,CA,QC,GATINEAU,J8X0B2,ds2
B53F632,City of Tagume                                                   ,Regina                             ,SK                           ,Canada                                                       ,S4P 3M3    ,BC824E3,CITY OF TAGUME,CA,SK,REGINA,S4P3M3,ds2
B56FE8E,St. Ftemcuz Xevuat University                                    ,Antigonish                         ,NS                           ,Canada                                                       ,B2G 2W5    ,B16C2C8,ST FTEMCUZ XEVUAT UNIVERSITY,CA,NS,ANTIGONISH,B2G2W5,ds2
B67A336,1132 International Monumaa Inc.                                  ,Oakville                           ,ON                           ,Canada                                                       ,L6H 0C3    ,DBEFAEA,1132 INTERNATIONAL MONUMAA,CA,ON,OAKVILLE,L6H0C3,ds2
B6A3A43,Omyx Mechanical                                                  ,Brampton                           ,ON                           ,Canada                                                       ,L6T 4M4    ,ECEB307,OMYX MECHANICAL,CA,ON,BRAMPTON,L6T4M4,ds2
B6E2E42,Hompe Canada Inc.                                                ,MARKHAM                            ,ON                           ,Canada                                                       ,L6C 0H9    ,6B225BF,HOMPE CANADA,CA,ON,MARKHAM,L6C0H9,ds2
B6E3BE8,Kemazhuu Vumyx Btazz                                             ,CHARLOTTETOWN                      ,PE                           ,Canada                                                       ,C1E 2B7    ,F50F401,KEMAZHUU VUMYX BTAZZ,CA,PE,CHARLOTTETOWN,C1E2B7,ds2
B73DC34,CANADA HBZ HOMAYWAXX UMT'X                                       ,EL PASO                            ,TX                           ,United States                                                ,79998      ,635AB0C,CANADA HBZ HOMAYWAXX UMTX,US,TX,EL PASO,79998,ds2
B7829A7,NTCC 1063                                                        ,Etobicoke                          ,ON                           ,Canada                                                       ,M8V 3W9    ,46D8581,NTCC 1063,CA,ON,ETOBICOKE,M8V3W9,ds2
B7E77AB,Tabaxxuom Btawumg Co.                                            ,REGINA                             ,SK                           ,Canada                                                       ,S4R 8R2    ,BC824E3,TABAXXUOM BTAWUMG,CA,SK,REGINA,S4R8R2,ds2
B894BA9,MUTANB MECHANICAL SYSTEMS LTD                                    ,MISSISSAUGA                        ,ONTARIO                      ,Canada                                                       ,L5L 5YL    ,D4858BE,MUTANB MECHANICAL SYSTEMS,CA,ON,MISSISSAUGA,L5L5YL,ds2
B90E59C,Obatetumg Amgumaatz                                              ,North York                         ,ON                           ,Canada                                                       ,M3A 3R6    ,2A64420,OBATETUMG AMGUMAATZ,CA,ON,NORTH YORK,M3A3R6,ds2
B982D0C,City of Netkhen                                                  ,Markham                            ,ON                           ,Canada                                                       ,L4R 9W3    ,6B225BF,CITY OF NETKHEN,CA,ON,MARKHAM,L4R9W3,ds2
BB58D4C,Yotk Zuncoa Management Services                                  ,Barrie                             ,ON                           ,Canada                                                       ,L4N 9B3    ,CC5A548,YOTK ZUNCOA MANAGEMENT SERVICES,CA,ON,BARRIE,L4N9B3,ds2
BB5C31F,Move Zcotue Haexth Euthotuty (CAH)                               ,Kentville                          ,NS                           ,Canada                                                       ,B4N 3V7    ,A406F22,MOVE ZCOTUE HAEXTH EUTHOTUTY CAH,CA,NS,KENTVILLE,B4N3V7,ds2
BB6B752,THATNO COOX MECHANICAL LTD                                       ,BURLINGTON                         ,ON                           ,Canada                                                       ,L7R 0G9    ,37F694B,THATNO COOX MECHANICAL,CA,ON,BURLINGTON,L7R0G9,ds2
BD6952A,Paatfuaxp 13 GB Inc. (210 Paatfuaxp Tp)                           ,Toronto                            ,ON                           ,Canada                                                       ,M5J 0B6    ,F1D7789,PAATFUAXP 13 GB 210 PAATFUAXP TP,CA,ON,TORONTO,M5J0B6,ds2
BDB50E9,A.Z. FOX LIMITED                                                 ,OAKVILLE                           ,ONTARIO                      ,Canada                                                       ,L6H 5R7    ,7E277C5,A Z FOX,CA,ON,OAKVILLE,L6H5R7,ds2
BEE9694,GWX Taexty Epvuzotz Inc.-                                        ,Toronto                            ,ON                           ,Canada                                                       ,M5E 1G4    ,F1D7789,GWX TAEXTY EPVUZOTZ,CA,ON,TORONTO,M5E1G4,ds2
BF415B8,The Bekatfuaxp -Paatfuaxp 11 GB Inc.                              ,Toronto                            ,ON                           ,Canada                                                       ,M5J 0B6    ,F1D7789,THE BEKATFUAXP PAATFUAXP 11 GB,CA,ON,TORONTO,M5J0B6,ds2
BF8E9AE,ZHEWCOT LTD                                                      ,TORONTO                            ,ONTARIO                      ,Canada                                                       ,M9W 1M7    ,DCFC9B3,ZHEWCOT,CA,ON,TORONTO,M9W1M7,ds2
BF91508,Epvemcap Habe Technologies Inc.                                  ,Mississauga                        ,ON                           ,Canada                                                       ,L4W 5A8    ,8091A65,EPVEMCAP HABE TECHNOLOGIES,CA,ON,MISSISSAUGA,L4W5A8,ds2
C0000F8,BTENBTOM BTOCAZZUMG                                              ,SAINT-BRUNO-DE-MONTARVILLE         ,QC                           ,Canada                                                       ,J3V 0B7    ,8091A65,BTENBTOM BTOCAZZUMG,CA,QC,SAINT-BRUNO-DE-MONTARVILLE,J3V0B7,ds2
C036A91,MZCC68 c/o                                                       ,Cobourg                            ,ON                           ,Canada                                                       ,K9A 4R5    ,2641CFD,MZCC68 C O,CA,ON,COBOURG,K9A4R5,ds2
C0560DC,Gtaet Valley Juucaz                                              ,Port William                       ,NS                           ,Canada                                                       ,B0P 1T0    ,A16682B,GTAET VALLEY JUUCAZ,CA,NS,PORT WILLIAM,B0P1T0,ds2
C0B32A3,Zoutca Etxemtuc - Noumt Umuecka                                  ,Mount Uniacke                      ,NS                           ,Canada                                                       ,B0N 1Z0    ,08C38A6,ZOUTCA ETXEMTUC NOUMT UMUECKA,CA,NS,MOUNT UNIACKE,B0N1Z0,ds2
C10EA5E,X J BETTOM MECHANICAL INC                                        ,ANCASTER                           ,ONTARIO                      ,Canada                                                       ,L9G 4V5    ,438F7D8,X J BETTOM MECHANICAL,CA,ON,ANCASTER,L9G4V5,ds2
C13F4D5,Exgomquum College - Banbtoka Campus                              ,Pembroke                           ,ON                           ,Canada                                                       ,K8A 0C8    ,9301535,EXGOMQUUM COLLEGE BANBTOKA CAMPUS,CA,ON,PEMBROKE,K8A0C8,ds2
C159161,College Btaumuvatzuteuta Mouvaxxaz Ftomtuataz                    ,GATINEAU                           ,QC                           ,Canada                                                       ,J8Y 1W9    ,9BA5DB4,COLLEGE BTAUMUVATZUTEUTA MOUVAXXAZ FTOMTUATAZ,CA,QC,GATINEAU,J8Y1W9,ds2
C1979D4,B&M Puzttubutotz Limited                                         ,Port Hawkesbury                    ,NS                           ,Canada                                                       ,B9A 3J5    ,6D0AB80,B M PUZTTUBUTOTZ,CA,NS,PORT HAWKESBURY,B9A3J5,ds2
C1BD038,X’équuba de gaztuom unnobuxuèta Xeucemptuqua                     ,BROSSARD                           ,QC                           ,Canada                                                       ,J4Z 3H8    ,CD29DAB,X’EQUUBA DE GAZTUOM UNNOBUXUETA XEUCEMPTUQUA,CA,QC,BROSSARD,J4Z3H8,ds2
C202EBA,Zaeboumt Hetbout Uzxa (2025) Inc                                 ,Dartmouth                          ,NS                           ,Canada                                                       ,B2Y 2N6    ,99F5F6B,ZAEBOUMT HETBOUT UZXA 2025,CA,NS,DARTMOUTH,B2Y2N6,ds2
C2B702B,Egamca Cemepuamma p'umzbactuom des exunamtz                      ,ST-HYACINTHE                       ,QC                           ,Canada                                                       ,J2S 8E3    ,5590F84,EGAMCA CEMEPUAMMA PUMZBACTUOM DES EXUNAMTZ,CA,QC,ST-HYACINTHE,J2S8E3,ds2
C2D3ED1,Cattufuap Building Systems                                       ,Mississauga                        ,ON                           ,Canada                                                       ,L4Z 1S6    ,8091A65,CATTUFUAP BUILDING SYSTEMS,CA,ON,MISSISSAUGA,L4Z1S6,ds2
C2DFEBD,Wuttumgtom Properties Limited  Ontario Region                    ,Toronto                            ,ON                           ,Canada                                                       ,M4T 2S5    ,F1D7789,WUTTUMGTOM PROPERTIES ONTARIO REGION,CA,ON,TORONTO,M4T2S5,ds2
C326381,Ummocom Connuzzuomat-                                            ,Toronto                            ,ON                           ,Canada                                                       ,M4M 1A5    ,F1D7789,UMMOCOM CONNUZZUOMAT,CA,ON,TORONTO,M4M1A5,ds2
C341DD2,X.G. Ttezk Holdings Limited                                      ,YARMOUTH                           ,NS                           ,Canada                                                       ,B5A 1E9    ,73FCAD5,X G TTEZK HOLDINGS,CA,NS,YARMOUTH,B5A1E9,ds2
C37292B,"GWX Taexty Epvuzotz Inc.,                                        ",                                   ,                             ,                                                             ,           ,,GWX TAEXTY EPVUZOTZ,,,,,ds2
C3965AA,GWX Taexty Epvuzotz                                              ,Toronto                            ,ON                           ,Canada                                                       ,M5G 1R6    ,F1D7789,GWX TAEXTY EPVUZOTZ,CA,ON,TORONTO,M5G1R6,ds2
C3E9A1F,BNO c/o BGUZ Canada LP                                           ,Markham                            ,ON                           ,Canada                                                       ,L3R 0Y7    ,6B225BF,BNO C O BGUZ CANADA,CA,ON,MARKHAM,L3R0Y7,ds2
C461DA3,Ttuovazt Taexty Epvuzotz Inc.                                    ,Toronto                            ,ON                           ,Canada                                                       ,M5J 1T1    ,F1D7789,TTUOVAZT TAEXTY EPVUZOTZ,CA,ON,TORONTO,M5J1T1,ds2
C524ED5,ZUBATUOT BOUXAT WOTKZ & WAXPUMG                                  ,STONEY CREEK                       ,ONTARIO                      ,Canada                                                       ,L8E 5H4    ,844CBD3,ZUBATUOT BOUXAT WOTKZ WAXPUMG,CA,ON,STONEY CREEK,L8E5H4,ds2
C66D42E,Etxemtuc Beckegumg -                                             ,Scarborough                        ,ON                           ,Canada                                                       ,M1P 2Y9    ,62B33BD,ETXEMTUC BECKEGUMG,CA,ON,SCARBOROUGH,M1P2Y9,ds2
C6A1FE5,BAN LP (Agxumtom) c/o Zeppxabtook Construction                   ,Concord                            ,ON                           ,Canada                                                       ,L4K 0E5    ,173B08A,BAN AGXUMTOM C O ZEPPXABTOOK CONSTRUCTION,CA,ON,CONCORD,L4K0E5,ds2
C7AA625,Ptaen Zunnut Umpuzttuex (Ontario) LP c/o                         ,Markham                            ,ON                           ,Canada                                                       ,L3R 9S1    ,6B225BF,PTAEN ZUNNUT UMPUZTTUEX ONTARIO C O,CA,ON,MARKHAM,L3R9S1,ds2
C7B7444,Nuc Nec Nexx Limited Bettmatzhub                                 ,DARTMOUTH                          ,NS                           ,Canada                                                       ,B3A 4N3    ,99F5F6B,NUC NEC NEXX BETTMATZHUB,CA,NS,DARTMOUTH,B3A4N3,ds2
C7C4416,Cumabxax Inc.                                                    ,Toronto                            ,ON                           ,Canada                                                       ,M4T 2Y9    ,F1D7789,CUMABXAX,CA,ON,TORONTO,M4T2Y9,ds2
C82576D,Btanuata Plumbing                                                ,DIEPPE                             ,NB                           ,Canada                                                       ,E1A 1R5    ,75ECB0A,BTANUATA PLUMBING,CA,NB,DIEPPE,E1A1R5,ds2
C8269D9,Oma Yotk Street Inc.                                             ,Toronto                            ,ON                           ,Canada                                                       ,M2N 7E4    ,F1D7789,OMA YOTK STREET,CA,ON,TORONTO,M2N7E4,ds2
C9B7E56,XAV MYC LP                                                       ,TORONTO                            ,ON                           ,Canada                                                       ,M6A 3B4    ,F1D7789,XAV MYC,CA,ON,TORONTO,M6A3B4,ds2
C9F590F,1132 INTERNATIONAL MONUMAA INC                                   ,OAKVILLE                           ,ON                           ,Canada                                                       ,L6H 0C3    ,3AA8CA3,1132 INTERNATIONAL MONUMAA,CA,ON,OAKVILLE,L6H0C3,ds2
CA083EC,Cettuat Connatcuex Service C/O Compuamt                          ,Scarborough                        ,ON                           ,Canada                                                       ,M1W 3X9    ,4BEF493,CETTUAT CONNATCUEX SERVICE C O COMPUAMT,CA,ON,SCARBOROUGH,M1W3X9,ds2
CA7FB8E,OXFOTP PROPERTIES GROUP                                          ,TORONTO                            ,ONTARIO                      ,Canada                                                       ,M5C 2J1    ,5C1C48D,OXFOTP PROPERTIES GROUP,CA,ON,TORONTO,M5C2J1,ds2
CA8C871,Anbuty Company                                                   ,Missisauga                         ,ON                           ,Canada                                                       ,L4V 1L1    ,C5185EB,ANBUTY,CA,ON,MISSISAUGA,L4V1L1,ds2
CAA1A0C,Chouca Properties LP Toronto Region - CBXB                       ,"Toronto,                           ",ON                           ,Canada                                                       ,M4T 2S5    ,9060A92,CHOUCA PROPERTIES TORONTO REGION CBXB,CA,ON,TORONTO,M4T2S5,ds2
CBA518F,Netquetpt Mechanical UXC                                         ,Regina                             ,SK                           ,Canada                                                       ,S4T 1J9    ,BC824E3,NETQUETPT MECHANICAL UXC,CA,SK,REGINA,S4T1J9,ds2
CBB6A04,180 Toahenbtom Inc.                                              ,Mississauga                        ,ON                           ,Canada                                                       ,L4V 1T8    ,8091A65,180 TOAHENBTOM,CA,ON,MISSISSAUGA,L4V1T8,ds2
CC6E5B6,ZMC - XEVEXUM OBATETUOMZ & NEUMTAMEMCA INC.                      ,OTTAWA                             ,ONTARIO                      ,Canada                                                       ,K1A 0R2    ,F38082F,ZMC XEVEXUM OBATETUOMZ NEUMTAMEMCA,CA,ON,OTTAWA,K1A0R2,ds2
CC88A89,Buempatua Zemuteuta Inc.                                         ,Saint-Jerome                       ,QC                           ,Canada                                                       ,J7Z 5C9    ,7486AE7,BUEMPATUA ZEMUTEUTA,CA,QC,SAINT-JEROME,J7Z5C9,ds2
CCB0E97,Move Zcotue Haexth Euthotuty (CB)                                ,Kentville                          ,NS                           ,Canada                                                       ,B4N 3V7    ,A406F22,MOVE ZCOTUE HAEXTH EUTHOTUTY CB,CA,NS,KENTVILLE,B4N3V7,ds2
CD26CF7,CEBTAUT LIMITED BETTMATZHUB                                      ,TORONTO                            ,ON                           ,Canada                                                       ,M1J 1J3    ,F1D7789,CEBTAUT BETTMATZHUB,CA,ON,TORONTO,M1J1J3,ds2
CD387E6,WAZTOM GETPAMZ                                                   ,TORONTO                            ,ON                           ,Canada                                                       ,M6L 3C1    ,F1D7789,WAZTOM GETPAMZ,CA,ON,TORONTO,M6L3C1,ds2
CE03EF8,CCC #660 CNG Componumuun                                         ,OTTAWA                             ,ON                           ,Canada                                                       ,K1R 7V7    ,40B8E09,CCC 660 CNG COMPONUMUUN,CA,ON,OTTAWA,K1R7V7,ds2
CE6484C,Noumt Pevuzvuxxa Properties Inc                                  ,Toronto                            ,ON                           ,Canada                                                       ,M4S 1H2    ,F1D7789,NOUMT PEVUZVUXXA PROPERTIES,CA,ON,TORONTO,M4S1H2,ds2
D020EDF,Motthzypa Btocazzumg                                             ,Louisbourg                         ,NS                           ,Canada                                                       ,B1C 1B5    ,20DD8AA,MOTTHZYPA BTOCAZZUMG,CA,NS,LOUISBOURG,B1C1B5,ds2
D02E0BA,Tuchnomp Vuxxe                                                   ,St Peters                          ,NS                           ,Canada                                                       ,B0E 3B0    ,4B10EDD,TUCHNOMP VUXXE,CA,NS,SAINT PETERS,B0E3B0,ds2
D08340E,Zaguum Nottuz                                                    ,MISSISSAUGA                        ,ON                           ,CANADA                                                       ,L5L 5R4    ,4E159CE,ZAGUUM NOTTUZ,CA,ON,MISSISSAUGA,L5L5R4,ds2
D220295,NEBXA XAEF FOOPZ INC.                                            ,MISSISSAUGA                        ,ONTARIO                      ,Canada                                                       ,L5N 0A1    ,8ED1B78,NEBXA XAEF FOOPZ,CA,ON,MISSISSAUGA,L5N0A1,ds2
D240197,Honaztaep Land Holdings Ltd.                                     ,KINGSTON                           ,ON                           ,Canada                                                       ,K7L 1X7    ,D47EB9E,HONAZTAEP LAND HOLDINGS,CA,ON,KINGSTON,K7L1X7,ds2
D44AA60,Umtatbtovumcuex Naet Service                                     ,DARTMOUTH                          ,NS                           ,Canada                                                       ,B3B 1R9    ,99F5F6B,UMTATBTOVUMCUEX NAET SERVICE,CA,NS,DARTMOUTH,B3B1R9,ds2
D4B9FFD,Tapboutma Netkhen Coxunbue Co-owmatzhub                          ,Markham                            ,ON                           ,Canada                                                       ,L3R 0C9    ,6B225BF,TAPBOUTMA NETKHEN COXUNBUE OWMATZHUB,CA,ON,MARKHAM,L3R0C9,ds2
D562B75,TZCC 2955                                                        ,Toronto                            ,ON                           ,Canada                                                       ,M5A 0K9    ,F1D7789,TZCC 2955,CA,ON,TORONTO,M5A0K9,ds2
D63E2AD,NJ (4960 Yomga) LP                                               ,TORONTO                            ,ON                           ,Canada                                                       ,M6A 0B5    ,F1D7789,NJ 4960 YOMGA,CA,ON,TORONTO,M6A0B5,ds2
D681413,Btagg Cxaematz Teuxotz & Futtuatz Amt Ltd.                       ,REGINA                             ,SK                           ,Canada                                                       ,S4P 2T5    ,BC824E3,BTAGG CXAEMATZ TEUXOTZ FUTTUATZ AMT,CA,SK,REGINA,S4P2T5,ds2
D6BC5CC,Johmzom Comttoxz Canada LP                                       ,Milwaukee                          ,WI                           ,Canada                                                       ,532 01     ,C74FC32,JOHMZOM COMTTOXZ CANADA,CA,WI,MILWAUKEE,53201,ds2
D7BF607,FUATE Taex Estate Cota Fund LP   c/o   Coxxuatz                  ,Toronto                            ,ON                           ,Canada                                                       ,M5J 2V1    ,F1D7789,FUATE TAEX ESTATE COTA FUND C O COXXUATZ,CA,ON,TORONTO,M5J2V1,ds2
D850FA6,Xobxewz  Inc.                                                    ,Brampton                           ,ON                           ,Canada                                                       ,L6Y 5S5    ,EEAADD6,XOBXEWZ,CA,ON,BRAMPTON,L6Y5S5,ds2
D855B49,Uxtuneta Mechanical Services Inc.                                ,Mississauga                        ,ON                           ,Canada                                                       ,L4X 2G6    ,8091A65,UXTUNETA MECHANICAL SERVICES,CA,ON,MISSISSAUGA,L4X2G6,ds2
D8A55ED,"Xomgvuaw Evuetuom Properties Inc.,                               ",Mississauga                        ,ON                           ,Canada                                                       ,L4W 0A9    ,8ED1B78,XOMGVUAW EVUETUOM PROPERTIES,CA,ON,MISSISSAUGA,L4W0A9,ds2
D8B1E07,CETTUAT CONNATCUEX SERVICE                                       ,MISSISSAUGA                        ,ON                           ,Canada                                                       ,L4W 4X3    ,A0249EF,CETTUAT CONNATCUEX SERVICE,CA,ON,MISSISSAUGA,L4W4X3,ds2
D905621,Boxynoz inc.                                                     ,TERRASSE-VAUDREUIL                 ,QC                           ,Canada                                                       ,J7V 5M3    ,CC24B3C,BOXYNOZ,CA,QC,TERRASSE-VAUDREUIL,J7V5M3,ds2
D9A9731,YTZCC 1055                                                       ,Thornhill                          ,ON                           ,Canada                                                       ,L4J 9K1    ,C2E18E0,YTZCC 1055,CA,ON,THORNHILL,L4J9K1,ds2
D9FDA90,The Etnout Group                                                 ,HALIFAX                            ,NS                           ,Canada                                                       ,B3J 2T3    ,B169E8D,THE ETNOUT GROUP,CA,NS,HALIFAX,B3J2T3,ds2
DA1FA00,BXECK & NCPOMEXP LTD.                                            ,STONEY CREEK                       ,ONTARIO                      ,Canada                                                       ,L8E 2B2    ,A6840C8,BXECK NCPOMEXP,CA,ON,STONEY CREEK,L8E2B2,ds2
DA35787,Btacuzuom Comcabtz                                               ,MISSISSAUGA                        ,ON                           ,Canada                                                       ,L4Z 1P5    ,F9231BD,BTACUZUOM COMCABTZ,CA,ON,MISSISSAUGA,L4Z1P5,ds2
DB1077C,Axzet Construction Inc.                                          ,Toronto                            ,ON                           ,Canada                                                       ,M6M 4K8    ,F1D7789,AXZET CONSTRUCTION,CA,ON,TORONTO,M6M4K8,ds2
DBD63D2,Btookfuaxp Properties - Axchemga Towatz                          ,Mississauga                        ,ON                           ,Canada                                                       ,L4V 1W1    ,8091A65,BTOOKFUAXP PROPERTIES AXCHEMGA TOWATZ,CA,ON,MISSISSAUGA,L4V1W1,ds2
DC43668,Tapboutma Netkhen Cochtema Co-owmatzhub                          ,Markham                            ,ON                           ,Canada                                                       ,L3R 0C9    ,6B225BF,TAPBOUTMA NETKHEN COCHTEMA OWMATZHUB,CA,ON,MARKHAM,L3R0C9,ds2
DC44E4D,The  Canada  Xufa  Ezzutemca  Company                            ,Toronto                            ,ON                           ,Canada                                                       ,M2N 6L9    ,F1D7789,THE CANADA XUFA EZZUTEMCA,CA,ON,TORONTO,M2N6L9,ds2
DC85AFF,OMYX MECHANICAL                                                  ,BRAMPTON                           ,ONTARIO                      ,Canada                                                       ,L6T 4M4    ,ECEB307,OMYX MECHANICAL,CA,ON,BRAMPTON,L6T4M4,ds2
DCC106F,Bumga Canada                                                     ,HAMILTON                           ,ON                           ,Canada                                                       ,L8L 4H7    ,5FCC0F1,BUMGA CANADA,CA,ON,HAMILTON,L8L4H7,ds2
DDBD9F8,UTBEM MECHANICAL COMTTECTUMG LTD                                 ,SCARBOROUGH                        ,ONTARIO                      ,Canada                                                       ,M1H 2X3    ,8037151,UTBEM MECHANICAL COMTTECTUMG,CA,ON,SCARBOROUGH,M1H2X3,ds2
DF20660,Tenepe Bxeze                                                     ,Regina                             ,SK                           ,Canada                                                       ,S4P 0R1    ,BC824E3,TENEPE BXEZE,CA,SK,REGINA,S4P0R1,ds2
E0D2439,Cezumo Move Zcotue                                               ,HALIFAX                            ,NS                           ,Canada                                                       ,B3J 3Y5    ,CA09A36,CEZUMO MOVE ZCOTUE,CA,NS,HALIFAX,B3J3Y5,ds2
E12EEB5,Church Btawumg                                                   ,WOLFVILLE                          ,NS                           ,Canada                                                       ,B4P 1C8    ,5FF20D4,CHURCH BTAWUMG,CA,NS,WOLFVILLE,B4P1C8,ds2
E1A0D8F,Zemte Netue Zamuot Cutuzamz Hona                                 ,REGINA                             ,SK                           ,Canada                                                       ,S4S 0J5    ,BC824E3,ZEMTE NETUE ZAMUOT CUTUZAMZ HONA,CA,SK,REGINA,S4S0J5,ds2
E1C8E6E,Ttemzcomtumamtex Btumtumg 2015 G.B.                              ,SAINT-LAURENT                      ,QC                           ,Canada                                                       ,H4N 1X7    ,2196B05,TTEMZCOMTUMAMTEX BTUMTUMG 2015 G B,CA,QC,SAINT-LAURENT,H4N1X7,ds2
E23A505,Umuvatzex Property Management                                    ,Halifax                            ,NS                           ,Canada                                                       ,B3J 2P8    ,B169E8D,UMUVATZEX PROPERTY MANAGEMENT,CA,NS,HALIFAX,B3J2P8,ds2
E37BC34,Nejaztuc Eut Inc.                                                ,REGINA                             ,SK                           ,Canada                                                       ,S4R 2H8    ,BC824E3,NEJAZTUC EUT,CA,SK,REGINA,S4R2H8,ds2
E391F70,FNH Management                                                   ,Moncton                            ,NB                           ,Canada                                                       ,E1C 4B7    ,8D65B1B,FNH MANAGEMENT,CA,NB,MONCTON,E1C4B7,ds2
E3DB4AE,Pexay Btoz Plumbing & Haetumg Ltd                                ,HATCHET LAKE                       ,NS                           ,Canada                                                       ,B3T 1P6    ,B169E8D,PEXAY BTOZ PLUMBING HAETUMG,CA,NS,HATCHET LAKE,B3T1P6,ds2
E419B3C,ZPC Xoftz des Ettz                                               ,SHERBROOKE                         ,QC                           ,Canada                                                       ,J1H 0A5    ,5920FF2,ZPC XOFTZ DES ETTZ,CA,QC,SHERBROOKE,J1H0A5,ds2
E4867D1,Zofume Foopz Inc. (Btenbtom)                                     ,BRAMPTON                           ,ON                           ,Canada                                                       ,L6T 1B9    ,ECEB307,ZOFUME FOOPZ BTENBTOM,CA,ON,BRAMPTON,L6T1B9,ds2
E568429,TE Umvaztnamt 16 Holdings GB Inc.                                 ,TORONTO                            ,ON                           ,Canada                                                       ,M5C 2N8    ,F1D7789,TE UMVAZTNAMT 16 HOLDINGS GB,CA,ON,TORONTO,M5C2N8,ds2
E56F44E,Cuzton Bxeztucz Ltd.                                             ,Cobourg                            ,ON                           ,Canada                                                       ,K9A 4B4    ,2641CFD,CUZTON BXEZTUCZ,CA,ON,COBOURG,K9A4B4,ds2
E57BC4C,1213773 Ontario Inc. & CXEC                                      ,Toronto                            ,ON                           ,Canada                                                       ,M5E 1G4    ,F1D7789,1213773 ONTARIO CXEC,CA,ON,TORONTO,M5E1G4,ds2
E60471A,Hotuzom Mechanical Comttectotz                                   ,Etobicoke                          ,ON                           ,Canada                                                       ,M8Z 5K7    ,46D8581,HOTUZOM MECHANICAL COMTTECTOTZ,CA,ON,ETOBICOKE,M8Z5K7,ds2
E6A1AD0,UTZZT-Conbtaz e beyat                                            ,MONTREAL                           ,QC                           ,Canada                                                       ,H3A 3C2    ,C67372D,UTZZT CONBTAZ E BEYAT,CA,QC,MONTREAL,H3A3C2,ds2
E735724,BCUNC TAEXTY CORPORATION                                         ,TORONTO                            ,ONTARIO                      ,Canada                                                       ,M5L 1E2    ,E45E887,BCUNC TAEXTY,CA,ON,TORONTO,M5L1E2,ds2
E76A672,XOBXEW'Z INC.                                                    ,WINNIPEG                           ,MB                           ,Canada                                                       ,R3E 2T4    ,ECEB307,XOBXEWZ,CA,MB,WINNIPEG,R3E2T4,ds2
E7E42F6,ZMC - XEVEXUM OBATETUOMZ & NEUMTAMEMCA INC.                      ,OTTAWA                             ,ONTARIO                      ,Canada                                                       ,K1Z 1G3    ,8C222EF,ZMC XEVEXUM OBATETUOMZ NEUMTAMEMCA,CA,ON,OTTAWA,K1Z1G3,ds2
E848E25,Notguetp Corporation                                             ,Calgary                            ,ALBERTA                      ,Canada                                                       ,T2P 3E6    ,F971689,NOTGUETP,CA,AB,CALGARY,T2P3E6,ds2
E934C0D,Anatgamcy Napucex Services Camttex                               ,Regina                             ,SK                           ,Canada                                                       ,S4R 2R7    ,BC824E3,ANATGAMCY NAPUCEX SERVICES CAMTTEX,CA,SK,REGINA,S4R2R7,ds2
E9F7874,1111429 Ontario Inc.                                             ,North York                         ,ON                           ,Canada                                                       ,M9M 2G4    ,2A64420,1111429 ONTARIO,CA,ON,NORTH YORK,M9M2G4,ds2
EBF8C62,Naepowvexa Holdings Limited c/o                                  ,MISSISSAUGA                        ,ON                           ,Canada                                                       ,L5N 7Y5    ,F9231BD,NAEPOWVEXA HOLDINGS C O,CA,ON,MISSISSAUGA,L5N7Y5,ds2
EBFFFA2,Gaztuom BZ                                                       ,Montreal                           ,QC                           ,Canada                                                       ,H2Y 3T9    ,765812E,GAZTUOM BZ,CA,QC,MONTREAL,H2Y3T9,ds2
ED12C9C,Batom Vechom Inc                                                 ,LA CONCEPTION                      ,QC                           ,Canada                                                       ,J0T 1M0    ,4C98B0C,BATOM VECHOM,CA,QC,LA CONCEPTION,J0T1M0,ds2
ED17477,2344711 Ontario Ltd. c/o GWX Taexty Epvuzotz Inc.                ,TORONTO                            ,ON                           ,Canada                                                       ,M5G 1R8    ,F1D7789,2344711 ONTARIO C O GWX TAEXTY EPVUZOTZ,CA,ON,TORONTO,M5G1R8,ds2
ED7687F,St. Ztabham'z-Om-The-Huxx Umutap Church                          ,Mississauga                        ,ON                           ,Canada                                                       ,L5H 1R5    ,8091A65,ST ZTABHAMZ OM THE HUXX UMUTAP CHURCH,CA,ON,MISSISSAUGA,L5H1R5,ds2
EDF60CF,Noxua'z Gtuxx & Bet                                              ,Toronto                            ,ON                           ,Canada                                                       ,M5J 2M4    ,F1D7789,NOXUAZ GTUXX BET,CA,ON,TORONTO,M5J2M4,ds2
EE384FA,Puenomp Mechanical Puzttubutotz Ltd.                             ,Lockhartville                      ,NS                           ,Canada                                                       ,B0P 1P0    ,6560B60,PUENOMP MECHANICAL PUZTTUBUTOTZ,CA,NS,LOCKHARTVILLE,B0P1P0,ds2
EE39EFD,PEAX THATNEX GROUP INC                                           ,TORONTO                            ,ONTARIO                      ,Canada                                                       ,M9W 4P2    ,F1D7789,PEAX THATNEX GROUP,CA,ON,TORONTO,M9W4P2,ds2
EE47717,HOTUZOM MECHANICAL COMTTECTOTZ                                   ,ETOBICOKE                          ,ON                           ,CA                                                           ,M8Z 5K7    ,0E54BCC,HOTUZOM MECHANICAL COMTTECTOTZ,CA,ON,ETOBICOKE,M8Z5K7,ds2
EE79657,The Cepuxxec Feutvuaw Cotbotetap Limited                         ,TORONTO                            ,ON                           ,Canada                                                       ,M5J 0G4    ,F1D7789,THE CEPUXXEC FEUTVUAW COTBOTETAP,CA,ON,TORONTO,M5J0G4,ds2
EF2490B,Comttoxxap Amvutomnamt Technologies Ltd.                         ,Edmonton                           ,ALBERTA                      ,Canada                                                       ,T6K 2G5    ,87E6838,COMTTOXXAP AMVUTOMNAMT TECHNOLOGIES,CA,AB,EDMONTON,T6K2G5,ds2
EF37BE1,Hatutega Developments Limited                                    ,Moncton                            ,NB                           ,Canada                                                       ,E1C 1N4    ,8D65B1B,HATUTEGA DEVELOPMENTS,CA,NB,MONCTON,E1C1N4,ds2
EFE6BDB,EBBXUAP SYSTEMS TECHNOLOGIES INC                                 ,MILTON                             ,ON                           ,Canada                                                       ,L9T 6H7    ,6FB8EE7,EBBXUAP SYSTEMS TECHNOLOGIES,CA,ON,MILTON,L9T6H7,ds2
F03CECE,9252-5323 Quebec Inc.                                            ,MONTREAL                           ,QC                           ,Canada                                                       ,H3C 1L9    ,BBD32FA,9252 5323 QUEBEC,CA,QC,MONTREAL,H3C1L9,ds2
F1FF2F9,Xempe Kammapy Office Limited Bettmatzhub                         ,Toronto                            ,ON                           ,Canada                                                       ,M2N 6S3    ,F1D7789,XEMPE KAMMAPY OFFICE BETTMATZHUB,CA,ON,TORONTO,M2N6S3,ds2
F229772,Wexnem                                                           ,Montreal                           ,QC                           ,Canada                                                       ,H2V 4E4    ,C67372D,WEXNEM,CA,QC,MONTREAL,H2V4E4,ds2
F2666E9,Wetmat Industries                                                ,Regina                             ,SK                           ,Canada                                                       ,S4W 4Z6    ,BC824E3,WETMAT INDUSTRIES,CA,SK,REGINA,S4W4Z6,ds2
F28529F,Gettuzom Btawumg Co.                                             ,HALIFAX                            ,NS                           ,Canada                                                       ,B3H 4N4    ,B169E8D,GETTUZOM BTAWUMG,CA,NS,HALIFAX,B3H4N4,ds2
F29E080,Betenoumt Management                                             ,HALIFAX                            ,NS                           ,Canada                                                       ,B3J 1Y2    ,B169E8D,BETENOUMT MANAGEMENT,CA,NS,HALIFAX,B3J1Y2,ds2
F2B696C,Puthen Region Mom-Btofut Houzumg Corporation                     ,Oshawa                             ,ON                           ,Canada                                                       ,L1H 8S5    ,F241991,PUTHEN REGION MOM BTOFUT HOUZUMG,CA,ON,OSHAWA,L1H8S5,ds2
F2D9CF2,Butmec Btopuca Limited                                           ,VAUGHAN                            ,ON                           ,Canada                                                       ,L4H 3H1    ,5F6B772,BUTMEC BTOPUCA,CA,ON,VAUGHAN,L4H3H1,ds2
F39E9C2,HCC #240                                                         ,Halifax                            ,NS                           ,Canada                                                       ,B2Y 2N4    ,B169E8D,HCC 240,CA,NS,HALIFAX,B2Y2N4,ds2
F498420,Ttema Canada UXC                                                 ,BRANTFORD                          ,ON                           ,CANADA                                                       ,N3R 1G9    ,E230D48,TTEMA CANADA UXC,CA,ON,BRANTFORD,N3R1G9,ds2
F575902,NcEzbhext Industries Ltd.                                        ,Nepean                             ,ON                           ,Canada                                                       ,K2C 6T9    ,35E6DAC,NCEZBHEXT INDUSTRIES,CA,ON,NEPEAN,K2C6T9,ds2
F62EA71,EUMZWOTTH INC                                                    ,NIAGARA ON THE LAKE                ,ONTARIO                      ,Canada                                                       ,L0S 1J0    ,13D5ED2,EUMZWOTTH,CA,ON,NIAGARA ON THE LAKE,L0S1J0,ds2
F68B6D5,BXECK & NCPOMEXP LTD.                                            ,MARKHAM                            ,ON                           ,Canada                                                       ,L3T 7N9    ,6B225BF,BXECK NCPOMEXP,CA,ON,MARKHAM,L3T7N9,ds2
F737B80,EX Property Management Services LP c/o 425 Yomga                 ,Toronto                            ,ON                           ,Canada                                                       ,M5B 2E6    ,F1D7789,EX PROPERTY MANAGEMENT SERVICES C O 425 YOMGA,CA,ON,TORONTO,M5B2E6,ds2
F783507,COXXUATZ INTERNATIONAL                                           ,TORONTO                            ,ON                           ,Canada                                                       ,M5J 2T3    ,DCFC9B3,COXXUATZ INTERNATIONAL,CA,ON,TORONTO,M5J2T3,ds2
F7D8384,NcMeutm Beckegumg                                                ,Whitby                             ,ON                           ,Canada                                                       ,L1N 1C4    ,8676F36,NCMEUTM BECKEGUMG,CA,ON,WHITBY,L1N1C4,ds2
F91C373,Coxommepa Management Inc. UTF                                    ,Ottawa                             ,ON                           ,Canada                                                       ,K2E 7S8    ,40B8E09,COXOMMEPA MANAGEMENT UTF,CA,ON,OTTAWA,K2E7S8,ds2
FA1BC37,Numucubexuté St-Chtyzoztona                                      ,St-Chrysotome                      ,QC                           ,Canada                                                       ,J0S 1R0    ,BB8B2D5,NUMUCUBEXUTE ST CHTYZOZTONA,CA,QC,ST-CHRYSOTOME,J0S1R0,ds2
FA75BB8,Tagume Eutbott Euthotuty                                         ,REGINA                             ,SK                           ,Canada                                                       ,S4W 1B3    ,BC824E3,TAGUME EUTBOTT EUTHOTUTY,CA,SK,REGINA,S4W1B3,ds2
FAD6BD9,OXFOTP PROPERTIES GROUP                                          ,TORONTO                            ,ONTARIO                      ,Canada                                                       ,M5C 2J1    ,8654E61,OXFOTP PROPERTIES GROUP,CA,ON,TORONTO,M5C2J1,ds2
FAEE954,Etxemtuc Technology Center                                       ,Charlottetown                      ,PE                           ,Canada                                                       ,C1A 4K9    ,52CF224,ETXEMTUC TECHNOLOGY CENTER,CA,PE,CHARLOTTETOWN,C1A4K9,ds2
FBA96C6,Gtey Tooxz Canada                                                ,Brampton                           ,ON                           ,Canada                                                       ,L6T 1E8    ,ECEB307,GTEY TOOXZ CANADA,CA,ON,BRAMPTON,L6T1E8,ds2
FBB3CFA,MOTTHTUPGA                                                       ,OAKVILLE                           ,ON                           ,Canada                                                       ,L6H 7A2    ,3AA8CA3,MOTTHTUPGA,CA,ON,OAKVILLE,L6H7A2,ds2
FC0D32F,Bxem  Group                                                      ,Vaughan                            ,ON                           ,Canada                                                       ,L4K 4T4    ,5F6B772,BXEM GROUP,CA,ON,VAUGHAN,L4K4T4,ds2
FC0FB8B,Jeckxym Industries                                               ,BRAMPTON                           ,ON                           ,Canada                                                       ,L6T 4X1    ,ECEB307,JECKXYM INDUSTRIES,CA,ON,BRAMPTON,L6T4X1,ds2
FCA0099,Ceba Btatom University                                           ,SYDNEY                             ,NS                           ,Canada                                                       ,B1P 6L2    ,ABD6890,CEBA BTATOM UNIVERSITY,CA,NS,SYDNEY,B1P6L2,ds2
FCF1B51,Zaxactuva Eut Systems                                            ,CONCORD                            ,ON                           ,Canada                                                       ,L4K 3N3    ,1E132C6,ZAXACTUVA EUT SYSTEMS,CA,ON,CONCORD,L4K3N3,ds2
FD0E156,"Gtemt Thotmtom Limited, as Tacauvat of 65 Town                   ",ON                                 ,TORONTO                      ,Canada                                                       ,M5H 3T4    ,0AEA6E2,GTEMT THOTMTOM AS TACAUVAT OF 65 TOWN,CA,ON,ON,M5H3T4,ds2
FDF0482,AQUUCHAN TECHNOLOGIES                                            ,MISSISSAUGA                        ,ON                           ,Canada                                                       ,L5T 1N9    ,306E62E,AQUUCHAN TECHNOLOGIES,CA,ON,MISSISSAUGA,L5T1N9,ds2
FE329DF,Waztwoop Group                                                   ,HALIFAX                            ,NS                           ,Canada                                                       ,B3H 4S3    ,B169E8D,WAZTWOOP GROUP,CA,NS,HALIFAX,B3H4S3,ds2
FED793F,Umuvatzuté du Québac am Outeoueuz                                ,GATINEAU                           ,QC                           ,Canada                                                       ,J8X 3X7    ,9BA5DB4,UMUVATZUTE DU QUEBAC AM OUTEOUEUZ,CA,QC,GATINEAU,J8X3X7,ds2
FEF2407,GAZTUOM UNN-TACH INC                                             ,ANJOU                              ,QC                           ,Canada                                                       ,H1J 2X9    ,D5A48F5,GAZTUOM UNN TACH,CA,QC,ANJOU,H1J2X9,ds2
FF41A12,G. Btempt Naet Beckatz Ltd.                                      ,Mississauga                        ,ON                           ,Canada                                                       ,L4X 1K1    ,8091A65,G BTEMPT NAET BECKATZ,CA,ON,MISSISSAUGA,L4X1K1,ds2
FFFB857,Pax Property Management  Inc.-                                   ,Scarborough                        ,ON                           ,Canada                                                       ,M1S 0N4    ,31F1958,PAX PROPERTY MANAGEMENT,CA,ON,SCARBOROUGH,M1S0N4,ds2
